run,island,frame,N,captures,escapes
candDIR_L9_64,0,1,1,0,0
candDIR_L9_64,0,2,2,1,0
candDIR_L9_64,0,3,2,0,0
candDIR_L9_64,0,4,2,0,0
candDIR_L9_64,0,5,2,0,0
candDIR_L9_64,0,6,2,0,0
candDIR_L9_64,0,7,2,0,0
candDIR_L9_64,0,8,2,0,0
candDIR_L9_64,0,9,2,0,0
candDIR_L9_64,0,10,2,0,0
candDIR_L9_64,0,11,2,0,0
candDIR_L9_64,0,12,2,0,0
candDIR_L9_64,0,13,2,0,0
candDIR_L9_64,0,14,2,0,0
candDIR_L9_64,0,15,2,0,0
candDIR_L9_64,0,16,2,0,0
candDIR_L9_64,0,17,2,0,0
candDIR_L9_64,0,18,2,0,0
candDIR_L9_64,0,19,2,0,0
candDIR_L9_64,0,20,2,0,0
candDIR_L9_64,0,21,2,0,0
candDIR_L9_64,0,22,2,0,0
candDIR_L9_64,0,23,2,0,0
candDIR_L9_64,0,24,2,0,0
candDIR_L9_64,0,25,2,0,0
candDIR_L9_64,0,26,2,0,0
candDIR_L9_64,0,27,2,0,0
candDIR_L9_64,0,28,2,0,0
candDIR_L9_64,0,29,2,0,0
candDIR_L9_64,0,30,2,0,0
candDIR_L9_64,0,31,2,0,0
candDIR_L9_64,0,32,2,0,0
candDIR_L9_64,0,33,2,0,0
candDIR_L9_64,0,34,2,0,0
candDIR_L9_64,0,35,2,0,0
candDIR_L9_64,0,36,2,0,0
candDIR_L9_64,0,37,2,0,0
candDIR_L9_64,0,38,2,0,0
candDIR_L9_64,0,39,2,0,0
candDIR_L9_64,0,40,2,0,0
candDIR_L9_64,0,41,2,0,0
candDIR_L9_64,0,42,2,0,0
candDIR_L9_64,0,43,2,0,0
candDIR_L9_64,0,44,2,0,0
candDIR_L9_64,0,45,2,0,0
candDIR_L9_64,0,46,2,0,0
candDIR_L9_64,0,47,2,0,0
candDIR_L9_64,0,48,2,0,0
candDIR_L9_64,0,49,2,0,0
candDIR_L9_64,0,50,2,0,0
candDIR_L9_64,0,51,2,0,0
candDIR_L9_64,0,52,2,0,0
candDIR_L9_64,0,53,2,0,0
candDIR_L9_64,0,54,2,0,0
candDIR_L9_64,0,55,2,0,0
candDIR_L9_64,0,56,2,0,0
candDIR_L9_64,0,57,2,0,0
candDIR_L9_64,0,58,2,0,0
candDIR_L9_64,0,59,2,0,0
candDIR_L9_64,0,60,2,0,0
candDIR_L9_64,0,61,2,0,0
candDIR_L9_64,0,62,2,0,0
candDIR_L9_64,0,63,2,0,0
candDIR_L9_64,0,64,2,0,0
candDIR_L9_64,1,1,1,0,0
candDIR_L9_64,1,2,2,1,0
candDIR_L9_64,1,3,2,0,0
candDIR_L9_64,1,4,2,0,0
candDIR_L9_64,1,5,2,0,0
candDIR_L9_64,1,6,2,0,0
candDIR_L9_64,1,7,2,0,0
candDIR_L9_64,1,8,2,0,0
candDIR_L9_64,1,9,3,1,0
candDIR_L9_64,1,10,3,0,0
candDIR_L9_64,1,11,3,0,0
candDIR_L9_64,1,12,3,0,0
candDIR_L9_64,1,13,2,0,1
candDIR_L9_64,1,14,2,0,0
candDIR_L9_64,1,15,2,0,0
candDIR_L9_64,1,16,2,0,0
candDIR_L9_64,1,17,2,0,0
candDIR_L9_64,1,18,2,0,0
candDIR_L9_64,1,19,2,0,0
candDIR_L9_64,1,20,2,0,0
candDIR_L9_64,1,21,2,0,0
candDIR_L9_64,1,22,2,0,0
candDIR_L9_64,1,23,2,0,0
candDIR_L9_64,1,24,2,0,0
candDIR_L9_64,1,25,2,0,0
candDIR_L9_64,1,26,2,0,0
candDIR_L9_64,1,27,3,1,0
candDIR_L9_64,1,28,2,0,1
candDIR_L9_64,1,29,2,0,0
candDIR_L9_64,1,30,2,0,0
candDIR_L9_64,1,31,2,0,0
candDIR_L9_64,1,32,2,0,0
candDIR_L9_64,1,33,2,0,0
candDIR_L9_64,1,34,2,0,0
candDIR_L9_64,1,35,2,0,0
candDIR_L9_64,1,36,2,0,0
candDIR_L9_64,1,37,2,0,0
candDIR_L9_64,1,38,2,0,0
candDIR_L9_64,1,39,2,0,0
candDIR_L9_64,1,40,2,0,0
candDIR_L9_64,1,41,2,0,0
candDIR_L9_64,1,42,2,0,0
candDIR_L9_64,1,43,2,0,0
candDIR_L9_64,1,44,2,0,0
candDIR_L9_64,1,45,2,0,0
candDIR_L9_64,1,46,2,0,0
candDIR_L9_64,1,47,2,0,0
candDIR_L9_64,1,48,2,0,0
candDIR_L9_64,1,49,2,0,0
candDIR_L9_64,1,50,2,0,0
candDIR_L9_64,1,51,2,0,0
candDIR_L9_64,1,52,2,0,0
candDIR_L9_64,1,53,2,0,0
candDIR_L9_64,1,54,2,0,0
candDIR_L9_64,1,55,2,0,0
candDIR_L9_64,1,56,2,0,0
candDIR_L9_64,1,57,2,0,0
candDIR_L9_64,1,58,2,0,0
candDIR_L9_64,1,59,2,0,0
candDIR_L9_64,1,60,2,0,0
candDIR_L9_64,1,61,2,0,0
candDIR_L9_64,1,62,2,0,0
candDIR_L9_64,1,63,2,0,0
candDIR_L9_64,1,64,2,0,0
candDIR_L9_64,2,1,1,0,0
candDIR_L9_64,2,2,2,1,0
candDIR_L9_64,2,3,2,0,0
candDIR_L9_64,2,4,2,0,0
candDIR_L9_64,2,5,2,0,0
candDIR_L9_64,2,6,2,0,0
candDIR_L9_64,2,7,2,0,0
candDIR_L9_64,2,8,2,0,0
candDIR_L9_64,2,9,2,0,0
candDIR_L9_64,2,10,2,0,0
candDIR_L9_64,2,11,3,1,0
candDIR_L9_64,2,12,3,0,0
candDIR_L9_64,2,13,2,0,1
candDIR_L9_64,2,14,2,0,0
candDIR_L9_64,2,15,2,0,0
candDIR_L9_64,2,16,2,0,0
candDIR_L9_64,2,17,2,0,0
candDIR_L9_64,2,18,2,0,0
candDIR_L9_64,2,19,2,0,0
candDIR_L9_64,2,20,2,0,0
candDIR_L9_64,2,21,2,0,0
candDIR_L9_64,2,22,2,0,0
candDIR_L9_64,2,23,2,0,0
candDIR_L9_64,2,24,2,0,0
candDIR_L9_64,2,25,2,0,0
candDIR_L9_64,2,26,2,0,0
candDIR_L9_64,2,27,1,0,1
candDIR_L9_64,2,28,2,1,0
candDIR_L9_64,2,29,2,0,0
candDIR_L9_64,2,30,2,0,0
candDIR_L9_64,2,31,2,0,0
candDIR_L9_64,2,32,2,0,0
candDIR_L9_64,2,33,2,0,0
candDIR_L9_64,2,34,2,0,0
candDIR_L9_64,2,35,2,0,0
candDIR_L9_64,2,36,2,0,0
candDIR_L9_64,2,37,2,0,0
candDIR_L9_64,2,38,2,0,0
candDIR_L9_64,2,39,2,0,0
candDIR_L9_64,2,40,2,0,0
candDIR_L9_64,2,41,2,0,0
candDIR_L9_64,2,42,2,0,0
candDIR_L9_64,2,43,2,0,0
candDIR_L9_64,2,44,2,0,0
candDIR_L9_64,2,45,2,0,0
candDIR_L9_64,2,46,2,0,0
candDIR_L9_64,2,47,2,0,0
candDIR_L9_64,2,48,2,0,0
candDIR_L9_64,2,49,2,0,0
candDIR_L9_64,2,50,2,0,0
candDIR_L9_64,2,51,2,0,0
candDIR_L9_64,2,52,2,0,0
candDIR_L9_64,2,53,2,0,0
candDIR_L9_64,2,54,3,1,0
candDIR_L9_64,2,55,3,0,0
candDIR_L9_64,2,56,3,0,0
candDIR_L9_64,2,57,2,0,1
candDIR_L9_64,2,58,2,0,0
candDIR_L9_64,2,59,2,0,0
candDIR_L9_64,2,60,2,0,0
candDIR_L9_64,2,61,2,0,0
candDIR_L9_64,2,62,2,0,0
candDIR_L9_64,2,63,2,0,0
candDIR_L9_64,2,64,2,0,0
candDIR_L9_64,3,1,1,0,0
candDIR_L9_64,3,2,2,1,0
candDIR_L9_64,3,3,2,0,0
candDIR_L9_64,3,4,2,0,0
candDIR_L9_64,3,5,2,0,0
candDIR_L9_64,3,6,2,0,0
candDIR_L9_64,3,7,2,0,0
candDIR_L9_64,3,8,2,0,0
candDIR_L9_64,3,9,2,0,0
candDIR_L9_64,3,10,3,1,0
candDIR_L9_64,3,11,3,1,1
candDIR_L9_64,3,12,4,1,0
candDIR_L9_64,3,13,2,0,2
candDIR_L9_64,3,14,2,0,0
candDIR_L9_64,3,15,2,0,0
candDIR_L9_64,3,16,3,1,0
candDIR_L9_64,3,17,2,0,1
candDIR_L9_64,3,18,3,1,0
candDIR_L9_64,3,19,4,1,0
candDIR_L9_64,3,20,2,0,2
candDIR_L9_64,3,21,2,0,0
candDIR_L9_64,3,22,2,0,0
candDIR_L9_64,3,23,3,1,0
candDIR_L9_64,3,24,2,0,1
candDIR_L9_64,3,25,2,0,0
candDIR_L9_64,3,26,3,1,0
candDIR_L9_64,3,27,3,0,0
candDIR_L9_64,3,28,2,0,1
candDIR_L9_64,3,29,2,0,0
candDIR_L9_64,3,30,2,0,0
candDIR_L9_64,3,31,2,0,0
candDIR_L9_64,3,32,2,0,0
candDIR_L9_64,3,33,3,1,0
candDIR_L9_64,3,34,4,1,0
candDIR_L9_64,3,35,3,1,2
candDIR_L9_64,3,36,2,0,1
candDIR_L9_64,3,37,2,0,0
candDIR_L9_64,3,38,2,0,0
candDIR_L9_64,3,39,2,0,0
candDIR_L9_64,3,40,2,0,0
candDIR_L9_64,3,41,3,1,0
candDIR_L9_64,3,42,2,0,1
candDIR_L9_64,3,43,2,0,0
candDIR_L9_64,3,44,2,0,0
candDIR_L9_64,3,45,3,1,0
candDIR_L9_64,3,46,3,0,0
candDIR_L9_64,3,47,4,1,0
candDIR_L9_64,3,48,2,0,2
candDIR_L9_64,3,49,3,1,0
candDIR_L9_64,3,50,3,1,1
candDIR_L9_64,3,51,3,0,0
candDIR_L9_64,3,52,3,0,0
candDIR_L9_64,3,53,2,0,1
candDIR_L9_64,3,54,2,0,0
candDIR_L9_64,3,55,2,0,0
candDIR_L9_64,3,56,2,0,0
candDIR_L9_64,3,57,2,0,0
candDIR_L9_64,3,58,2,0,0
candDIR_L9_64,3,59,2,0,0
candDIR_L9_64,3,60,2,0,0
candDIR_L9_64,3,61,2,0,0
candDIR_L9_64,3,62,2,0,0
candDIR_L9_64,3,63,2,0,0
candDIR_L9_64,3,64,2,0,0
candDIR_L9_64,4,1,1,0,0
candDIR_L9_64,4,2,2,1,0
candDIR_L9_64,4,3,2,0,0
candDIR_L9_64,4,4,2,0,0
candDIR_L9_64,4,5,2,0,0
candDIR_L9_64,4,6,2,0,0
candDIR_L9_64,4,7,2,0,0
candDIR_L9_64,4,8,2,0,0
candDIR_L9_64,4,9,2,0,0
candDIR_L9_64,4,10,1,0,1
candDIR_L9_64,4,11,2,1,0
candDIR_L9_64,4,12,1,0,1
candDIR_L9_64,4,13,2,1,0
candDIR_L9_64,4,14,2,0,0
candDIR_L9_64,4,15,2,0,0
candDIR_L9_64,4,16,1,0,1
candDIR_L9_64,4,17,2,1,0
candDIR_L9_64,4,18,2,0,0
candDIR_L9_64,4,19,2,0,0
candDIR_L9_64,4,20,2,0,0
candDIR_L9_64,4,21,2,0,0
candDIR_L9_64,4,22,2,0,0
candDIR_L9_64,4,23,1,0,1
candDIR_L9_64,4,24,2,1,0
candDIR_L9_64,4,25,2,0,0
candDIR_L9_64,4,26,2,0,0
candDIR_L9_64,4,27,2,0,0
candDIR_L9_64,4,28,2,0,0
candDIR_L9_64,4,29,2,0,0
candDIR_L9_64,4,30,2,0,0
candDIR_L9_64,4,31,2,0,0
candDIR_L9_64,4,32,2,0,0
candDIR_L9_64,4,33,2,0,0
candDIR_L9_64,4,34,2,0,0
candDIR_L9_64,4,35,2,0,0
candDIR_L9_64,4,36,2,0,0
candDIR_L9_64,4,37,3,1,0
candDIR_L9_64,4,38,3,0,0
candDIR_L9_64,4,39,2,0,1
candDIR_L9_64,4,40,2,0,0
candDIR_L9_64,4,41,1,0,1
candDIR_L9_64,4,42,2,1,0
candDIR_L9_64,4,43,2,0,0
candDIR_L9_64,4,44,2,0,0
candDIR_L9_64,4,45,1,0,1
candDIR_L9_64,4,46,1,0,0
candDIR_L9_64,4,47,1,0,0
candDIR_L9_64,4,48,2,1,0
candDIR_L9_64,4,49,1,0,1
candDIR_L9_64,4,50,2,1,0
candDIR_L9_64,4,51,2,0,0
candDIR_L9_64,4,52,2,0,0
candDIR_L9_64,4,53,3,1,0
candDIR_L9_64,4,54,2,0,1
candDIR_L9_64,4,55,2,0,0
candDIR_L9_64,4,56,2,0,0
candDIR_L9_64,4,57,2,0,0
candDIR_L9_64,4,58,2,0,0
candDIR_L9_64,4,59,2,0,0
candDIR_L9_64,4,60,2,0,0
candDIR_L9_64,4,61,2,0,0
candDIR_L9_64,4,62,2,0,0
candDIR_L9_64,4,63,2,0,0
candDIR_L9_64,4,64,2,0,0
candDIR_L9_64,5,1,1,0,0
candDIR_L9_64,5,2,2,1,0
candDIR_L9_64,5,3,2,0,0
candDIR_L9_64,5,4,2,0,0
candDIR_L9_64,5,5,2,0,0
candDIR_L9_64,5,6,2,0,0
candDIR_L9_64,5,7,2,0,0
candDIR_L9_64,5,8,2,0,0
candDIR_L9_64,5,9,2,0,0
candDIR_L9_64,5,10,2,0,0
candDIR_L9_64,5,11,1,0,1
candDIR_L9_64,5,12,1,0,0
candDIR_L9_64,5,13,2,1,0
candDIR_L9_64,5,14,2,0,0
candDIR_L9_64,5,15,2,0,0
candDIR_L9_64,5,16,1,0,1
candDIR_L9_64,5,17,2,1,0
candDIR_L9_64,5,18,2,0,0
candDIR_L9_64,5,19,2,0,0
candDIR_L9_64,5,20,2,0,0
candDIR_L9_64,5,21,2,0,0
candDIR_L9_64,5,22,2,0,0
candDIR_L9_64,5,23,1,0,1
candDIR_L9_64,5,24,2,1,0
candDIR_L9_64,5,25,2,0,0
candDIR_L9_64,5,26,2,0,0
candDIR_L9_64,5,27,2,0,0
candDIR_L9_64,5,28,2,0,0
candDIR_L9_64,5,29,2,0,0
candDIR_L9_64,5,30,2,0,0
candDIR_L9_64,5,31,2,0,0
candDIR_L9_64,5,32,2,0,0
candDIR_L9_64,5,33,2,0,0
candDIR_L9_64,5,34,2,0,0
candDIR_L9_64,5,35,1,0,1
candDIR_L9_64,5,36,3,2,0
candDIR_L9_64,5,37,1,0,2
candDIR_L9_64,5,38,1,0,0
candDIR_L9_64,5,39,2,1,0
candDIR_L9_64,5,40,2,0,0
candDIR_L9_64,5,41,2,0,0
candDIR_L9_64,5,42,2,0,0
candDIR_L9_64,5,43,2,0,0
candDIR_L9_64,5,44,2,0,0
candDIR_L9_64,5,45,2,0,0
candDIR_L9_64,5,46,2,0,0
candDIR_L9_64,5,47,2,0,0
candDIR_L9_64,5,48,2,0,0
candDIR_L9_64,5,49,2,0,0
candDIR_L9_64,5,50,1,0,1
candDIR_L9_64,5,51,1,0,0
candDIR_L9_64,5,52,1,0,0
candDIR_L9_64,5,53,2,1,0
candDIR_L9_64,5,54,2,0,0
candDIR_L9_64,5,55,2,0,0
candDIR_L9_64,5,56,2,0,0
candDIR_L9_64,5,57,2,0,0
candDIR_L9_64,5,58,2,0,0
candDIR_L9_64,5,59,2,0,0
candDIR_L9_64,5,60,2,0,0
candDIR_L9_64,5,61,2,0,0
candDIR_L9_64,5,62,2,0,0
candDIR_L9_64,5,63,3,1,0
candDIR_L9_64,5,64,2,0,1
candDIR_L9_64,6,1,1,0,0
candDIR_L9_64,6,2,2,1,0
candDIR_L9_64,6,3,2,0,0
candDIR_L9_64,6,4,2,0,0
candDIR_L9_64,6,5,2,0,0
candDIR_L9_64,6,6,2,0,0
candDIR_L9_64,6,7,2,0,0
candDIR_L9_64,6,8,2,0,0
candDIR_L9_64,6,9,2,0,0
candDIR_L9_64,6,10,3,1,0
candDIR_L9_64,6,11,3,0,0
candDIR_L9_64,6,12,3,0,0
candDIR_L9_64,6,13,2,0,1
candDIR_L9_64,6,14,2,0,0
candDIR_L9_64,6,15,2,0,0
candDIR_L9_64,6,16,3,1,0
candDIR_L9_64,6,17,2,0,1
candDIR_L9_64,6,18,4,2,0
candDIR_L9_64,6,19,4,0,0
candDIR_L9_64,6,20,3,1,2
candDIR_L9_64,6,21,2,0,1
candDIR_L9_64,6,22,2,0,0
candDIR_L9_64,6,23,3,1,0
candDIR_L9_64,6,24,2,0,1
candDIR_L9_64,6,25,2,0,0
candDIR_L9_64,6,26,2,0,0
candDIR_L9_64,6,27,3,1,0
candDIR_L9_64,6,28,2,0,1
candDIR_L9_64,6,29,2,0,0
candDIR_L9_64,6,30,2,0,0
candDIR_L9_64,6,31,2,0,0
candDIR_L9_64,6,32,2,0,0
candDIR_L9_64,6,33,2,0,0
candDIR_L9_64,6,34,3,1,0
candDIR_L9_64,6,35,3,0,0
candDIR_L9_64,6,36,2,0,1
candDIR_L9_64,6,37,2,0,0
candDIR_L9_64,6,38,3,1,0
candDIR_L9_64,6,39,3,0,0
candDIR_L9_64,6,40,2,0,1
candDIR_L9_64,6,41,3,1,0
candDIR_L9_64,6,42,3,1,1
candDIR_L9_64,6,43,2,0,1
candDIR_L9_64,6,44,2,0,0
candDIR_L9_64,6,45,3,1,0
candDIR_L9_64,6,46,3,0,0
candDIR_L9_64,6,47,2,0,1
candDIR_L9_64,6,48,2,0,0
candDIR_L9_64,6,49,3,1,0
candDIR_L9_64,6,50,2,0,1
candDIR_L9_64,6,51,2,0,0
candDIR_L9_64,6,52,2,0,0
candDIR_L9_64,6,53,2,0,0
candDIR_L9_64,6,54,3,1,0
candDIR_L9_64,6,55,2,0,1
candDIR_L9_64,6,56,3,1,0
candDIR_L9_64,6,57,2,0,1
candDIR_L9_64,6,58,2,0,0
candDIR_L9_64,6,59,2,0,0
candDIR_L9_64,6,60,2,0,0
candDIR_L9_64,6,61,2,0,0
candDIR_L9_64,6,62,2,0,0
candDIR_L9_64,6,63,2,0,0
candDIR_L9_64,6,64,2,0,0
candDIR_L9_64,7,1,1,0,0
candDIR_L9_64,7,2,2,1,0
candDIR_L9_64,7,3,2,0,0
candDIR_L9_64,7,4,2,0,0
candDIR_L9_64,7,5,2,0,0
candDIR_L9_64,7,6,2,0,0
candDIR_L9_64,7,7,2,0,0
candDIR_L9_64,7,8,2,0,0
candDIR_L9_64,7,9,2,0,0
candDIR_L9_64,7,10,1,0,1
candDIR_L9_64,7,11,1,0,0
candDIR_L9_64,7,12,1,0,0
candDIR_L9_64,7,13,2,1,0
candDIR_L9_64,7,14,2,0,0
candDIR_L9_64,7,15,2,0,0
candDIR_L9_64,7,16,1,0,1
candDIR_L9_64,7,17,2,1,0
candDIR_L9_64,7,18,2,0,0
candDIR_L9_64,7,19,2,0,0
candDIR_L9_64,7,20,2,0,0
candDIR_L9_64,7,21,2,0,0
candDIR_L9_64,7,22,2,0,0
candDIR_L9_64,7,23,1,0,1
candDIR_L9_64,7,24,2,1,0
candDIR_L9_64,7,25,2,0,0
candDIR_L9_64,7,26,2,0,0
candDIR_L9_64,7,27,1,0,1
candDIR_L9_64,7,28,3,2,0
candDIR_L9_64,7,29,2,0,1
candDIR_L9_64,7,30,2,0,0
candDIR_L9_64,7,31,2,0,0
candDIR_L9_64,7,32,2,0,0
candDIR_L9_64,7,33,2,0,0
candDIR_L9_64,7,34,2,0,0
candDIR_L9_64,7,35,2,0,0
candDIR_L9_64,7,36,2,0,0
candDIR_L9_64,7,37,3,1,0
candDIR_L9_64,7,38,3,0,0
candDIR_L9_64,7,39,2,0,1
candDIR_L9_64,7,40,2,0,0
candDIR_L9_64,7,41,1,0,1
candDIR_L9_64,7,42,2,1,0
candDIR_L9_64,7,43,2,0,0
candDIR_L9_64,7,44,2,0,0
candDIR_L9_64,7,45,1,0,1
candDIR_L9_64,7,46,1,0,0
candDIR_L9_64,7,47,2,1,0
candDIR_L9_64,7,48,3,1,0
candDIR_L9_64,7,49,1,0,2
candDIR_L9_64,7,50,3,2,0
candDIR_L9_64,7,51,2,0,1
candDIR_L9_64,7,52,3,1,0
candDIR_L9_64,7,53,3,0,0
candDIR_L9_64,7,54,1,0,2
candDIR_L9_64,7,55,3,2,0
candDIR_L9_64,7,56,1,0,2
candDIR_L9_64,7,57,2,1,0
candDIR_L9_64,7,58,2,0,0
candDIR_L9_64,7,59,2,0,0
candDIR_L9_64,7,60,2,0,0
candDIR_L9_64,7,61,2,0,0
candDIR_L9_64,7,62,2,0,0
candDIR_L9_64,7,63,2,0,0
candDIR_L9_64,7,64,2,0,0
candDIR_L9_64,8,1,1,0,0
candDIR_L9_64,8,2,2,1,0
candDIR_L9_64,8,3,2,0,0
candDIR_L9_64,8,4,2,0,0
candDIR_L9_64,8,5,2,0,0
candDIR_L9_64,8,6,2,0,0
candDIR_L9_64,8,7,2,0,0
candDIR_L9_64,8,8,2,0,0
candDIR_L9_64,8,9,3,1,0
candDIR_L9_64,8,10,1,0,2
candDIR_L9_64,8,11,2,1,0
candDIR_L9_64,8,12,2,0,0
candDIR_L9_64,8,13,4,2,0
candDIR_L9_64,8,14,3,0,1
candDIR_L9_64,8,15,3,0,0
candDIR_L9_64,8,16,2,0,1
candDIR_L9_64,8,17,2,0,0
candDIR_L9_64,8,18,2,0,0
candDIR_L9_64,8,19,2,0,0
candDIR_L9_64,8,20,1,0,1
candDIR_L9_64,8,21,3,2,0
candDIR_L9_64,8,22,3,0,0
candDIR_L9_64,8,23,1,0,2
candDIR_L9_64,8,24,2,1,0
candDIR_L9_64,8,25,2,0,0
candDIR_L9_64,8,26,2,0,0
candDIR_L9_64,8,27,1,0,1
candDIR_L9_64,8,28,1,0,0
candDIR_L9_64,8,29,2,1,0
candDIR_L9_64,8,30,3,1,0
candDIR_L9_64,8,31,2,0,1
candDIR_L9_64,8,32,2,0,0
candDIR_L9_64,8,33,2,0,0
candDIR_L9_64,8,34,2,0,0
candDIR_L9_64,8,35,2,0,0
candDIR_L9_64,8,36,2,0,0
candDIR_L9_64,8,37,1,0,1
candDIR_L9_64,8,38,1,0,0
candDIR_L9_64,8,39,2,1,0
candDIR_L9_64,8,40,2,0,0
candDIR_L9_64,8,41,2,0,0
candDIR_L9_64,8,42,1,0,1
candDIR_L9_64,8,43,2,1,0
candDIR_L9_64,8,44,2,0,0
candDIR_L9_64,8,45,2,0,0
candDIR_L9_64,8,46,2,0,0
candDIR_L9_64,8,47,2,0,0
candDIR_L9_64,8,48,1,0,1
candDIR_L9_64,8,49,1,0,0
candDIR_L9_64,8,50,1,0,0
candDIR_L9_64,8,51,2,1,0
candDIR_L9_64,8,52,1,0,1
candDIR_L9_64,8,53,1,0,0
candDIR_L9_64,8,54,1,0,0
candDIR_L9_64,8,55,1,0,0
candDIR_L9_64,8,56,1,0,0
candDIR_L9_64,8,57,2,1,0
candDIR_L9_64,8,58,2,0,0
candDIR_L9_64,8,59,2,0,0
candDIR_L9_64,8,60,2,0,0
candDIR_L9_64,8,61,2,0,0
candDIR_L9_64,8,62,2,0,0
candDIR_L9_64,8,63,2,0,0
candDIR_L9_64,8,64,2,0,0
candDIR_L9_64,9,1,1,0,0
candDIR_L9_64,9,2,2,1,0
candDIR_L9_64,9,3,2,0,0
candDIR_L9_64,9,4,2,0,0
candDIR_L9_64,9,5,2,0,0
candDIR_L9_64,9,6,2,0,0
candDIR_L9_64,9,7,2,0,0
candDIR_L9_64,9,8,2,0,0
candDIR_L9_64,9,9,2,0,0
candDIR_L9_64,9,10,3,1,0
candDIR_L9_64,9,11,3,0,0
candDIR_L9_64,9,12,3,0,0
candDIR_L9_64,9,13,2,0,1
candDIR_L9_64,9,14,2,0,0
candDIR_L9_64,9,15,2,0,0
candDIR_L9_64,9,16,3,1,0
candDIR_L9_64,9,17,2,0,1
candDIR_L9_64,9,18,3,1,0
candDIR_L9_64,9,19,3,0,0
candDIR_L9_64,9,20,3,1,1
candDIR_L9_64,9,21,3,1,1
candDIR_L9_64,9,22,2,0,1
candDIR_L9_64,9,23,2,0,0
candDIR_L9_64,9,24,2,0,0
candDIR_L9_64,9,25,2,0,0
candDIR_L9_64,9,26,2,0,0
candDIR_L9_64,9,27,2,0,0
candDIR_L9_64,9,28,2,0,0
candDIR_L9_64,9,29,2,0,0
candDIR_L9_64,9,30,2,0,0
candDIR_L9_64,9,31,2,0,0
candDIR_L9_64,9,32,2,0,0
candDIR_L9_64,9,33,3,1,0
candDIR_L9_64,9,34,3,1,1
candDIR_L9_64,9,35,3,0,0
candDIR_L9_64,9,36,2,0,1
candDIR_L9_64,9,37,2,0,0
candDIR_L9_64,9,38,2,0,0
candDIR_L9_64,9,39,2,0,0
candDIR_L9_64,9,40,2,0,0
candDIR_L9_64,9,41,2,0,0
candDIR_L9_64,9,42,2,0,0
candDIR_L9_64,9,43,2,0,0
candDIR_L9_64,9,44,2,0,0
candDIR_L9_64,9,45,3,1,0
candDIR_L9_64,9,46,3,0,0
candDIR_L9_64,9,47,4,1,0
candDIR_L9_64,9,48,2,0,2
candDIR_L9_64,9,49,3,1,0
candDIR_L9_64,9,50,2,0,1
candDIR_L9_64,9,51,2,0,0
candDIR_L9_64,9,52,3,1,0
candDIR_L9_64,9,53,3,0,0
candDIR_L9_64,9,54,2,0,1
candDIR_L9_64,9,55,2,0,0
candDIR_L9_64,9,56,3,1,0
candDIR_L9_64,9,57,2,0,1
candDIR_L9_64,9,58,2,0,0
candDIR_L9_64,9,59,2,0,0
candDIR_L9_64,9,60,2,0,0
candDIR_L9_64,9,61,2,0,0
candDIR_L9_64,9,62,2,0,0
candDIR_L9_64,9,63,2,0,0
candDIR_L9_64,9,64,3,1,0
candDIR_L9_64,10,1,1,0,0
candDIR_L9_64,10,2,2,1,0
candDIR_L9_64,10,3,2,0,0
candDIR_L9_64,10,4,2,0,0
candDIR_L9_64,10,5,2,0,0
candDIR_L9_64,10,6,2,0,0
candDIR_L9_64,10,7,2,0,0
candDIR_L9_64,10,8,2,0,0
candDIR_L9_64,10,9,2,0,0
candDIR_L9_64,10,10,1,0,1
candDIR_L9_64,10,11,1,0,0
candDIR_L9_64,10,12,1,0,0
candDIR_L9_64,10,13,2,1,0
candDIR_L9_64,10,14,2,0,0
candDIR_L9_64,10,15,2,0,0
candDIR_L9_64,10,16,1,0,1
candDIR_L9_64,10,17,2,1,0
candDIR_L9_64,10,18,2,0,0
candDIR_L9_64,10,19,2,0,0
candDIR_L9_64,10,20,1,0,1
candDIR_L9_64,10,21,2,1,0
candDIR_L9_64,10,22,2,0,0
candDIR_L9_64,10,23,3,1,0
candDIR_L9_64,10,24,2,0,1
candDIR_L9_64,10,25,2,0,0
candDIR_L9_64,10,26,2,0,0
candDIR_L9_64,10,27,2,0,0
candDIR_L9_64,10,28,2,0,0
candDIR_L9_64,10,29,2,0,0
candDIR_L9_64,10,30,2,0,0
candDIR_L9_64,10,31,3,1,0
candDIR_L9_64,10,32,2,0,1
candDIR_L9_64,10,33,1,0,1
candDIR_L9_64,10,34,2,1,0
candDIR_L9_64,10,35,2,0,0
candDIR_L9_64,10,36,2,0,0
candDIR_L9_64,10,37,3,1,0
candDIR_L9_64,10,38,3,0,0
candDIR_L9_64,10,39,2,0,1
candDIR_L9_64,10,40,2,0,0
candDIR_L9_64,10,41,2,0,0
candDIR_L9_64,10,42,2,0,0
candDIR_L9_64,10,43,2,0,0
candDIR_L9_64,10,44,2,0,0
candDIR_L9_64,10,45,1,0,1
candDIR_L9_64,10,46,1,0,0
candDIR_L9_64,10,47,1,0,0
candDIR_L9_64,10,48,2,1,0
candDIR_L9_64,10,49,2,0,0
candDIR_L9_64,10,50,3,1,0
candDIR_L9_64,10,51,3,0,0
candDIR_L9_64,10,52,1,0,2
candDIR_L9_64,10,53,1,0,0
candDIR_L9_64,10,54,2,1,0
candDIR_L9_64,10,55,2,0,0
candDIR_L9_64,10,56,1,0,1
candDIR_L9_64,10,57,2,1,0
candDIR_L9_64,10,58,2,0,0
candDIR_L9_64,10,59,2,0,0
candDIR_L9_64,10,60,2,0,0
candDIR_L9_64,10,61,2,0,0
candDIR_L9_64,10,62,2,0,0
candDIR_L9_64,10,63,2,0,0
candDIR_L9_64,10,64,3,1,0
candDIR_L9_64,11,1,1,0,0
candDIR_L9_64,11,2,2,1,0
candDIR_L9_64,11,3,2,0,0
candDIR_L9_64,11,4,2,0,0
candDIR_L9_64,11,5,2,0,0
candDIR_L9_64,11,6,2,0,0
candDIR_L9_64,11,7,2,0,0
candDIR_L9_64,11,8,2,0,0
candDIR_L9_64,11,9,2,0,0
candDIR_L9_64,11,10,2,0,0
candDIR_L9_64,11,11,2,0,0
candDIR_L9_64,11,12,2,0,0
candDIR_L9_64,11,13,2,0,0
candDIR_L9_64,11,14,2,0,0
candDIR_L9_64,11,15,2,0,0
candDIR_L9_64,11,16,1,0,1
candDIR_L9_64,11,17,2,1,0
candDIR_L9_64,11,18,2,0,0
candDIR_L9_64,11,19,2,0,0
candDIR_L9_64,11,20,2,0,0
candDIR_L9_64,11,21,2,0,0
candDIR_L9_64,11,22,2,0,0
candDIR_L9_64,11,23,1,0,1
candDIR_L9_64,11,24,2,1,0
candDIR_L9_64,11,25,2,0,0
candDIR_L9_64,11,26,2,0,0
candDIR_L9_64,11,27,2,0,0
candDIR_L9_64,11,28,2,0,0
candDIR_L9_64,11,29,2,0,0
candDIR_L9_64,11,30,2,0,0
candDIR_L9_64,11,31,1,0,1
candDIR_L9_64,11,32,2,1,0
candDIR_L9_64,11,33,2,0,0
candDIR_L9_64,11,34,2,0,0
candDIR_L9_64,11,35,2,0,0
candDIR_L9_64,11,36,3,1,0
candDIR_L9_64,11,37,1,0,2
candDIR_L9_64,11,38,1,0,0
candDIR_L9_64,11,39,2,1,0
candDIR_L9_64,11,40,2,0,0
candDIR_L9_64,11,41,2,0,0
candDIR_L9_64,11,42,3,1,0
candDIR_L9_64,11,43,2,0,1
candDIR_L9_64,11,44,3,1,0
candDIR_L9_64,11,45,1,0,2
candDIR_L9_64,11,46,2,1,0
candDIR_L9_64,11,47,1,0,1
candDIR_L9_64,11,48,2,1,0
candDIR_L9_64,11,49,2,0,0
candDIR_L9_64,11,50,1,0,1
candDIR_L9_64,11,51,1,0,0
candDIR_L9_64,11,52,1,0,0
candDIR_L9_64,11,53,2,1,0
candDIR_L9_64,11,54,2,0,0
candDIR_L9_64,11,55,2,0,0
candDIR_L9_64,11,56,1,0,1
candDIR_L9_64,11,57,2,1,0
candDIR_L9_64,11,58,2,0,0
candDIR_L9_64,11,59,2,0,0
candDIR_L9_64,11,60,2,0,0
candDIR_L9_64,11,61,2,0,0
candDIR_L9_64,11,62,2,0,0
candDIR_L9_64,11,63,2,0,0
candDIR_L9_64,11,64,1,0,1
candDIR_L9_64,12,1,1,0,0
candDIR_L9_64,12,2,2,1,0
candDIR_L9_64,12,3,2,0,0
candDIR_L9_64,12,4,2,0,0
candDIR_L9_64,12,5,2,0,0
candDIR_L9_64,12,6,2,0,0
candDIR_L9_64,12,7,2,0,0
candDIR_L9_64,12,8,2,0,0
candDIR_L9_64,12,9,2,0,0
candDIR_L9_64,12,10,3,1,0
candDIR_L9_64,12,11,3,0,0
candDIR_L9_64,12,12,3,0,0
candDIR_L9_64,12,13,2,0,1
candDIR_L9_64,12,14,2,0,0
candDIR_L9_64,12,15,2,0,0
candDIR_L9_64,12,16,4,2,0
candDIR_L9_64,12,17,2,0,2
candDIR_L9_64,12,18,3,1,0
candDIR_L9_64,12,19,3,0,0
candDIR_L9_64,12,20,2,0,1
candDIR_L9_64,12,21,2,0,0
candDIR_L9_64,12,22,2,0,0
candDIR_L9_64,12,23,2,0,0
candDIR_L9_64,12,24,2,0,0
candDIR_L9_64,12,25,2,0,0
candDIR_L9_64,12,26,2,0,0
candDIR_L9_64,12,27,3,1,0
candDIR_L9_64,12,28,2,0,1
candDIR_L9_64,12,29,2,0,0
candDIR_L9_64,12,30,2,0,0
candDIR_L9_64,12,31,2,0,0
candDIR_L9_64,12,32,2,0,0
candDIR_L9_64,12,33,2,0,0
candDIR_L9_64,12,34,2,0,0
candDIR_L9_64,12,35,3,1,0
candDIR_L9_64,12,36,2,0,1
candDIR_L9_64,12,37,2,0,0
candDIR_L9_64,12,38,2,0,0
candDIR_L9_64,12,39,2,0,0
candDIR_L9_64,12,40,2,0,0
candDIR_L9_64,12,41,2,0,0
candDIR_L9_64,12,42,2,0,0
candDIR_L9_64,12,43,2,0,0
candDIR_L9_64,12,44,2,0,0
candDIR_L9_64,12,45,2,0,0
candDIR_L9_64,12,46,2,0,0
candDIR_L9_64,12,47,3,1,0
candDIR_L9_64,12,48,2,0,1
candDIR_L9_64,12,49,2,0,0
candDIR_L9_64,12,50,2,0,0
candDIR_L9_64,12,51,3,1,0
candDIR_L9_64,12,52,3,0,0
candDIR_L9_64,12,53,3,0,0
candDIR_L9_64,12,54,3,0,0
candDIR_L9_64,12,55,2,0,1
candDIR_L9_64,12,56,3,1,0
candDIR_L9_64,12,57,2,0,1
candDIR_L9_64,12,58,2,0,0
candDIR_L9_64,12,59,2,0,0
candDIR_L9_64,12,60,2,0,0
candDIR_L9_64,12,61,2,0,0
candDIR_L9_64,12,62,2,0,0
candDIR_L9_64,12,63,2,0,0
candDIR_L9_64,12,64,3,1,0
candDIR_L9_64,13,1,1,0,0
candDIR_L9_64,13,2,2,1,0
candDIR_L9_64,13,3,2,0,0
candDIR_L9_64,13,4,2,0,0
candDIR_L9_64,13,5,2,0,0
candDIR_L9_64,13,6,2,0,0
candDIR_L9_64,13,7,2,0,0
candDIR_L9_64,13,8,2,0,0
candDIR_L9_64,13,9,2,0,0
candDIR_L9_64,13,10,1,0,1
candDIR_L9_64,13,11,1,0,0
candDIR_L9_64,13,12,1,0,0
candDIR_L9_64,13,13,2,1,0
candDIR_L9_64,13,14,2,0,0
candDIR_L9_64,13,15,2,0,0
candDIR_L9_64,13,16,1,0,1
candDIR_L9_64,13,17,2,1,0
candDIR_L9_64,13,18,2,0,0
candDIR_L9_64,13,19,2,0,0
candDIR_L9_64,13,20,2,0,0
candDIR_L9_64,13,21,2,0,0
candDIR_L9_64,13,22,2,0,0
candDIR_L9_64,13,23,3,1,0
candDIR_L9_64,13,24,3,1,1
candDIR_L9_64,13,25,2,0,1
candDIR_L9_64,13,26,2,0,0
candDIR_L9_64,13,27,1,0,1
candDIR_L9_64,13,28,2,1,0
candDIR_L9_64,13,29,2,0,0
candDIR_L9_64,13,30,2,0,0
candDIR_L9_64,13,31,2,0,0
candDIR_L9_64,13,32,2,0,0
candDIR_L9_64,13,33,2,0,0
candDIR_L9_64,13,34,3,1,0
candDIR_L9_64,13,35,2,0,1
candDIR_L9_64,13,36,2,0,0
candDIR_L9_64,13,37,3,1,0
candDIR_L9_64,13,38,2,0,1
candDIR_L9_64,13,39,2,0,0
candDIR_L9_64,13,40,2,0,0
candDIR_L9_64,13,41,2,0,0
candDIR_L9_64,13,42,3,1,0
candDIR_L9_64,13,43,2,0,1
candDIR_L9_64,13,44,2,0,0
candDIR_L9_64,13,45,3,1,0
candDIR_L9_64,13,46,3,0,0
candDIR_L9_64,13,47,3,0,0
candDIR_L9_64,13,48,2,0,1
candDIR_L9_64,13,49,3,1,0
candDIR_L9_64,13,50,2,0,1
candDIR_L9_64,13,51,1,0,1
candDIR_L9_64,13,52,1,0,0
candDIR_L9_64,13,53,1,0,0
candDIR_L9_64,13,54,1,0,0
candDIR_L9_64,13,55,2,1,0
candDIR_L9_64,13,56,1,0,1
candDIR_L9_64,13,57,2,1,0
candDIR_L9_64,13,58,2,0,0
candDIR_L9_64,13,59,2,0,0
candDIR_L9_64,13,60,2,0,0
candDIR_L9_64,13,61,2,0,0
candDIR_L9_64,13,62,2,0,0
candDIR_L9_64,13,63,3,1,0
candDIR_L9_64,13,64,3,0,0
candDIR_L9_64,14,1,1,0,0
candDIR_L9_64,14,2,2,1,0
candDIR_L9_64,14,3,2,0,0
candDIR_L9_64,14,4,2,0,0
candDIR_L9_64,14,5,2,0,0
candDIR_L9_64,14,6,2,0,0
candDIR_L9_64,14,7,2,0,0
candDIR_L9_64,14,8,2,0,0
candDIR_L9_64,14,9,2,0,0
candDIR_L9_64,14,10,2,0,0
candDIR_L9_64,14,11,2,0,0
candDIR_L9_64,14,12,2,0,0
candDIR_L9_64,14,13,2,0,0
candDIR_L9_64,14,14,2,0,0
candDIR_L9_64,14,15,2,0,0
candDIR_L9_64,14,16,1,0,1
candDIR_L9_64,14,17,2,1,0
candDIR_L9_64,14,18,2,0,0
candDIR_L9_64,14,19,2,0,0
candDIR_L9_64,14,20,2,0,0
candDIR_L9_64,14,21,2,0,0
candDIR_L9_64,14,22,3,1,0
candDIR_L9_64,14,23,1,0,2
candDIR_L9_64,14,24,3,2,0
candDIR_L9_64,14,25,2,0,1
candDIR_L9_64,14,26,2,0,0
candDIR_L9_64,14,27,2,0,0
candDIR_L9_64,14,28,2,0,0
candDIR_L9_64,14,29,2,0,0
candDIR_L9_64,14,30,2,0,0
candDIR_L9_64,14,31,2,0,0
candDIR_L9_64,14,32,2,0,0
candDIR_L9_64,14,33,2,0,0
candDIR_L9_64,14,34,3,1,0
candDIR_L9_64,14,35,1,0,2
candDIR_L9_64,14,36,2,1,0
candDIR_L9_64,14,37,1,0,1
candDIR_L9_64,14,38,2,1,0
candDIR_L9_64,14,39,2,0,0
candDIR_L9_64,14,40,2,0,0
candDIR_L9_64,14,41,2,0,0
candDIR_L9_64,14,42,2,0,0
candDIR_L9_64,14,43,2,0,0
candDIR_L9_64,14,44,2,0,0
candDIR_L9_64,14,45,1,0,1
candDIR_L9_64,14,46,1,0,0
candDIR_L9_64,14,47,1,0,0
candDIR_L9_64,14,48,2,1,0
candDIR_L9_64,14,49,1,0,1
candDIR_L9_64,14,50,2,1,0
candDIR_L9_64,14,51,1,0,1
candDIR_L9_64,14,52,1,0,0
candDIR_L9_64,14,53,1,0,0
candDIR_L9_64,14,54,1,0,0
candDIR_L9_64,14,55,3,2,0
candDIR_L9_64,14,56,3,0,0
candDIR_L9_64,14,57,2,0,1
candDIR_L9_64,14,58,2,0,0
candDIR_L9_64,14,59,2,0,0
candDIR_L9_64,14,60,2,0,0
candDIR_L9_64,14,61,2,0,0
candDIR_L9_64,14,62,2,0,0
candDIR_L9_64,14,63,2,0,0
candDIR_L9_64,14,64,2,0,0
candDIR_L9_64,15,1,1,0,0
candDIR_L9_64,15,2,2,1,0
candDIR_L9_64,15,3,2,0,0
candDIR_L9_64,15,4,2,0,0
candDIR_L9_64,15,5,2,0,0
candDIR_L9_64,15,6,2,0,0
candDIR_L9_64,15,7,2,0,0
candDIR_L9_64,15,8,2,0,0
candDIR_L9_64,15,9,2,0,0
candDIR_L9_64,15,10,2,0,0
candDIR_L9_64,15,11,2,0,0
candDIR_L9_64,15,12,2,0,0
candDIR_L9_64,15,13,2,0,0
candDIR_L9_64,15,14,2,0,0
candDIR_L9_64,15,15,2,0,0
candDIR_L9_64,15,16,2,0,0
candDIR_L9_64,15,17,2,0,0
candDIR_L9_64,15,18,2,0,0
candDIR_L9_64,15,19,2,0,0
candDIR_L9_64,15,20,2,0,0
candDIR_L9_64,15,21,2,0,0
candDIR_L9_64,15,22,2,0,0
candDIR_L9_64,15,23,3,1,0
candDIR_L9_64,15,24,4,1,0
candDIR_L9_64,15,25,2,0,2
candDIR_L9_64,15,26,3,1,0
candDIR_L9_64,15,27,3,0,0
candDIR_L9_64,15,28,3,1,1
candDIR_L9_64,15,29,2,0,1
candDIR_L9_64,15,30,2,0,0
candDIR_L9_64,15,31,2,0,0
candDIR_L9_64,15,32,2,0,0
candDIR_L9_64,15,33,2,0,0
candDIR_L9_64,15,34,2,0,0
candDIR_L9_64,15,35,2,0,0
candDIR_L9_64,15,36,2,0,0
candDIR_L9_64,15,37,2,0,0
candDIR_L9_64,15,38,2,0,0
candDIR_L9_64,15,39,2,0,0
candDIR_L9_64,15,40,2,0,0
candDIR_L9_64,15,41,2,0,0
candDIR_L9_64,15,42,3,1,0
candDIR_L9_64,15,43,2,0,1
candDIR_L9_64,15,44,2,0,0
candDIR_L9_64,15,45,3,1,0
candDIR_L9_64,15,46,3,0,0
candDIR_L9_64,15,47,2,0,1
candDIR_L9_64,15,48,2,0,0
candDIR_L9_64,15,49,2,0,0
candDIR_L9_64,15,50,2,0,0
candDIR_L9_64,15,51,2,0,0
candDIR_L9_64,15,52,2,0,0
candDIR_L9_64,15,53,2,0,0
candDIR_L9_64,15,54,2,0,0
candDIR_L9_64,15,55,2,0,0
candDIR_L9_64,15,56,2,0,0
candDIR_L9_64,15,57,2,0,0
candDIR_L9_64,15,58,3,1,0
candDIR_L9_64,15,59,2,0,1
candDIR_L9_64,15,60,2,0,0
candDIR_L9_64,15,61,2,0,0
candDIR_L9_64,15,62,2,0,0
candDIR_L9_64,15,63,2,0,0
candDIR_L9_64,15,64,2,0,0
candDIR_L9_64,16,1,1,0,0
candDIR_L9_64,16,2,2,1,0
candDIR_L9_64,16,3,2,0,0
candDIR_L9_64,16,4,2,0,0
candDIR_L9_64,16,5,2,0,0
candDIR_L9_64,16,6,2,0,0
candDIR_L9_64,16,7,2,0,0
candDIR_L9_64,16,8,2,0,0
candDIR_L9_64,16,9,2,0,0
candDIR_L9_64,16,10,3,1,0
candDIR_L9_64,16,11,2,0,1
candDIR_L9_64,16,12,2,0,0
candDIR_L9_64,16,13,2,0,0
candDIR_L9_64,16,14,2,0,0
candDIR_L9_64,16,15,2,0,0
candDIR_L9_64,16,16,3,1,0
candDIR_L9_64,16,17,2,0,1
candDIR_L9_64,16,18,2,0,0
candDIR_L9_64,16,19,2,0,0
candDIR_L9_64,16,20,2,0,0
candDIR_L9_64,16,21,2,0,0
candDIR_L9_64,16,22,2,0,0
candDIR_L9_64,16,23,1,0,1
candDIR_L9_64,16,24,1,0,0
candDIR_L9_64,16,25,2,1,0
candDIR_L9_64,16,26,2,0,0
candDIR_L9_64,16,27,2,0,0
candDIR_L9_64,16,28,1,0,1
candDIR_L9_64,16,29,2,1,0
candDIR_L9_64,16,30,2,0,0
candDIR_L9_64,16,31,2,0,0
candDIR_L9_64,16,32,2,0,0
candDIR_L9_64,16,33,3,1,0
candDIR_L9_64,16,34,2,0,1
candDIR_L9_64,16,35,2,0,0
candDIR_L9_64,16,36,2,0,0
candDIR_L9_64,16,37,2,0,0
candDIR_L9_64,16,38,2,0,0
candDIR_L9_64,16,39,2,0,0
candDIR_L9_64,16,40,2,0,0
candDIR_L9_64,16,41,3,1,0
candDIR_L9_64,16,42,1,0,2
candDIR_L9_64,16,43,2,1,0
candDIR_L9_64,16,44,2,0,0
candDIR_L9_64,16,45,1,0,1
candDIR_L9_64,16,46,1,0,0
candDIR_L9_64,16,47,2,1,0
candDIR_L9_64,16,48,2,0,0
candDIR_L9_64,16,49,3,1,0
candDIR_L9_64,16,50,2,0,1
candDIR_L9_64,16,51,2,0,0
candDIR_L9_64,16,52,2,0,0
candDIR_L9_64,16,53,2,0,0
candDIR_L9_64,16,54,2,0,0
candDIR_L9_64,16,55,2,0,0
candDIR_L9_64,16,56,2,0,0
candDIR_L9_64,16,57,2,0,0
candDIR_L9_64,16,58,1,0,1
candDIR_L9_64,16,59,2,1,0
candDIR_L9_64,16,60,2,0,0
candDIR_L9_64,16,61,2,0,0
candDIR_L9_64,16,62,2,0,0
candDIR_L9_64,16,63,2,0,0
candDIR_L9_64,16,64,2,0,0
candDIR_L9_64,17,1,1,0,0
candDIR_L9_64,17,2,2,1,0
candDIR_L9_64,17,3,2,0,0
candDIR_L9_64,17,4,2,0,0
candDIR_L9_64,17,5,2,0,0
candDIR_L9_64,17,6,2,0,0
candDIR_L9_64,17,7,2,0,0
candDIR_L9_64,17,8,2,0,0
candDIR_L9_64,17,9,3,1,0
candDIR_L9_64,17,10,1,0,2
candDIR_L9_64,17,11,2,1,0
candDIR_L9_64,17,12,2,0,0
candDIR_L9_64,17,13,2,0,0
candDIR_L9_64,17,14,2,0,0
candDIR_L9_64,17,15,2,0,0
candDIR_L9_64,17,16,1,0,1
candDIR_L9_64,17,17,2,1,0
candDIR_L9_64,17,18,2,0,0
candDIR_L9_64,17,19,2,0,0
candDIR_L9_64,17,20,2,0,0
candDIR_L9_64,17,21,2,0,0
candDIR_L9_64,17,22,3,1,0
candDIR_L9_64,17,23,2,0,1
candDIR_L9_64,17,24,2,0,0
candDIR_L9_64,17,25,2,0,0
candDIR_L9_64,17,26,2,0,0
candDIR_L9_64,17,27,2,0,0
candDIR_L9_64,17,28,2,0,0
candDIR_L9_64,17,29,3,1,0
candDIR_L9_64,17,30,3,0,0
candDIR_L9_64,17,31,2,0,1
candDIR_L9_64,17,32,2,0,0
candDIR_L9_64,17,33,1,0,1
candDIR_L9_64,17,34,2,1,0
candDIR_L9_64,17,35,2,0,0
candDIR_L9_64,17,36,2,0,0
candDIR_L9_64,17,37,3,1,0
candDIR_L9_64,17,38,3,0,0
candDIR_L9_64,17,39,2,0,1
candDIR_L9_64,17,40,2,0,0
candDIR_L9_64,17,41,1,0,1
candDIR_L9_64,17,42,1,0,0
candDIR_L9_64,17,43,2,1,0
candDIR_L9_64,17,44,3,1,0
candDIR_L9_64,17,45,2,0,1
candDIR_L9_64,17,46,2,0,0
candDIR_L9_64,17,47,2,0,0
candDIR_L9_64,17,48,2,0,0
candDIR_L9_64,17,49,1,0,1
candDIR_L9_64,17,50,2,1,0
candDIR_L9_64,17,51,2,0,0
candDIR_L9_64,17,52,2,0,0
candDIR_L9_64,17,53,2,0,0
candDIR_L9_64,17,54,2,0,0
candDIR_L9_64,17,55,2,0,0
candDIR_L9_64,17,56,2,0,0
candDIR_L9_64,17,57,2,0,0
candDIR_L9_64,17,58,2,0,0
candDIR_L9_64,17,59,2,0,0
candDIR_L9_64,17,60,2,0,0
candDIR_L9_64,17,61,2,0,0
candDIR_L9_64,17,62,2,0,0
candDIR_L9_64,17,63,2,0,0
candDIR_L9_64,17,64,2,0,0
candDIR_L9_64,18,1,1,0,0
candDIR_L9_64,18,2,2,1,0
candDIR_L9_64,18,3,2,0,0
candDIR_L9_64,18,4,2,0,0
candDIR_L9_64,18,5,2,0,0
candDIR_L9_64,18,6,2,0,0
candDIR_L9_64,18,7,2,0,0
candDIR_L9_64,18,8,2,0,0
candDIR_L9_64,18,9,2,0,0
candDIR_L9_64,18,10,3,1,0
candDIR_L9_64,18,11,2,0,1
candDIR_L9_64,18,12,3,1,0
candDIR_L9_64,18,13,2,0,1
candDIR_L9_64,18,14,2,0,0
candDIR_L9_64,18,15,2,0,0
candDIR_L9_64,18,16,3,1,0
candDIR_L9_64,18,17,2,0,1
candDIR_L9_64,18,18,2,0,0
candDIR_L9_64,18,19,2,0,0
candDIR_L9_64,18,20,2,0,0
candDIR_L9_64,18,21,2,0,0
candDIR_L9_64,18,22,2,0,0
candDIR_L9_64,18,23,3,1,0
candDIR_L9_64,18,24,2,0,1
candDIR_L9_64,18,25,2,0,0
candDIR_L9_64,18,26,3,1,0
candDIR_L9_64,18,27,3,0,0
candDIR_L9_64,18,28,2,0,1
candDIR_L9_64,18,29,2,0,0
candDIR_L9_64,18,30,2,0,0
candDIR_L9_64,18,31,2,0,0
candDIR_L9_64,18,32,2,0,0
candDIR_L9_64,18,33,2,0,0
candDIR_L9_64,18,34,2,0,0
candDIR_L9_64,18,35,2,0,0
candDIR_L9_64,18,36,2,0,0
candDIR_L9_64,18,37,4,2,0
candDIR_L9_64,18,38,3,0,1
candDIR_L9_64,18,39,2,0,1
candDIR_L9_64,18,40,2,0,0
candDIR_L9_64,18,41,2,0,0
candDIR_L9_64,18,42,2,0,0
candDIR_L9_64,18,43,2,0,0
candDIR_L9_64,18,44,2,0,0
candDIR_L9_64,18,45,3,1,0
candDIR_L9_64,18,46,3,0,0
candDIR_L9_64,18,47,3,0,0
candDIR_L9_64,18,48,2,0,1
candDIR_L9_64,18,49,2,0,0
candDIR_L9_64,18,50,2,0,0
candDIR_L9_64,18,51,2,0,0
candDIR_L9_64,18,52,2,0,0
candDIR_L9_64,18,53,3,1,0
candDIR_L9_64,18,54,2,0,1
candDIR_L9_64,18,55,2,0,0
candDIR_L9_64,18,56,3,1,0
candDIR_L9_64,18,57,2,0,1
candDIR_L9_64,18,58,2,0,0
candDIR_L9_64,18,59,2,0,0
candDIR_L9_64,18,60,3,1,0
candDIR_L9_64,18,61,2,0,1
candDIR_L9_64,18,62,2,0,0
candDIR_L9_64,18,63,2,0,0
candDIR_L9_64,18,64,3,1,0
candDIR_L9_64,19,1,1,0,0
candDIR_L9_64,19,2,2,1,0
candDIR_L9_64,19,3,2,0,0
candDIR_L9_64,19,4,2,0,0
candDIR_L9_64,19,5,2,0,0
candDIR_L9_64,19,6,2,0,0
candDIR_L9_64,19,7,2,0,0
candDIR_L9_64,19,8,2,0,0
candDIR_L9_64,19,9,2,0,0
candDIR_L9_64,19,10,1,0,1
candDIR_L9_64,19,11,3,2,0
candDIR_L9_64,19,12,1,0,2
candDIR_L9_64,19,13,2,1,0
candDIR_L9_64,19,14,2,0,0
candDIR_L9_64,19,15,2,0,0
candDIR_L9_64,19,16,1,0,1
candDIR_L9_64,19,17,2,1,0
candDIR_L9_64,19,18,2,0,0
candDIR_L9_64,19,19,2,0,0
candDIR_L9_64,19,20,2,0,0
candDIR_L9_64,19,21,2,0,0
candDIR_L9_64,19,22,2,0,0
candDIR_L9_64,19,23,1,0,1
candDIR_L9_64,19,24,2,1,0
candDIR_L9_64,19,25,2,0,0
candDIR_L9_64,19,26,2,0,0
candDIR_L9_64,19,27,2,0,0
candDIR_L9_64,19,28,2,0,0
candDIR_L9_64,19,29,2,0,0
candDIR_L9_64,19,30,2,0,0
candDIR_L9_64,19,31,2,0,0
candDIR_L9_64,19,32,2,0,0
candDIR_L9_64,19,33,2,0,0
candDIR_L9_64,19,34,2,0,0
candDIR_L9_64,19,35,3,1,0
candDIR_L9_64,19,36,2,0,1
candDIR_L9_64,19,37,1,0,1
candDIR_L9_64,19,38,1,0,0
candDIR_L9_64,19,39,2,1,0
candDIR_L9_64,19,40,2,0,0
candDIR_L9_64,19,41,3,1,0
candDIR_L9_64,19,42,2,0,1
candDIR_L9_64,19,43,2,0,0
candDIR_L9_64,19,44,2,0,0
candDIR_L9_64,19,45,1,0,1
candDIR_L9_64,19,46,1,0,0
candDIR_L9_64,19,47,1,0,0
candDIR_L9_64,19,48,2,1,0
candDIR_L9_64,19,49,2,0,0
candDIR_L9_64,19,50,3,1,0
candDIR_L9_64,19,51,3,0,0
candDIR_L9_64,19,52,2,0,1
candDIR_L9_64,19,53,1,0,1
candDIR_L9_64,19,54,2,1,0
candDIR_L9_64,19,55,2,0,0
candDIR_L9_64,19,56,1,0,1
candDIR_L9_64,19,57,2,1,0
candDIR_L9_64,19,58,2,0,0
candDIR_L9_64,19,59,2,0,0
candDIR_L9_64,19,60,1,0,1
candDIR_L9_64,19,61,2,1,0
candDIR_L9_64,19,62,2,0,0
candDIR_L9_64,19,63,2,0,0
candDIR_L9_64,19,64,1,0,1
candDIR_L9_64,20,1,1,0,0
candDIR_L9_64,20,2,2,1,0
candDIR_L9_64,20,3,2,0,0
candDIR_L9_64,20,4,2,0,0
candDIR_L9_64,20,5,2,0,0
candDIR_L9_64,20,6,2,0,0
candDIR_L9_64,20,7,2,0,0
candDIR_L9_64,20,8,2,0,0
candDIR_L9_64,20,9,2,0,0
candDIR_L9_64,20,10,1,0,1
candDIR_L9_64,20,11,1,0,0
candDIR_L9_64,20,12,1,0,0
candDIR_L9_64,20,13,3,2,0
candDIR_L9_64,20,14,3,0,0
candDIR_L9_64,20,15,2,0,1
candDIR_L9_64,20,16,1,0,1
candDIR_L9_64,20,17,3,2,0
candDIR_L9_64,20,18,2,0,1
candDIR_L9_64,20,19,2,0,0
candDIR_L9_64,20,20,3,1,0
candDIR_L9_64,20,21,2,0,1
candDIR_L9_64,20,22,2,0,0
candDIR_L9_64,20,23,2,0,0
candDIR_L9_64,20,24,2,0,0
candDIR_L9_64,20,25,2,0,0
candDIR_L9_64,20,26,2,0,0
candDIR_L9_64,20,27,2,0,0
candDIR_L9_64,20,28,2,0,0
candDIR_L9_64,20,29,2,0,0
candDIR_L9_64,20,30,2,0,0
candDIR_L9_64,20,31,2,0,0
candDIR_L9_64,20,32,2,0,0
candDIR_L9_64,20,33,2,0,0
candDIR_L9_64,20,34,2,0,0
candDIR_L9_64,20,35,1,0,1
candDIR_L9_64,20,36,2,1,0
candDIR_L9_64,20,37,1,0,1
candDIR_L9_64,20,38,1,0,0
candDIR_L9_64,20,39,2,1,0
candDIR_L9_64,20,40,2,0,0
candDIR_L9_64,20,41,1,0,1
candDIR_L9_64,20,42,2,1,0
candDIR_L9_64,20,43,2,0,0
candDIR_L9_64,20,44,2,0,0
candDIR_L9_64,20,45,2,0,0
candDIR_L9_64,20,46,2,0,0
candDIR_L9_64,20,47,2,0,0
candDIR_L9_64,20,48,2,0,0
candDIR_L9_64,20,49,2,0,0
candDIR_L9_64,20,50,1,0,1
candDIR_L9_64,20,51,1,0,0
candDIR_L9_64,20,52,2,1,0
candDIR_L9_64,20,53,2,0,0
candDIR_L9_64,20,54,2,0,0
candDIR_L9_64,20,55,2,0,0
candDIR_L9_64,20,56,2,0,0
candDIR_L9_64,20,57,2,0,0
candDIR_L9_64,20,58,2,0,0
candDIR_L9_64,20,59,2,0,0
candDIR_L9_64,20,60,2,0,0
candDIR_L9_64,20,61,2,0,0
candDIR_L9_64,20,62,2,0,0
candDIR_L9_64,20,63,2,0,0
candDIR_L9_64,20,64,2,0,0
candDIR_L9_64,21,1,1,0,0
candDIR_L9_64,21,2,2,1,0
candDIR_L9_64,21,3,2,0,0
candDIR_L9_64,21,4,2,0,0
candDIR_L9_64,21,5,2,0,0
candDIR_L9_64,21,6,2,0,0
candDIR_L9_64,21,7,2,0,0
candDIR_L9_64,21,8,2,0,0
candDIR_L9_64,21,9,2,0,0
candDIR_L9_64,21,10,2,0,0
candDIR_L9_64,21,11,2,0,0
candDIR_L9_64,21,12,2,0,0
candDIR_L9_64,21,13,2,0,0
candDIR_L9_64,21,14,2,0,0
candDIR_L9_64,21,15,2,0,0
candDIR_L9_64,21,16,2,0,0
candDIR_L9_64,21,17,2,0,0
candDIR_L9_64,21,18,2,0,0
candDIR_L9_64,21,19,2,0,0
candDIR_L9_64,21,20,2,0,0
candDIR_L9_64,21,21,2,0,0
candDIR_L9_64,21,22,2,0,0
candDIR_L9_64,21,23,3,1,0
candDIR_L9_64,21,24,3,1,1
candDIR_L9_64,21,25,2,0,1
candDIR_L9_64,21,26,4,2,0
candDIR_L9_64,21,27,3,0,1
candDIR_L9_64,21,28,2,0,1
candDIR_L9_64,21,29,2,0,0
candDIR_L9_64,21,30,2,0,0
candDIR_L9_64,21,31,2,0,0
candDIR_L9_64,21,32,2,0,0
candDIR_L9_64,21,33,3,1,0
candDIR_L9_64,21,34,3,1,1
candDIR_L9_64,21,35,2,0,1
candDIR_L9_64,21,36,2,0,0
candDIR_L9_64,21,37,2,0,0
candDIR_L9_64,21,38,2,0,0
candDIR_L9_64,21,39,2,0,0
candDIR_L9_64,21,40,2,0,0
candDIR_L9_64,21,41,2,0,0
candDIR_L9_64,21,42,2,0,0
candDIR_L9_64,21,43,2,0,0
candDIR_L9_64,21,44,3,1,0
candDIR_L9_64,21,45,2,0,1
candDIR_L9_64,21,46,2,0,0
candDIR_L9_64,21,47,3,1,0
candDIR_L9_64,21,48,3,0,0
candDIR_L9_64,21,49,3,0,0
candDIR_L9_64,21,50,3,0,0
candDIR_L9_64,21,51,3,0,0
candDIR_L9_64,21,52,3,0,0
candDIR_L9_64,21,53,3,0,0
candDIR_L9_64,21,54,2,0,1
candDIR_L9_64,21,55,3,1,0
candDIR_L9_64,21,56,3,0,0
candDIR_L9_64,21,57,2,0,1
candDIR_L9_64,21,58,2,0,0
candDIR_L9_64,21,59,2,0,0
candDIR_L9_64,21,60,2,0,0
candDIR_L9_64,21,61,2,0,0
candDIR_L9_64,21,62,2,0,0
candDIR_L9_64,21,63,2,0,0
candDIR_L9_64,21,64,3,1,0
candDIR_L9_64,22,1,1,0,0
candDIR_L9_64,22,2,2,1,0
candDIR_L9_64,22,3,2,0,0
candDIR_L9_64,22,4,2,0,0
candDIR_L9_64,22,5,2,0,0
candDIR_L9_64,22,6,2,0,0
candDIR_L9_64,22,7,2,0,0
candDIR_L9_64,22,8,2,0,0
candDIR_L9_64,22,9,2,0,0
candDIR_L9_64,22,10,3,1,0
candDIR_L9_64,22,11,3,0,0
candDIR_L9_64,22,12,3,0,0
candDIR_L9_64,22,13,3,1,1
candDIR_L9_64,22,14,3,0,0
candDIR_L9_64,22,15,2,0,1
candDIR_L9_64,22,16,3,1,0
candDIR_L9_64,22,17,2,0,1
candDIR_L9_64,22,18,2,0,0
candDIR_L9_64,22,19,2,0,0
candDIR_L9_64,22,20,2,0,0
candDIR_L9_64,22,21,2,0,0
candDIR_L9_64,22,22,2,0,0
candDIR_L9_64,22,23,1,0,1
candDIR_L9_64,22,24,2,1,0
candDIR_L9_64,22,25,2,0,0
candDIR_L9_64,22,26,2,0,0
candDIR_L9_64,22,27,3,1,0
candDIR_L9_64,22,28,2,0,1
candDIR_L9_64,22,29,2,0,0
candDIR_L9_64,22,30,2,0,0
candDIR_L9_64,22,31,2,0,0
candDIR_L9_64,22,32,2,0,0
candDIR_L9_64,22,33,2,0,0
candDIR_L9_64,22,34,2,0,0
candDIR_L9_64,22,35,2,0,0
candDIR_L9_64,22,36,2,0,0
candDIR_L9_64,22,37,2,0,0
candDIR_L9_64,22,38,2,0,0
candDIR_L9_64,22,39,2,0,0
candDIR_L9_64,22,40,2,0,0
candDIR_L9_64,22,41,3,1,0
candDIR_L9_64,22,42,2,0,1
candDIR_L9_64,22,43,2,0,0
candDIR_L9_64,22,44,2,0,0
candDIR_L9_64,22,45,3,1,0
candDIR_L9_64,22,46,2,0,1
candDIR_L9_64,22,47,2,0,0
candDIR_L9_64,22,48,2,0,0
candDIR_L9_64,22,49,2,0,0
candDIR_L9_64,22,50,2,0,0
candDIR_L9_64,22,51,2,0,0
candDIR_L9_64,22,52,2,0,0
candDIR_L9_64,22,53,2,0,0
candDIR_L9_64,22,54,2,0,0
candDIR_L9_64,22,55,2,0,0
candDIR_L9_64,22,56,2,0,0
candDIR_L9_64,22,57,2,0,0
candDIR_L9_64,22,58,2,0,0
candDIR_L9_64,22,59,3,1,0
candDIR_L9_64,22,60,3,0,0
candDIR_L9_64,22,61,2,0,1
candDIR_L9_64,22,62,2,0,0
candDIR_L9_64,22,63,2,0,0
candDIR_L9_64,22,64,2,0,0
candDIR_L9_64,23,1,1,0,0
candDIR_L9_64,23,2,2,1,0
candDIR_L9_64,23,3,2,0,0
candDIR_L9_64,23,4,2,0,0
candDIR_L9_64,23,5,2,0,0
candDIR_L9_64,23,6,2,0,0
candDIR_L9_64,23,7,2,0,0
candDIR_L9_64,23,8,2,0,0
candDIR_L9_64,23,9,3,1,0
candDIR_L9_64,23,10,1,0,2
candDIR_L9_64,23,11,1,0,0
candDIR_L9_64,23,12,1,0,0
candDIR_L9_64,23,13,2,1,0
candDIR_L9_64,23,14,2,0,0
candDIR_L9_64,23,15,3,1,0
candDIR_L9_64,23,16,1,0,2
candDIR_L9_64,23,17,2,1,0
candDIR_L9_64,23,18,2,0,0
candDIR_L9_64,23,19,2,0,0
candDIR_L9_64,23,20,2,0,0
candDIR_L9_64,23,21,2,0,0
candDIR_L9_64,23,22,2,0,0
candDIR_L9_64,23,23,1,0,1
candDIR_L9_64,23,24,2,1,0
candDIR_L9_64,23,25,2,0,0
candDIR_L9_64,23,26,2,0,0
candDIR_L9_64,23,27,1,0,1
candDIR_L9_64,23,28,2,1,0
candDIR_L9_64,23,29,2,0,0
candDIR_L9_64,23,30,2,0,0
candDIR_L9_64,23,31,2,0,0
candDIR_L9_64,23,32,2,0,0
candDIR_L9_64,23,33,1,0,1
candDIR_L9_64,23,34,2,1,0
candDIR_L9_64,23,35,2,0,0
candDIR_L9_64,23,36,3,1,0
candDIR_L9_64,23,37,2,0,1
candDIR_L9_64,23,38,2,0,0
candDIR_L9_64,23,39,2,0,0
candDIR_L9_64,23,40,2,0,0
candDIR_L9_64,23,41,1,0,1
candDIR_L9_64,23,42,2,1,0
candDIR_L9_64,23,43,2,0,0
candDIR_L9_64,23,44,2,0,0
candDIR_L9_64,23,45,1,0,1
candDIR_L9_64,23,46,2,1,0
candDIR_L9_64,23,47,1,0,1
candDIR_L9_64,23,48,1,0,0
candDIR_L9_64,23,49,1,0,0
candDIR_L9_64,23,50,1,0,0
candDIR_L9_64,23,51,1,0,0
candDIR_L9_64,23,52,1,0,0
candDIR_L9_64,23,53,1,0,0
candDIR_L9_64,23,54,2,1,0
candDIR_L9_64,23,55,1,0,1
candDIR_L9_64,23,56,1,0,0
candDIR_L9_64,23,57,2,1,0
candDIR_L9_64,23,58,2,0,0
candDIR_L9_64,23,59,2,0,0
candDIR_L9_64,23,60,2,0,0
candDIR_L9_64,23,61,2,0,0
candDIR_L9_64,23,62,2,0,0
candDIR_L9_64,23,63,2,0,0
candDIR_L9_64,23,64,2,0,0
candDIR_L9_64,24,1,1,0,0
candDIR_L9_64,24,2,2,1,0
candDIR_L9_64,24,3,2,0,0
candDIR_L9_64,24,4,2,0,0
candDIR_L9_64,24,5,2,0,0
candDIR_L9_64,24,6,2,0,0
candDIR_L9_64,24,7,2,0,0
candDIR_L9_64,24,8,2,0,0
candDIR_L9_64,24,9,2,0,0
candDIR_L9_64,24,10,3,1,0
candDIR_L9_64,24,11,1,0,2
candDIR_L9_64,24,12,1,0,0
candDIR_L9_64,24,13,2,1,0
candDIR_L9_64,24,14,2,0,0
candDIR_L9_64,24,15,2,0,0
candDIR_L9_64,24,16,2,0,0
candDIR_L9_64,24,17,2,0,0
candDIR_L9_64,24,18,2,0,0
candDIR_L9_64,24,19,2,0,0
candDIR_L9_64,24,20,2,0,0
candDIR_L9_64,24,21,2,0,0
candDIR_L9_64,24,22,2,0,0
candDIR_L9_64,24,23,3,1,0
candDIR_L9_64,24,24,2,0,1
candDIR_L9_64,24,25,2,0,0
candDIR_L9_64,24,26,2,0,0
candDIR_L9_64,24,27,4,2,0
candDIR_L9_64,24,28,2,0,2
candDIR_L9_64,24,29,2,0,0
candDIR_L9_64,24,30,2,0,0
candDIR_L9_64,24,31,2,0,0
candDIR_L9_64,24,32,2,0,0
candDIR_L9_64,24,33,3,1,0
candDIR_L9_64,24,34,3,0,0
candDIR_L9_64,24,35,4,1,0
candDIR_L9_64,24,36,2,0,2
candDIR_L9_64,24,37,3,1,0
candDIR_L9_64,24,38,2,0,1
candDIR_L9_64,24,39,2,0,0
candDIR_L9_64,24,40,2,0,0
candDIR_L9_64,24,41,3,1,0
candDIR_L9_64,24,42,3,1,1
candDIR_L9_64,24,43,2,0,1
candDIR_L9_64,24,44,2,0,0
candDIR_L9_64,24,45,3,1,0
candDIR_L9_64,24,46,3,0,0
candDIR_L9_64,24,47,2,0,1
candDIR_L9_64,24,48,2,0,0
candDIR_L9_64,24,49,2,0,0
candDIR_L9_64,24,50,3,1,0
candDIR_L9_64,24,51,3,0,0
candDIR_L9_64,24,52,3,1,1
candDIR_L9_64,24,53,3,0,0
candDIR_L9_64,24,54,1,0,2
candDIR_L9_64,24,55,1,0,0
candDIR_L9_64,24,56,1,0,0
candDIR_L9_64,24,57,2,1,0
candDIR_L9_64,24,58,2,0,0
candDIR_L9_64,24,59,2,0,0
candDIR_L9_64,24,60,3,1,0
candDIR_L9_64,24,61,2,0,1
candDIR_L9_64,24,62,2,0,0
candDIR_L9_64,24,63,2,0,0
candDIR_L9_64,24,64,3,1,0
candDIR_L9_64,25,1,1,0,0
candDIR_L9_64,25,2,2,1,0
candDIR_L9_64,25,3,2,0,0
candDIR_L9_64,25,4,2,0,0
candDIR_L9_64,25,5,2,0,0
candDIR_L9_64,25,6,2,0,0
candDIR_L9_64,25,7,2,0,0
candDIR_L9_64,25,8,2,0,0
candDIR_L9_64,25,9,2,0,0
candDIR_L9_64,25,10,2,0,0
candDIR_L9_64,25,11,2,0,0
candDIR_L9_64,25,12,2,0,0
candDIR_L9_64,25,13,2,0,0
candDIR_L9_64,25,14,2,0,0
candDIR_L9_64,25,15,2,0,0
candDIR_L9_64,25,16,2,0,0
candDIR_L9_64,25,17,3,1,0
candDIR_L9_64,25,18,3,0,0
candDIR_L9_64,25,19,3,0,0
candDIR_L9_64,25,20,4,1,0
candDIR_L9_64,25,21,3,0,1
candDIR_L9_64,25,22,3,0,0
candDIR_L9_64,25,23,1,0,2
candDIR_L9_64,25,24,2,1,0
candDIR_L9_64,25,25,2,0,0
candDIR_L9_64,25,26,2,0,0
candDIR_L9_64,25,27,1,0,1
candDIR_L9_64,25,28,2,1,0
candDIR_L9_64,25,29,2,0,0
candDIR_L9_64,25,30,2,0,0
candDIR_L9_64,25,31,2,0,0
candDIR_L9_64,25,32,2,0,0
candDIR_L9_64,25,33,2,0,0
candDIR_L9_64,25,34,2,0,0
candDIR_L9_64,25,35,1,0,1
candDIR_L9_64,25,36,3,2,0
candDIR_L9_64,25,37,1,0,2
candDIR_L9_64,25,38,4,3,0
candDIR_L9_64,25,39,2,0,2
candDIR_L9_64,25,40,2,0,0
candDIR_L9_64,25,41,1,0,1
candDIR_L9_64,25,42,2,1,0
candDIR_L9_64,25,43,2,0,0
candDIR_L9_64,25,44,2,0,0
candDIR_L9_64,25,45,1,0,1
candDIR_L9_64,25,46,1,0,0
candDIR_L9_64,25,47,2,1,0
candDIR_L9_64,25,48,2,0,0
candDIR_L9_64,25,49,2,0,0
candDIR_L9_64,25,50,2,0,0
candDIR_L9_64,25,51,2,0,0
candDIR_L9_64,25,52,1,0,1
candDIR_L9_64,25,53,1,0,0
candDIR_L9_64,25,54,1,0,0
candDIR_L9_64,25,55,2,1,0
candDIR_L9_64,25,56,2,0,0
candDIR_L9_64,25,57,2,0,0
candDIR_L9_64,25,58,2,0,0
candDIR_L9_64,25,59,2,0,0
candDIR_L9_64,25,60,1,0,1
candDIR_L9_64,25,61,2,1,0
candDIR_L9_64,25,62,2,0,0
candDIR_L9_64,25,63,2,0,0
candDIR_L9_64,25,64,1,0,1
candDIR_L9_64,26,1,1,0,0
candDIR_L9_64,26,2,2,1,0
candDIR_L9_64,26,3,2,0,0
candDIR_L9_64,26,4,2,0,0
candDIR_L9_64,26,5,2,0,0
candDIR_L9_64,26,6,2,0,0
candDIR_L9_64,26,7,2,0,0
candDIR_L9_64,26,8,2,0,0
candDIR_L9_64,26,9,3,1,0
candDIR_L9_64,26,10,1,0,2
candDIR_L9_64,26,11,1,0,0
candDIR_L9_64,26,12,1,0,0
candDIR_L9_64,26,13,2,1,0
candDIR_L9_64,26,14,2,0,0
candDIR_L9_64,26,15,2,0,0
candDIR_L9_64,26,16,2,0,0
candDIR_L9_64,26,17,2,0,0
candDIR_L9_64,26,18,2,0,0
candDIR_L9_64,26,19,2,0,0
candDIR_L9_64,26,20,1,0,1
candDIR_L9_64,26,21,2,1,0
candDIR_L9_64,26,22,2,0,0
candDIR_L9_64,26,23,1,0,1
candDIR_L9_64,26,24,2,1,0
candDIR_L9_64,26,25,2,0,0
candDIR_L9_64,26,26,2,0,0
candDIR_L9_64,26,27,1,0,1
candDIR_L9_64,26,28,2,1,0
candDIR_L9_64,26,29,2,0,0
candDIR_L9_64,26,30,2,0,0
candDIR_L9_64,26,31,2,0,0
candDIR_L9_64,26,32,2,0,0
candDIR_L9_64,26,33,2,0,0
candDIR_L9_64,26,34,2,0,0
candDIR_L9_64,26,35,2,0,0
candDIR_L9_64,26,36,3,1,0
candDIR_L9_64,26,37,1,0,2
candDIR_L9_64,26,38,1,0,0
candDIR_L9_64,26,39,2,1,0
candDIR_L9_64,26,40,2,0,0
candDIR_L9_64,26,41,3,1,0
candDIR_L9_64,26,42,1,0,2
candDIR_L9_64,26,43,2,1,0
candDIR_L9_64,26,44,2,0,0
candDIR_L9_64,26,45,2,0,0
candDIR_L9_64,26,46,2,0,0
candDIR_L9_64,26,47,2,0,0
candDIR_L9_64,26,48,2,0,0
candDIR_L9_64,26,49,2,0,0
candDIR_L9_64,26,50,1,0,1
candDIR_L9_64,26,51,1,0,0
candDIR_L9_64,26,52,2,1,0
candDIR_L9_64,26,53,2,0,0
candDIR_L9_64,26,54,2,0,0
candDIR_L9_64,26,55,2,0,0
candDIR_L9_64,26,56,2,0,0
candDIR_L9_64,26,57,2,0,0
candDIR_L9_64,26,58,2,0,0
candDIR_L9_64,26,59,2,0,0
candDIR_L9_64,26,60,2,0,0
candDIR_L9_64,26,61,2,0,0
candDIR_L9_64,26,62,2,0,0
candDIR_L9_64,26,63,2,0,0
candDIR_L9_64,26,64,2,0,0
candDIR_L9_64,27,1,1,0,0
candDIR_L9_64,27,2,2,1,0
candDIR_L9_64,27,3,2,0,0
candDIR_L9_64,27,4,2,0,0
candDIR_L9_64,27,5,2,0,0
candDIR_L9_64,27,6,2,0,0
candDIR_L9_64,27,7,2,0,0
candDIR_L9_64,27,8,2,0,0
candDIR_L9_64,27,9,3,1,0
candDIR_L9_64,27,10,2,0,1
candDIR_L9_64,27,11,2,0,0
candDIR_L9_64,27,12,3,1,0
candDIR_L9_64,27,13,3,1,1
candDIR_L9_64,27,14,3,0,0
candDIR_L9_64,27,15,3,0,0
candDIR_L9_64,27,16,3,0,0
candDIR_L9_64,27,17,3,1,1
candDIR_L9_64,27,18,1,0,2
candDIR_L9_64,27,19,1,0,0
candDIR_L9_64,27,20,3,2,0
candDIR_L9_64,27,21,3,0,0
candDIR_L9_64,27,22,3,0,0
candDIR_L9_64,27,23,3,1,1
candDIR_L9_64,27,24,4,1,0
candDIR_L9_64,27,25,3,0,1
candDIR_L9_64,27,26,1,0,2
candDIR_L9_64,27,27,1,0,0
candDIR_L9_64,27,28,2,1,0
candDIR_L9_64,27,29,3,1,0
candDIR_L9_64,27,30,2,0,1
candDIR_L9_64,27,31,2,0,0
candDIR_L9_64,27,32,2,0,0
candDIR_L9_64,27,33,2,0,0
candDIR_L9_64,27,34,1,0,1
candDIR_L9_64,27,35,2,1,0
candDIR_L9_64,27,36,2,0,0
candDIR_L9_64,27,37,2,0,0
candDIR_L9_64,27,38,3,1,0
candDIR_L9_64,27,39,2,0,1
candDIR_L9_64,27,40,2,0,0
candDIR_L9_64,27,41,2,0,0
candDIR_L9_64,27,42,3,1,0
candDIR_L9_64,27,43,2,0,1
candDIR_L9_64,27,44,3,1,0
candDIR_L9_64,27,45,4,2,1
candDIR_L9_64,27,46,3,0,1
candDIR_L9_64,27,47,1,0,2
candDIR_L9_64,27,48,3,2,0
candDIR_L9_64,27,49,3,0,0
candDIR_L9_64,27,50,2,0,1
candDIR_L9_64,27,51,3,1,0
candDIR_L9_64,27,52,3,0,0
candDIR_L9_64,27,53,1,0,2
candDIR_L9_64,27,54,2,1,0
candDIR_L9_64,27,55,3,1,0
candDIR_L9_64,27,56,3,0,0
candDIR_L9_64,27,57,2,0,1
candDIR_L9_64,27,58,2,0,0
candDIR_L9_64,27,59,2,0,0
candDIR_L9_64,27,60,2,0,0
candDIR_L9_64,27,61,2,0,0
candDIR_L9_64,27,62,3,1,0
candDIR_L9_64,27,63,3,0,0
candDIR_L9_64,27,64,2,0,1
candDIR_L9_64,28,1,1,0,0
candDIR_L9_64,28,2,2,1,0
candDIR_L9_64,28,3,2,0,0
candDIR_L9_64,28,4,2,0,0
candDIR_L9_64,28,5,2,0,0
candDIR_L9_64,28,6,2,0,0
candDIR_L9_64,28,7,2,0,0
candDIR_L9_64,28,8,2,0,0
candDIR_L9_64,28,9,2,0,0
candDIR_L9_64,28,10,3,1,0
candDIR_L9_64,28,11,2,0,1
candDIR_L9_64,28,12,1,0,1
candDIR_L9_64,28,13,2,1,0
candDIR_L9_64,28,14,2,0,0
candDIR_L9_64,28,15,2,0,0
candDIR_L9_64,28,16,3,1,0
candDIR_L9_64,28,17,2,0,1
candDIR_L9_64,28,18,2,0,0
candDIR_L9_64,28,19,1,0,1
candDIR_L9_64,28,20,2,1,0
candDIR_L9_64,28,21,3,1,0
candDIR_L9_64,28,22,2,0,1
candDIR_L9_64,28,23,1,0,1
candDIR_L9_64,28,24,1,0,0
candDIR_L9_64,28,25,1,0,0
candDIR_L9_64,28,26,2,1,0
candDIR_L9_64,28,27,2,0,0
candDIR_L9_64,28,28,2,0,0
candDIR_L9_64,28,29,2,0,0
candDIR_L9_64,28,30,2,0,0
candDIR_L9_64,28,31,2,0,0
candDIR_L9_64,28,32,2,0,0
candDIR_L9_64,28,33,2,0,0
candDIR_L9_64,28,34,1,0,1
candDIR_L9_64,28,35,2,1,0
candDIR_L9_64,28,36,2,0,0
candDIR_L9_64,28,37,2,0,0
candDIR_L9_64,28,38,1,0,1
candDIR_L9_64,28,39,2,1,0
candDIR_L9_64,28,40,2,0,0
candDIR_L9_64,28,41,2,0,0
candDIR_L9_64,28,42,1,0,1
candDIR_L9_64,28,43,2,1,0
candDIR_L9_64,28,44,2,0,0
candDIR_L9_64,28,45,1,0,1
candDIR_L9_64,28,46,2,1,0
candDIR_L9_64,28,47,2,0,0
candDIR_L9_64,28,48,2,0,0
candDIR_L9_64,28,49,2,0,0
candDIR_L9_64,28,50,3,1,0
candDIR_L9_64,28,51,1,0,2
candDIR_L9_64,28,52,1,0,0
candDIR_L9_64,28,53,1,0,0
candDIR_L9_64,28,54,2,1,0
candDIR_L9_64,28,55,2,0,0
candDIR_L9_64,28,56,3,1,0
candDIR_L9_64,28,57,2,0,1
candDIR_L9_64,28,58,2,0,0
candDIR_L9_64,28,59,2,0,0
candDIR_L9_64,28,60,2,0,0
candDIR_L9_64,28,61,3,1,0
candDIR_L9_64,28,62,2,0,1
candDIR_L9_64,28,63,2,0,0
candDIR_L9_64,28,64,2,0,0
candDIR_L9_64,29,1,1,0,0
candDIR_L9_64,29,2,2,1,0
candDIR_L9_64,29,3,2,0,0
candDIR_L9_64,29,4,2,0,0
candDIR_L9_64,29,5,2,0,0
candDIR_L9_64,29,6,2,0,0
candDIR_L9_64,29,7,2,0,0
candDIR_L9_64,29,8,2,0,0
candDIR_L9_64,29,9,2,0,0
candDIR_L9_64,29,10,1,0,1
candDIR_L9_64,29,11,2,1,0
candDIR_L9_64,29,12,2,0,0
candDIR_L9_64,29,13,2,0,0
candDIR_L9_64,29,14,2,0,0
candDIR_L9_64,29,15,2,0,0
candDIR_L9_64,29,16,1,0,1
candDIR_L9_64,29,17,2,1,0
candDIR_L9_64,29,18,2,0,0
candDIR_L9_64,29,19,2,0,0
candDIR_L9_64,29,20,2,0,0
candDIR_L9_64,29,21,1,0,1
candDIR_L9_64,29,22,2,1,0
candDIR_L9_64,29,23,2,0,0
candDIR_L9_64,29,24,1,0,1
candDIR_L9_64,29,25,2,1,0
candDIR_L9_64,29,26,2,0,0
candDIR_L9_64,29,27,2,0,0
candDIR_L9_64,29,28,2,0,0
candDIR_L9_64,29,29,3,1,0
candDIR_L9_64,29,30,2,0,1
candDIR_L9_64,29,31,2,0,0
candDIR_L9_64,29,32,2,0,0
candDIR_L9_64,29,33,2,0,0
candDIR_L9_64,29,34,2,0,0
candDIR_L9_64,29,35,2,0,0
candDIR_L9_64,29,36,2,0,0
candDIR_L9_64,29,37,2,0,0
candDIR_L9_64,29,38,2,0,0
candDIR_L9_64,29,39,2,0,0
candDIR_L9_64,29,40,2,0,0
candDIR_L9_64,29,41,2,0,0
candDIR_L9_64,29,42,2,0,0
candDIR_L9_64,29,43,2,0,0
candDIR_L9_64,29,44,2,0,0
candDIR_L9_64,29,45,2,0,0
candDIR_L9_64,29,46,3,1,0
candDIR_L9_64,29,47,2,0,1
candDIR_L9_64,29,48,2,0,0
candDIR_L9_64,29,49,2,0,0
candDIR_L9_64,29,50,1,0,1
candDIR_L9_64,29,51,1,0,0
candDIR_L9_64,29,52,1,0,0
candDIR_L9_64,29,53,1,0,0
candDIR_L9_64,29,54,2,1,0
candDIR_L9_64,29,55,2,0,0
candDIR_L9_64,29,56,1,0,1
candDIR_L9_64,29,57,2,1,0
candDIR_L9_64,29,58,2,0,0
candDIR_L9_64,29,59,2,0,0
candDIR_L9_64,29,60,2,0,0
candDIR_L9_64,29,61,1,0,1
candDIR_L9_64,29,62,2,1,0
candDIR_L9_64,29,63,2,0,0
candDIR_L9_64,29,64,3,1,0
candDIR_L9_64,30,1,1,0,0
candDIR_L9_64,30,2,2,1,0
candDIR_L9_64,30,3,2,0,0
candDIR_L9_64,30,4,2,0,0
candDIR_L9_64,30,5,2,0,0
candDIR_L9_64,30,6,2,0,0
candDIR_L9_64,30,7,2,0,0
candDIR_L9_64,30,8,3,1,0
candDIR_L9_64,30,9,2,0,1
candDIR_L9_64,30,10,3,1,0
candDIR_L9_64,30,11,3,0,0
candDIR_L9_64,30,12,3,0,0
candDIR_L9_64,30,13,3,1,1
candDIR_L9_64,30,14,3,0,0
candDIR_L9_64,30,15,3,0,0
candDIR_L9_64,30,16,4,1,0
candDIR_L9_64,30,17,3,0,1
candDIR_L9_64,30,18,1,0,2
candDIR_L9_64,30,19,1,0,0
candDIR_L9_64,30,20,4,3,0
candDIR_L9_64,30,21,5,1,0
candDIR_L9_64,30,22,3,0,2
candDIR_L9_64,30,23,4,1,0
candDIR_L9_64,30,24,3,0,1
candDIR_L9_64,30,25,2,0,1
candDIR_L9_64,30,26,2,0,0
candDIR_L9_64,30,27,2,0,0
candDIR_L9_64,30,28,2,0,0
candDIR_L9_64,30,29,2,0,0
candDIR_L9_64,30,30,2,0,0
candDIR_L9_64,30,31,2,0,0
candDIR_L9_64,30,32,2,0,0
candDIR_L9_64,30,33,3,1,0
candDIR_L9_64,30,34,1,0,2
candDIR_L9_64,30,35,1,0,0
candDIR_L9_64,30,36,3,2,0
candDIR_L9_64,30,37,4,1,0
candDIR_L9_64,30,38,1,0,3
candDIR_L9_64,30,39,1,0,0
candDIR_L9_64,30,40,2,1,0
candDIR_L9_64,30,41,3,1,0
candDIR_L9_64,30,42,4,1,0
candDIR_L9_64,30,43,2,0,2
candDIR_L9_64,30,44,2,0,0
candDIR_L9_64,30,45,2,0,0
candDIR_L9_64,30,46,2,0,0
candDIR_L9_64,30,47,2,0,0
candDIR_L9_64,30,48,2,0,0
candDIR_L9_64,30,49,2,0,0
candDIR_L9_64,30,50,2,0,0
candDIR_L9_64,30,51,2,0,0
candDIR_L9_64,30,52,2,0,0
candDIR_L9_64,30,53,2,0,0
candDIR_L9_64,30,54,2,0,0
candDIR_L9_64,30,55,2,0,0
candDIR_L9_64,30,56,2,0,0
candDIR_L9_64,30,57,2,0,0
candDIR_L9_64,30,58,2,0,0
candDIR_L9_64,30,59,2,0,0
candDIR_L9_64,30,60,2,0,0
candDIR_L9_64,30,61,2,0,0
candDIR_L9_64,30,62,2,0,0
candDIR_L9_64,30,63,2,0,0
candDIR_L9_64,30,64,2,0,0
candDIR_L9_64,31,1,1,0,0
candDIR_L9_64,31,2,2,1,0
candDIR_L9_64,31,3,2,0,0
candDIR_L9_64,31,4,2,0,0
candDIR_L9_64,31,5,2,0,0
candDIR_L9_64,31,6,2,0,0
candDIR_L9_64,31,7,2,0,0
candDIR_L9_64,31,8,2,0,0
candDIR_L9_64,31,9,2,0,0
candDIR_L9_64,31,10,1,0,1
candDIR_L9_64,31,11,1,0,0
candDIR_L9_64,31,12,1,0,0
candDIR_L9_64,31,13,2,1,0
candDIR_L9_64,31,14,2,0,0
candDIR_L9_64,31,15,2,0,0
candDIR_L9_64,31,16,1,0,1
candDIR_L9_64,31,17,2,1,0
candDIR_L9_64,31,18,1,0,1
candDIR_L9_64,31,19,1,0,0
candDIR_L9_64,31,20,2,1,0
candDIR_L9_64,31,21,1,0,1
candDIR_L9_64,31,22,3,2,0
candDIR_L9_64,31,23,1,0,2
candDIR_L9_64,31,24,3,2,0
candDIR_L9_64,31,25,2,0,1
candDIR_L9_64,31,26,3,1,0
candDIR_L9_64,31,27,3,0,0
candDIR_L9_64,31,28,3,1,1
candDIR_L9_64,31,29,3,0,0
candDIR_L9_64,31,30,2,0,1
candDIR_L9_64,31,31,2,0,0
candDIR_L9_64,31,32,2,0,0
candDIR_L9_64,31,33,1,0,1
candDIR_L9_64,31,34,1,0,0
candDIR_L9_64,31,35,2,1,0
candDIR_L9_64,31,36,2,0,0
candDIR_L9_64,31,37,2,0,0
candDIR_L9_64,31,38,2,0,0
candDIR_L9_64,31,39,2,0,0
candDIR_L9_64,31,40,2,0,0
candDIR_L9_64,31,41,3,1,0
candDIR_L9_64,31,42,1,0,2
candDIR_L9_64,31,43,2,1,0
candDIR_L9_64,31,44,3,1,0
candDIR_L9_64,31,45,2,0,1
candDIR_L9_64,31,46,2,0,0
candDIR_L9_64,31,47,2,0,0
candDIR_L9_64,31,48,2,0,0
candDIR_L9_64,31,49,2,0,0
candDIR_L9_64,31,50,2,0,0
candDIR_L9_64,31,51,2,0,0
candDIR_L9_64,31,52,2,0,0
candDIR_L9_64,31,53,2,0,0
candDIR_L9_64,31,54,2,0,0
candDIR_L9_64,31,55,2,0,0
candDIR_L9_64,31,56,2,0,0
candDIR_L9_64,31,57,2,0,0
candDIR_L9_64,31,58,3,1,0
candDIR_L9_64,31,59,2,0,1
candDIR_L9_64,31,60,2,0,0
candDIR_L9_64,31,61,2,0,0
candDIR_L9_64,31,62,2,0,0
candDIR_L9_64,31,63,2,0,0
candDIR_L9_64,31,64,2,0,0
candDIR_L9_64,32,1,1,0,0
candDIR_L9_64,32,2,2,1,0
candDIR_L9_64,32,3,2,0,0
candDIR_L9_64,32,4,2,0,0
candDIR_L9_64,32,5,2,0,0
candDIR_L9_64,32,6,2,0,0
candDIR_L9_64,32,7,2,0,0
candDIR_L9_64,32,8,2,0,0
candDIR_L9_64,32,9,2,0,0
candDIR_L9_64,32,10,1,0,1
candDIR_L9_64,32,11,1,0,0
candDIR_L9_64,32,12,1,0,0
candDIR_L9_64,32,13,2,1,0
candDIR_L9_64,32,14,2,0,0
candDIR_L9_64,32,15,2,0,0
candDIR_L9_64,32,16,2,0,0
candDIR_L9_64,32,17,2,0,0
candDIR_L9_64,32,18,1,0,1
candDIR_L9_64,32,19,1,0,0
candDIR_L9_64,32,20,1,0,0
candDIR_L9_64,32,21,1,0,0
candDIR_L9_64,32,22,2,1,0
candDIR_L9_64,32,23,1,0,1
candDIR_L9_64,32,24,1,0,0
candDIR_L9_64,32,25,2,1,0
candDIR_L9_64,32,26,2,0,0
candDIR_L9_64,32,27,2,0,0
candDIR_L9_64,32,28,1,0,1
candDIR_L9_64,32,29,1,0,0
candDIR_L9_64,32,30,2,1,0
candDIR_L9_64,32,31,2,0,0
candDIR_L9_64,32,32,2,0,0
candDIR_L9_64,32,33,2,0,0
candDIR_L9_64,32,34,2,0,0
candDIR_L9_64,32,35,2,0,0
candDIR_L9_64,32,36,2,0,0
candDIR_L9_64,32,37,1,0,1
candDIR_L9_64,32,38,1,0,0
candDIR_L9_64,32,39,2,1,0
candDIR_L9_64,32,40,3,1,0
candDIR_L9_64,32,41,1,0,2
candDIR_L9_64,32,42,3,2,0
candDIR_L9_64,32,43,3,1,1
candDIR_L9_64,32,44,3,0,0
candDIR_L9_64,32,45,3,0,0
candDIR_L9_64,32,46,2,0,1
candDIR_L9_64,32,47,2,0,0
candDIR_L9_64,32,48,2,0,0
candDIR_L9_64,32,49,2,0,0
candDIR_L9_64,32,50,2,0,0
candDIR_L9_64,32,51,2,0,0
candDIR_L9_64,32,52,2,0,0
candDIR_L9_64,32,53,2,0,0
candDIR_L9_64,32,54,2,0,0
candDIR_L9_64,32,55,2,0,0
candDIR_L9_64,32,56,2,0,0
candDIR_L9_64,32,57,2,0,0
candDIR_L9_64,32,58,1,0,1
candDIR_L9_64,32,59,2,1,0
candDIR_L9_64,32,60,2,0,0
candDIR_L9_64,32,61,2,0,0
candDIR_L9_64,32,62,2,0,0
candDIR_L9_64,32,63,3,1,0
candDIR_L9_64,32,64,3,0,0
candDIR_L9_64,33,1,1,0,0
candDIR_L9_64,33,2,2,1,0
candDIR_L9_64,33,3,2,0,0
candDIR_L9_64,33,4,2,0,0
candDIR_L9_64,33,5,2,0,0
candDIR_L9_64,33,6,2,0,0
candDIR_L9_64,33,7,2,0,0
candDIR_L9_64,33,8,3,1,0
candDIR_L9_64,33,9,2,0,1
candDIR_L9_64,33,10,3,1,0
candDIR_L9_64,33,11,3,0,0
candDIR_L9_64,33,12,4,1,0
candDIR_L9_64,33,13,2,0,2
candDIR_L9_64,33,14,2,0,0
candDIR_L9_64,33,15,3,1,0
candDIR_L9_64,33,16,2,0,1
candDIR_L9_64,33,17,3,1,0
candDIR_L9_64,33,18,1,0,2
candDIR_L9_64,33,19,1,0,0
candDIR_L9_64,33,20,2,1,0
candDIR_L9_64,33,21,1,0,1
candDIR_L9_64,33,22,2,1,0
candDIR_L9_64,33,23,3,1,0
candDIR_L9_64,33,24,2,0,1
candDIR_L9_64,33,25,2,0,0
candDIR_L9_64,33,26,2,0,0
candDIR_L9_64,33,27,2,0,0
candDIR_L9_64,33,28,2,0,0
candDIR_L9_64,33,29,2,0,0
candDIR_L9_64,33,30,3,1,0
candDIR_L9_64,33,31,2,0,1
candDIR_L9_64,33,32,2,0,0
candDIR_L9_64,33,33,3,1,0
candDIR_L9_64,33,34,1,0,2
candDIR_L9_64,33,35,1,0,0
candDIR_L9_64,33,36,2,1,0
candDIR_L9_64,33,37,3,1,0
candDIR_L9_64,33,38,3,0,0
candDIR_L9_64,33,39,2,0,1
candDIR_L9_64,33,40,2,0,0
candDIR_L9_64,33,41,2,0,0
candDIR_L9_64,33,42,3,1,0
candDIR_L9_64,33,43,2,0,1
candDIR_L9_64,33,44,2,0,0
candDIR_L9_64,33,45,2,0,0
candDIR_L9_64,33,46,2,0,0
candDIR_L9_64,33,47,2,0,0
candDIR_L9_64,33,48,3,1,0
candDIR_L9_64,33,49,1,0,2
candDIR_L9_64,33,50,2,1,0
candDIR_L9_64,33,51,2,0,0
candDIR_L9_64,33,52,2,0,0
candDIR_L9_64,33,53,2,0,0
candDIR_L9_64,33,54,3,1,0
candDIR_L9_64,33,55,2,0,1
candDIR_L9_64,33,56,3,1,0
candDIR_L9_64,33,57,2,0,1
candDIR_L9_64,33,58,3,1,0
candDIR_L9_64,33,59,2,0,1
candDIR_L9_64,33,60,2,0,0
candDIR_L9_64,33,61,3,1,0
candDIR_L9_64,33,62,2,0,1
candDIR_L9_64,33,63,4,2,0
candDIR_L9_64,33,64,1,0,3
candDIR_L9_64,34,1,1,0,0
candDIR_L9_64,34,2,2,1,0
candDIR_L9_64,34,3,2,0,0
candDIR_L9_64,34,4,2,0,0
candDIR_L9_64,34,5,2,0,0
candDIR_L9_64,34,6,2,0,0
candDIR_L9_64,34,7,2,0,0
candDIR_L9_64,34,8,2,0,0
candDIR_L9_64,34,9,2,0,0
candDIR_L9_64,34,10,1,0,1
candDIR_L9_64,34,11,1,0,0
candDIR_L9_64,34,12,1,0,0
candDIR_L9_64,34,13,2,1,0
candDIR_L9_64,34,14,2,0,0
candDIR_L9_64,34,15,2,0,0
candDIR_L9_64,34,16,2,0,0
candDIR_L9_64,34,17,2,0,0
candDIR_L9_64,34,18,3,1,0
candDIR_L9_64,34,19,3,0,0
candDIR_L9_64,34,20,4,1,0
candDIR_L9_64,34,21,1,0,3
candDIR_L9_64,34,22,3,2,0
candDIR_L9_64,34,23,1,0,2
candDIR_L9_64,34,24,2,1,0
candDIR_L9_64,34,25,2,0,0
candDIR_L9_64,34,26,2,0,0
candDIR_L9_64,34,27,3,1,0
candDIR_L9_64,34,28,2,0,1
candDIR_L9_64,34,29,3,1,0
candDIR_L9_64,34,30,2,0,1
candDIR_L9_64,34,31,3,1,0
candDIR_L9_64,34,32,3,0,0
candDIR_L9_64,34,33,1,0,2
candDIR_L9_64,34,34,1,0,0
candDIR_L9_64,34,35,3,2,0
candDIR_L9_64,34,36,3,0,0
candDIR_L9_64,34,37,3,0,0
candDIR_L9_64,34,38,3,0,0
candDIR_L9_64,34,39,3,0,0
candDIR_L9_64,34,40,2,0,1
candDIR_L9_64,34,41,3,1,0
candDIR_L9_64,34,42,1,0,2
candDIR_L9_64,34,43,2,1,0
candDIR_L9_64,34,44,2,0,0
candDIR_L9_64,34,45,3,1,0
candDIR_L9_64,34,46,3,0,0
candDIR_L9_64,34,47,2,0,1
candDIR_L9_64,34,48,1,0,1
candDIR_L9_64,34,49,1,0,0
candDIR_L9_64,34,50,2,1,0
candDIR_L9_64,34,51,3,1,0
candDIR_L9_64,34,52,3,0,0
candDIR_L9_64,34,53,3,0,0
candDIR_L9_64,34,54,1,0,2
candDIR_L9_64,34,55,2,1,0
candDIR_L9_64,34,56,1,0,1
candDIR_L9_64,34,57,2,1,0
candDIR_L9_64,34,58,1,0,1
candDIR_L9_64,34,59,2,1,0
candDIR_L9_64,34,60,3,1,0
candDIR_L9_64,34,61,2,0,1
candDIR_L9_64,34,62,2,0,0
candDIR_L9_64,34,63,2,0,0
candDIR_L9_64,34,64,2,0,0
candDIR_L9_64,35,1,1,0,0
candDIR_L9_64,35,2,2,1,0
candDIR_L9_64,35,3,2,0,0
candDIR_L9_64,35,4,2,0,0
candDIR_L9_64,35,5,2,0,0
candDIR_L9_64,35,6,2,0,0
candDIR_L9_64,35,7,2,0,0
candDIR_L9_64,35,8,2,0,0
candDIR_L9_64,35,9,2,0,0
candDIR_L9_64,35,10,1,0,1
candDIR_L9_64,35,11,2,1,0
candDIR_L9_64,35,12,1,0,1
candDIR_L9_64,35,13,2,1,0
candDIR_L9_64,35,14,2,0,0
candDIR_L9_64,35,15,2,0,0
candDIR_L9_64,35,16,2,0,0
candDIR_L9_64,35,17,2,0,0
candDIR_L9_64,35,18,1,0,1
candDIR_L9_64,35,19,1,0,0
candDIR_L9_64,35,20,1,0,0
candDIR_L9_64,35,21,1,0,0
candDIR_L9_64,35,22,2,1,0
candDIR_L9_64,35,23,2,0,0
candDIR_L9_64,35,24,2,0,0
candDIR_L9_64,35,25,2,0,0
candDIR_L9_64,35,26,2,0,0
candDIR_L9_64,35,27,1,0,1
candDIR_L9_64,35,28,2,1,0
candDIR_L9_64,35,29,1,0,1
candDIR_L9_64,35,30,2,1,0
candDIR_L9_64,35,31,2,0,0
candDIR_L9_64,35,32,2,0,0
candDIR_L9_64,35,33,2,0,0
candDIR_L9_64,35,34,1,0,1
candDIR_L9_64,35,35,2,1,0
candDIR_L9_64,35,36,2,0,0
candDIR_L9_64,35,37,2,0,0
candDIR_L9_64,35,38,2,0,0
candDIR_L9_64,35,39,2,0,0
candDIR_L9_64,35,40,2,0,0
candDIR_L9_64,35,41,1,0,1
candDIR_L9_64,35,42,1,0,0
candDIR_L9_64,35,43,2,1,0
candDIR_L9_64,35,44,2,0,0
candDIR_L9_64,35,45,1,0,1
candDIR_L9_64,35,46,1,0,0
candDIR_L9_64,35,47,2,1,0
candDIR_L9_64,35,48,2,0,0
candDIR_L9_64,35,49,2,0,0
candDIR_L9_64,35,50,2,0,0
candDIR_L9_64,35,51,1,0,1
candDIR_L9_64,35,52,1,0,0
candDIR_L9_64,35,53,1,0,0
candDIR_L9_64,35,54,2,1,0
candDIR_L9_64,35,55,2,0,0
candDIR_L9_64,35,56,2,0,0
candDIR_L9_64,35,57,2,0,0
candDIR_L9_64,35,58,2,0,0
candDIR_L9_64,35,59,2,0,0
candDIR_L9_64,35,60,1,0,1
candDIR_L9_64,35,61,2,1,0
candDIR_L9_64,35,62,2,0,0
candDIR_L9_64,35,63,2,0,0
candDIR_L9_64,35,64,2,0,0
candDIR_L9_64,36,1,1,0,0
candDIR_L9_64,36,2,2,1,0
candDIR_L9_64,36,3,2,0,0
candDIR_L9_64,36,4,2,0,0
candDIR_L9_64,36,5,2,0,0
candDIR_L9_64,36,6,2,0,0
candDIR_L9_64,36,7,2,0,0
candDIR_L9_64,36,8,2,0,0
candDIR_L9_64,36,9,2,0,0
candDIR_L9_64,36,10,3,1,0
candDIR_L9_64,36,11,3,0,0
candDIR_L9_64,36,12,4,1,0
candDIR_L9_64,36,13,2,0,2
candDIR_L9_64,36,14,2,0,0
candDIR_L9_64,36,15,2,0,0
candDIR_L9_64,36,16,2,0,0
candDIR_L9_64,36,17,2,0,0
candDIR_L9_64,36,18,1,0,1
candDIR_L9_64,36,19,1,0,0
candDIR_L9_64,36,20,3,2,0
candDIR_L9_64,36,21,4,1,0
candDIR_L9_64,36,22,3,0,1
candDIR_L9_64,36,23,4,1,0
candDIR_L9_64,36,24,1,0,3
candDIR_L9_64,36,25,2,1,0
candDIR_L9_64,36,26,3,1,0
candDIR_L9_64,36,27,3,0,0
candDIR_L9_64,36,28,2,0,1
candDIR_L9_64,36,29,2,0,0
candDIR_L9_64,36,30,2,0,0
candDIR_L9_64,36,31,2,0,0
candDIR_L9_64,36,32,2,0,0
candDIR_L9_64,36,33,3,1,0
candDIR_L9_64,36,34,1,0,2
candDIR_L9_64,36,35,1,0,0
candDIR_L9_64,36,36,2,1,0
candDIR_L9_64,36,37,3,1,0
candDIR_L9_64,36,38,2,0,1
candDIR_L9_64,36,39,2,0,0
candDIR_L9_64,36,40,2,0,0
candDIR_L9_64,36,41,2,0,0
candDIR_L9_64,36,42,2,0,0
candDIR_L9_64,36,43,2,0,0
candDIR_L9_64,36,44,3,1,0
candDIR_L9_64,36,45,3,0,0
candDIR_L9_64,36,46,4,1,0
candDIR_L9_64,36,47,1,0,3
candDIR_L9_64,36,48,2,1,0
candDIR_L9_64,36,49,2,0,0
candDIR_L9_64,36,50,2,0,0
candDIR_L9_64,36,51,2,0,0
candDIR_L9_64,36,52,2,0,0
candDIR_L9_64,36,53,3,1,0
candDIR_L9_64,36,54,2,0,1
candDIR_L9_64,36,55,2,0,0
candDIR_L9_64,36,56,3,1,0
candDIR_L9_64,36,57,2,0,1
candDIR_L9_64,36,58,2,0,0
candDIR_L9_64,36,59,2,0,0
candDIR_L9_64,36,60,2,0,0
candDIR_L9_64,36,61,2,0,0
candDIR_L9_64,36,62,2,0,0
candDIR_L9_64,36,63,3,1,0
candDIR_L9_64,36,64,1,0,2
candDIR_L9_64,37,1,1,0,0
candDIR_L9_64,37,2,2,1,0
candDIR_L9_64,37,3,2,0,0
candDIR_L9_64,37,4,2,0,0
candDIR_L9_64,37,5,2,0,0
candDIR_L9_64,37,6,2,0,0
candDIR_L9_64,37,7,2,0,0
candDIR_L9_64,37,8,2,0,0
candDIR_L9_64,37,9,2,0,0
candDIR_L9_64,37,10,1,0,1
candDIR_L9_64,37,11,1,0,0
candDIR_L9_64,37,12,1,0,0
candDIR_L9_64,37,13,2,1,0
candDIR_L9_64,37,14,2,0,0
candDIR_L9_64,37,15,2,0,0
candDIR_L9_64,37,16,2,0,0
candDIR_L9_64,37,17,3,1,0
candDIR_L9_64,37,18,1,0,2
candDIR_L9_64,37,19,2,1,0
candDIR_L9_64,37,20,2,0,0
candDIR_L9_64,37,21,1,0,1
candDIR_L9_64,37,22,2,1,0
candDIR_L9_64,37,23,1,0,1
candDIR_L9_64,37,24,3,2,0
candDIR_L9_64,37,25,4,1,0
candDIR_L9_64,37,26,1,0,3
candDIR_L9_64,37,27,1,0,0
candDIR_L9_64,37,28,2,1,0
candDIR_L9_64,37,29,3,1,0
candDIR_L9_64,37,30,2,0,1
candDIR_L9_64,37,31,2,0,0
candDIR_L9_64,37,32,2,0,0
candDIR_L9_64,37,33,1,0,1
candDIR_L9_64,37,34,1,0,0
candDIR_L9_64,37,35,1,0,0
candDIR_L9_64,37,36,2,1,0
candDIR_L9_64,37,37,1,0,1
candDIR_L9_64,37,38,2,1,0
candDIR_L9_64,37,39,2,0,0
candDIR_L9_64,37,40,2,0,0
candDIR_L9_64,37,41,2,0,0
candDIR_L9_64,37,42,1,0,1
candDIR_L9_64,37,43,2,1,0
candDIR_L9_64,37,44,2,0,0
candDIR_L9_64,37,45,4,2,0
candDIR_L9_64,37,46,1,0,3
candDIR_L9_64,37,47,3,2,0
candDIR_L9_64,37,48,4,1,0
candDIR_L9_64,37,49,4,0,0
candDIR_L9_64,37,50,4,0,0
candDIR_L9_64,37,51,3,0,1
candDIR_L9_64,37,52,3,0,0
candDIR_L9_64,37,53,3,0,0
candDIR_L9_64,37,54,2,0,1
candDIR_L9_64,37,55,2,0,0
candDIR_L9_64,37,56,1,0,1
candDIR_L9_64,37,57,2,1,0
candDIR_L9_64,37,58,2,0,0
candDIR_L9_64,37,59,2,0,0
candDIR_L9_64,37,60,3,1,0
candDIR_L9_64,37,61,2,0,1
candDIR_L9_64,37,62,2,0,0
candDIR_L9_64,37,63,2,0,0
candDIR_L9_64,37,64,2,0,0
candDIR_L9_64,38,1,1,0,0
candDIR_L9_64,38,2,2,1,0
candDIR_L9_64,38,3,2,0,0
candDIR_L9_64,38,4,2,0,0
candDIR_L9_64,38,5,2,0,0
candDIR_L9_64,38,6,2,0,0
candDIR_L9_64,38,7,2,0,0
candDIR_L9_64,38,8,2,0,0
candDIR_L9_64,38,9,2,0,0
candDIR_L9_64,38,10,1,0,1
candDIR_L9_64,38,11,2,1,0
candDIR_L9_64,38,12,1,0,1
candDIR_L9_64,38,13,2,1,0
candDIR_L9_64,38,14,2,0,0
candDIR_L9_64,38,15,2,0,0
candDIR_L9_64,38,16,2,0,0
candDIR_L9_64,38,17,2,0,0
candDIR_L9_64,38,18,2,0,0
candDIR_L9_64,38,19,2,0,0
candDIR_L9_64,38,20,2,0,0
candDIR_L9_64,38,21,2,0,0
candDIR_L9_64,38,22,2,0,0
candDIR_L9_64,38,23,1,0,1
candDIR_L9_64,38,24,1,0,0
candDIR_L9_64,38,25,1,0,0
candDIR_L9_64,38,26,2,1,0
candDIR_L9_64,38,27,2,0,0
candDIR_L9_64,38,28,2,0,0
candDIR_L9_64,38,29,1,0,1
candDIR_L9_64,38,30,2,1,0
candDIR_L9_64,38,31,2,0,0
candDIR_L9_64,38,32,2,0,0
candDIR_L9_64,38,33,2,0,0
candDIR_L9_64,38,34,1,0,1
candDIR_L9_64,38,35,1,0,0
candDIR_L9_64,38,36,2,1,0
candDIR_L9_64,38,37,1,0,1
candDIR_L9_64,38,38,2,1,0
candDIR_L9_64,38,39,2,0,0
candDIR_L9_64,38,40,2,0,0
candDIR_L9_64,38,41,2,0,0
candDIR_L9_64,38,42,3,1,0
candDIR_L9_64,38,43,3,0,0
candDIR_L9_64,38,44,3,0,0
candDIR_L9_64,38,45,1,0,2
candDIR_L9_64,38,46,2,1,0
candDIR_L9_64,38,47,2,0,0
candDIR_L9_64,38,48,2,0,0
candDIR_L9_64,38,49,2,0,0
candDIR_L9_64,38,50,2,0,0
candDIR_L9_64,38,51,2,0,0
candDIR_L9_64,38,52,2,0,0
candDIR_L9_64,38,53,1,0,1
candDIR_L9_64,38,54,2,1,0
candDIR_L9_64,38,55,2,0,0
candDIR_L9_64,38,56,2,0,0
candDIR_L9_64,38,57,2,0,0
candDIR_L9_64,38,58,2,0,0
candDIR_L9_64,38,59,2,0,0
candDIR_L9_64,38,60,1,0,1
candDIR_L9_64,38,61,2,1,0
candDIR_L9_64,38,62,2,0,0
candDIR_L9_64,38,63,2,0,0
candDIR_L9_64,38,64,3,1,0
candDIR_L9_64,39,1,1,0,0
candDIR_L9_64,39,2,2,1,0
candDIR_L9_64,39,3,2,0,0
candDIR_L9_64,39,4,2,0,0
candDIR_L9_64,39,5,2,0,0
candDIR_L9_64,39,6,2,0,0
candDIR_L9_64,39,7,2,0,0
candDIR_L9_64,39,8,3,1,0
candDIR_L9_64,39,9,2,0,1
candDIR_L9_64,39,10,3,1,0
candDIR_L9_64,39,11,2,0,1
candDIR_L9_64,39,12,3,1,0
candDIR_L9_64,39,13,2,0,1
candDIR_L9_64,39,14,2,0,0
candDIR_L9_64,39,15,2,0,0
candDIR_L9_64,39,16,3,1,0
candDIR_L9_64,39,17,3,1,1
candDIR_L9_64,39,18,2,0,1
candDIR_L9_64,39,19,3,1,0
candDIR_L9_64,39,20,4,1,0
candDIR_L9_64,39,21,4,1,1
candDIR_L9_64,39,22,2,0,2
candDIR_L9_64,39,23,3,1,0
candDIR_L9_64,39,24,1,0,2
candDIR_L9_64,39,25,3,2,0
candDIR_L9_64,39,26,1,0,2
candDIR_L9_64,39,27,1,0,0
candDIR_L9_64,39,28,2,1,0
candDIR_L9_64,39,29,2,0,0
candDIR_L9_64,39,30,2,0,0
candDIR_L9_64,39,31,2,0,0
candDIR_L9_64,39,32,2,0,0
candDIR_L9_64,39,33,2,0,0
candDIR_L9_64,39,34,2,0,0
candDIR_L9_64,39,35,2,0,0
candDIR_L9_64,39,36,3,1,0
candDIR_L9_64,39,37,2,0,1
candDIR_L9_64,39,38,2,0,0
candDIR_L9_64,39,39,3,1,0
candDIR_L9_64,39,40,2,0,1
candDIR_L9_64,39,41,2,0,0
candDIR_L9_64,39,42,3,1,0
candDIR_L9_64,39,43,3,1,1
candDIR_L9_64,39,44,2,0,1
candDIR_L9_64,39,45,3,1,0
candDIR_L9_64,39,46,2,0,1
candDIR_L9_64,39,47,2,0,0
candDIR_L9_64,39,48,2,0,0
candDIR_L9_64,39,49,2,0,0
candDIR_L9_64,39,50,2,0,0
candDIR_L9_64,39,51,2,0,0
candDIR_L9_64,39,52,4,2,0
candDIR_L9_64,39,53,2,0,2
candDIR_L9_64,39,54,3,1,0
candDIR_L9_64,39,55,2,0,1
candDIR_L9_64,39,56,3,1,0
candDIR_L9_64,39,57,2,0,1
candDIR_L9_64,39,58,2,0,0
candDIR_L9_64,39,59,2,0,0
candDIR_L9_64,39,60,3,1,0
candDIR_L9_64,39,61,2,0,1
candDIR_L9_64,39,62,3,1,0
candDIR_L9_64,39,63,2,0,1
candDIR_L9_64,39,64,2,0,0
candDIR_L9_64,40,1,1,0,0
candDIR_L9_64,40,2,2,1,0
candDIR_L9_64,40,3,2,0,0
candDIR_L9_64,40,4,2,0,0
candDIR_L9_64,40,5,2,0,0
candDIR_L9_64,40,6,2,0,0
candDIR_L9_64,40,7,2,0,0
candDIR_L9_64,40,8,2,0,0
candDIR_L9_64,40,9,2,0,0
candDIR_L9_64,40,10,1,0,1
candDIR_L9_64,40,11,2,1,0
candDIR_L9_64,40,12,1,0,1
candDIR_L9_64,40,13,2,1,0
candDIR_L9_64,40,14,2,0,0
candDIR_L9_64,40,15,2,0,0
candDIR_L9_64,40,16,2,0,0
candDIR_L9_64,40,17,2,0,0
candDIR_L9_64,40,18,2,0,0
candDIR_L9_64,40,19,2,0,0
candDIR_L9_64,40,20,1,0,1
candDIR_L9_64,40,21,1,0,0
candDIR_L9_64,40,22,2,1,0
candDIR_L9_64,40,23,1,0,1
candDIR_L9_64,40,24,1,0,0
candDIR_L9_64,40,25,1,0,0
candDIR_L9_64,40,26,1,0,0
candDIR_L9_64,40,27,2,1,0
candDIR_L9_64,40,28,2,0,0
candDIR_L9_64,40,29,2,0,0
candDIR_L9_64,40,30,2,0,0
candDIR_L9_64,40,31,2,0,0
candDIR_L9_64,40,32,2,0,0
candDIR_L9_64,40,33,2,0,0
candDIR_L9_64,40,34,3,1,0
candDIR_L9_64,40,35,3,0,0
candDIR_L9_64,40,36,2,0,1
candDIR_L9_64,40,37,2,0,0
candDIR_L9_64,40,38,2,0,0
candDIR_L9_64,40,39,1,0,1
candDIR_L9_64,40,40,2,1,0
candDIR_L9_64,40,41,2,0,0
candDIR_L9_64,40,42,1,0,1
candDIR_L9_64,40,43,2,1,0
candDIR_L9_64,40,44,2,0,0
candDIR_L9_64,40,45,1,0,1
candDIR_L9_64,40,46,2,1,0
candDIR_L9_64,40,47,2,0,0
candDIR_L9_64,40,48,2,0,0
candDIR_L9_64,40,49,2,0,0
candDIR_L9_64,40,50,2,0,0
candDIR_L9_64,40,51,2,0,0
candDIR_L9_64,40,52,1,0,1
candDIR_L9_64,40,53,3,2,0
candDIR_L9_64,40,54,1,0,2
candDIR_L9_64,40,55,2,1,0
candDIR_L9_64,40,56,2,0,0
candDIR_L9_64,40,57,2,0,0
candDIR_L9_64,40,58,2,0,0
candDIR_L9_64,40,59,2,0,0
candDIR_L9_64,40,60,2,0,0
candDIR_L9_64,40,61,2,0,0
candDIR_L9_64,40,62,2,0,0
candDIR_L9_64,40,63,2,0,0
candDIR_L9_64,40,64,2,0,0
candDIR_L9_64,41,1,1,0,0
candDIR_L9_64,41,2,2,1,0
candDIR_L9_64,41,3,2,0,0
candDIR_L9_64,41,4,2,0,0
candDIR_L9_64,41,5,2,0,0
candDIR_L9_64,41,6,2,0,0
candDIR_L9_64,41,7,2,0,0
candDIR_L9_64,41,8,2,0,0
candDIR_L9_64,41,9,2,0,0
candDIR_L9_64,41,10,2,0,0
candDIR_L9_64,41,11,2,0,0
candDIR_L9_64,41,12,2,0,0
candDIR_L9_64,41,13,2,0,0
candDIR_L9_64,41,14,2,0,0
candDIR_L9_64,41,15,2,0,0
candDIR_L9_64,41,16,1,0,1
candDIR_L9_64,41,17,2,1,0
candDIR_L9_64,41,18,2,0,0
candDIR_L9_64,41,19,2,0,0
candDIR_L9_64,41,20,2,0,0
candDIR_L9_64,41,21,1,0,1
candDIR_L9_64,41,22,2,1,0
candDIR_L9_64,41,23,1,0,1
candDIR_L9_64,41,24,2,1,0
candDIR_L9_64,41,25,2,0,0
candDIR_L9_64,41,26,2,0,0
candDIR_L9_64,41,27,2,0,0
candDIR_L9_64,41,28,2,0,0
candDIR_L9_64,41,29,2,0,0
candDIR_L9_64,41,30,2,0,0
candDIR_L9_64,41,31,2,0,0
candDIR_L9_64,41,32,2,0,0
candDIR_L9_64,41,33,2,0,0
candDIR_L9_64,41,34,1,0,1
candDIR_L9_64,41,35,1,0,0
candDIR_L9_64,41,36,2,1,0
candDIR_L9_64,41,37,2,0,0
candDIR_L9_64,41,38,2,0,0
candDIR_L9_64,41,39,2,0,0
candDIR_L9_64,41,40,2,0,0
candDIR_L9_64,41,41,2,0,0
candDIR_L9_64,41,42,2,0,0
candDIR_L9_64,41,43,2,0,0
candDIR_L9_64,41,44,2,0,0
candDIR_L9_64,41,45,2,0,0
candDIR_L9_64,41,46,2,0,0
candDIR_L9_64,41,47,2,0,0
candDIR_L9_64,41,48,2,0,0
candDIR_L9_64,41,49,2,0,0
candDIR_L9_64,41,50,2,0,0
candDIR_L9_64,41,51,2,0,0
candDIR_L9_64,41,52,1,0,1
candDIR_L9_64,41,53,1,0,0
candDIR_L9_64,41,54,1,0,0
candDIR_L9_64,41,55,2,1,0
candDIR_L9_64,41,56,1,0,1
candDIR_L9_64,41,57,2,1,0
candDIR_L9_64,41,58,2,0,0
candDIR_L9_64,41,59,2,0,0
candDIR_L9_64,41,60,1,0,1
candDIR_L9_64,41,61,2,1,0
candDIR_L9_64,41,62,2,0,0
candDIR_L9_64,41,63,2,0,0
candDIR_L9_64,41,64,2,0,0
candDIR_L9_64,42,1,1,0,0
candDIR_L9_64,42,2,2,1,0
candDIR_L9_64,42,3,2,0,0
candDIR_L9_64,42,4,2,0,0
candDIR_L9_64,42,5,2,0,0
candDIR_L9_64,42,6,2,0,0
candDIR_L9_64,42,7,2,0,0
candDIR_L9_64,42,8,3,1,0
candDIR_L9_64,42,9,2,0,1
candDIR_L9_64,42,10,3,1,0
candDIR_L9_64,42,11,2,0,1
candDIR_L9_64,42,12,2,0,0
candDIR_L9_64,42,13,2,0,0
candDIR_L9_64,42,14,2,0,0
candDIR_L9_64,42,15,2,0,0
candDIR_L9_64,42,16,3,1,0
candDIR_L9_64,42,17,2,0,1
candDIR_L9_64,42,18,3,1,0
candDIR_L9_64,42,19,2,0,1
candDIR_L9_64,42,20,2,0,0
candDIR_L9_64,42,21,2,0,0
candDIR_L9_64,42,22,2,0,0
candDIR_L9_64,42,23,2,0,0
candDIR_L9_64,42,24,3,1,0
candDIR_L9_64,42,25,3,0,0
candDIR_L9_64,42,26,1,0,2
candDIR_L9_64,42,27,1,0,0
candDIR_L9_64,42,28,3,2,0
candDIR_L9_64,42,29,3,0,0
candDIR_L9_64,42,30,2,0,1
candDIR_L9_64,42,31,3,1,0
candDIR_L9_64,42,32,2,0,1
candDIR_L9_64,42,33,2,0,0
candDIR_L9_64,42,34,2,0,0
candDIR_L9_64,42,35,2,0,0
candDIR_L9_64,42,36,3,1,0
candDIR_L9_64,42,37,3,1,1
candDIR_L9_64,42,38,3,0,0
candDIR_L9_64,42,39,2,0,1
candDIR_L9_64,42,40,2,0,0
candDIR_L9_64,42,41,2,0,0
candDIR_L9_64,42,42,3,1,0
candDIR_L9_64,42,43,2,0,1
candDIR_L9_64,42,44,2,0,0
candDIR_L9_64,42,45,2,0,0
candDIR_L9_64,42,46,4,2,0
candDIR_L9_64,42,47,2,0,2
candDIR_L9_64,42,48,2,0,0
candDIR_L9_64,42,49,3,1,0
candDIR_L9_64,42,50,3,0,0
candDIR_L9_64,42,51,3,0,0
candDIR_L9_64,42,52,4,1,0
candDIR_L9_64,42,53,2,0,2
candDIR_L9_64,42,54,3,1,0
candDIR_L9_64,42,55,3,1,1
candDIR_L9_64,42,56,2,0,1
candDIR_L9_64,42,57,2,0,0
candDIR_L9_64,42,58,2,0,0
candDIR_L9_64,42,59,2,0,0
candDIR_L9_64,42,60,2,0,0
candDIR_L9_64,42,61,2,0,0
candDIR_L9_64,42,62,3,1,0
candDIR_L9_64,42,63,3,0,0
candDIR_L9_64,42,64,2,0,1
candDIR_L9_64,43,1,1,0,0
candDIR_L9_64,43,2,2,1,0
candDIR_L9_64,43,3,2,0,0
candDIR_L9_64,43,4,2,0,0
candDIR_L9_64,43,5,2,0,0
candDIR_L9_64,43,6,2,0,0
candDIR_L9_64,43,7,2,0,0
candDIR_L9_64,43,8,2,0,0
candDIR_L9_64,43,9,2,0,0
candDIR_L9_64,43,10,2,0,0
candDIR_L9_64,43,11,2,0,0
candDIR_L9_64,43,12,2,0,0
candDIR_L9_64,43,13,2,0,0
candDIR_L9_64,43,14,3,1,0
candDIR_L9_64,43,15,4,1,0
candDIR_L9_64,43,16,1,0,3
candDIR_L9_64,43,17,3,2,0
candDIR_L9_64,43,18,2,0,1
candDIR_L9_64,43,19,2,0,0
candDIR_L9_64,43,20,3,1,0
candDIR_L9_64,43,21,2,0,1
candDIR_L9_64,43,22,2,0,0
candDIR_L9_64,43,23,3,1,0
candDIR_L9_64,43,24,2,0,1
candDIR_L9_64,43,25,2,0,0
candDIR_L9_64,43,26,2,0,0
candDIR_L9_64,43,27,3,1,0
candDIR_L9_64,43,28,3,1,1
candDIR_L9_64,43,29,2,0,1
candDIR_L9_64,43,30,2,0,0
candDIR_L9_64,43,31,1,0,1
candDIR_L9_64,43,32,2,1,0
candDIR_L9_64,43,33,3,1,0
candDIR_L9_64,43,34,3,0,0
candDIR_L9_64,43,35,2,0,1
candDIR_L9_64,43,36,2,0,0
candDIR_L9_64,43,37,1,0,1
candDIR_L9_64,43,38,1,0,0
candDIR_L9_64,43,39,2,1,0
candDIR_L9_64,43,40,2,0,0
candDIR_L9_64,43,41,2,0,0
candDIR_L9_64,43,42,1,0,1
candDIR_L9_64,43,43,2,1,0
candDIR_L9_64,43,44,2,0,0
candDIR_L9_64,43,45,2,0,0
candDIR_L9_64,43,46,1,0,1
candDIR_L9_64,43,47,3,2,0
candDIR_L9_64,43,48,2,0,1
candDIR_L9_64,43,49,1,0,1
candDIR_L9_64,43,50,1,0,0
candDIR_L9_64,43,51,1,0,0
candDIR_L9_64,43,52,1,0,0
candDIR_L9_64,43,53,2,1,0
candDIR_L9_64,43,54,1,0,1
candDIR_L9_64,43,55,2,1,0
candDIR_L9_64,43,56,2,0,0
candDIR_L9_64,43,57,2,0,0
candDIR_L9_64,43,58,2,0,0
candDIR_L9_64,43,59,2,0,0
candDIR_L9_64,43,60,3,1,0
candDIR_L9_64,43,61,2,0,1
candDIR_L9_64,43,62,2,0,0
candDIR_L9_64,43,63,2,0,0
candDIR_L9_64,43,64,3,1,0
candDIR_L9_64,44,1,1,0,0
candDIR_L9_64,44,2,2,1,0
candDIR_L9_64,44,3,2,0,0
candDIR_L9_64,44,4,2,0,0
candDIR_L9_64,44,5,2,0,0
candDIR_L9_64,44,6,2,0,0
candDIR_L9_64,44,7,2,0,0
candDIR_L9_64,44,8,3,1,0
candDIR_L9_64,44,9,3,0,0
candDIR_L9_64,44,10,1,0,2
candDIR_L9_64,44,11,2,1,0
candDIR_L9_64,44,12,2,0,0
candDIR_L9_64,44,13,2,0,0
candDIR_L9_64,44,14,2,0,0
candDIR_L9_64,44,15,2,0,0
candDIR_L9_64,44,16,2,0,0
candDIR_L9_64,44,17,4,2,0
candDIR_L9_64,44,18,5,1,0
candDIR_L9_64,44,19,4,0,1
candDIR_L9_64,44,20,2,0,2
candDIR_L9_64,44,21,2,0,0
candDIR_L9_64,44,22,2,0,0
candDIR_L9_64,44,23,1,0,1
candDIR_L9_64,44,24,2,1,0
candDIR_L9_64,44,25,2,0,0
candDIR_L9_64,44,26,1,0,1
candDIR_L9_64,44,27,1,0,0
candDIR_L9_64,44,28,1,0,0
candDIR_L9_64,44,29,1,0,0
candDIR_L9_64,44,30,2,1,0
candDIR_L9_64,44,31,2,0,0
candDIR_L9_64,44,32,2,0,0
candDIR_L9_64,44,33,1,0,1
candDIR_L9_64,44,34,1,0,0
candDIR_L9_64,44,35,3,2,0
candDIR_L9_64,44,36,2,0,1
candDIR_L9_64,44,37,2,0,0
candDIR_L9_64,44,38,2,0,0
candDIR_L9_64,44,39,2,0,0
candDIR_L9_64,44,40,2,0,0
candDIR_L9_64,44,41,2,0,0
candDIR_L9_64,44,42,2,0,0
candDIR_L9_64,44,43,2,0,0
candDIR_L9_64,44,44,2,0,0
candDIR_L9_64,44,45,2,0,0
candDIR_L9_64,44,46,1,0,1
candDIR_L9_64,44,47,1,0,0
candDIR_L9_64,44,48,2,1,0
candDIR_L9_64,44,49,2,0,0
candDIR_L9_64,44,50,2,0,0
candDIR_L9_64,44,51,3,1,0
candDIR_L9_64,44,52,1,0,2
candDIR_L9_64,44,53,2,1,0
candDIR_L9_64,44,54,2,0,0
candDIR_L9_64,44,55,2,0,0
candDIR_L9_64,44,56,2,0,0
candDIR_L9_64,44,57,2,0,0
candDIR_L9_64,44,58,2,0,0
candDIR_L9_64,44,59,2,0,0
candDIR_L9_64,44,60,1,0,1
candDIR_L9_64,44,61,2,1,0
candDIR_L9_64,44,62,2,0,0
candDIR_L9_64,44,63,2,0,0
candDIR_L9_64,44,64,1,0,1
candDIR_L9_64,45,1,1,0,0
candDIR_L9_64,45,2,2,1,0
candDIR_L9_64,45,3,2,0,0
candDIR_L9_64,45,4,2,0,0
candDIR_L9_64,45,5,2,0,0
candDIR_L9_64,45,6,2,0,0
candDIR_L9_64,45,7,2,0,0
candDIR_L9_64,45,8,2,0,0
candDIR_L9_64,45,9,2,0,0
candDIR_L9_64,45,10,3,1,0
candDIR_L9_64,45,11,3,0,0
candDIR_L9_64,45,12,3,0,0
candDIR_L9_64,45,13,2,0,1
candDIR_L9_64,45,14,2,0,0
candDIR_L9_64,45,15,2,0,0
candDIR_L9_64,45,16,3,1,0
candDIR_L9_64,45,17,2,0,1
candDIR_L9_64,45,18,3,1,0
candDIR_L9_64,45,19,4,1,0
candDIR_L9_64,45,20,4,1,1
candDIR_L9_64,45,21,5,1,0
candDIR_L9_64,45,22,4,1,2
candDIR_L9_64,45,23,5,1,0
candDIR_L9_64,45,24,1,0,4
candDIR_L9_64,45,25,3,2,0
candDIR_L9_64,45,26,1,0,2
candDIR_L9_64,45,27,2,1,0
candDIR_L9_64,45,28,2,0,0
candDIR_L9_64,45,29,2,0,0
candDIR_L9_64,45,30,3,1,0
candDIR_L9_64,45,31,2,0,1
candDIR_L9_64,45,32,2,0,0
candDIR_L9_64,45,33,3,1,0
candDIR_L9_64,45,34,1,0,2
candDIR_L9_64,45,35,3,2,0
candDIR_L9_64,45,36,3,0,0
candDIR_L9_64,45,37,2,0,1
candDIR_L9_64,45,38,2,0,0
candDIR_L9_64,45,39,3,1,0
candDIR_L9_64,45,40,2,0,1
candDIR_L9_64,45,41,3,1,0
candDIR_L9_64,45,42,3,0,0
candDIR_L9_64,45,43,2,0,1
candDIR_L9_64,45,44,3,1,0
candDIR_L9_64,45,45,2,0,1
candDIR_L9_64,45,46,2,0,0
candDIR_L9_64,45,47,4,2,0
candDIR_L9_64,45,48,2,0,2
candDIR_L9_64,45,49,3,1,0
candDIR_L9_64,45,50,4,1,0
candDIR_L9_64,45,51,2,0,2
candDIR_L9_64,45,52,2,0,0
candDIR_L9_64,45,53,3,1,0
candDIR_L9_64,45,54,2,0,1
candDIR_L9_64,45,55,2,0,0
candDIR_L9_64,45,56,3,1,0
candDIR_L9_64,45,57,2,0,1
candDIR_L9_64,45,58,2,0,0
candDIR_L9_64,45,59,2,0,0
candDIR_L9_64,45,60,2,0,0
candDIR_L9_64,45,61,2,0,0
candDIR_L9_64,45,62,2,0,0
candDIR_L9_64,45,63,2,0,0
candDIR_L9_64,45,64,1,0,1
candDIR_L9_64,46,1,1,0,0
candDIR_L9_64,46,2,2,1,0
candDIR_L9_64,46,3,2,0,0
candDIR_L9_64,46,4,2,0,0
candDIR_L9_64,46,5,2,0,0
candDIR_L9_64,46,6,2,0,0
candDIR_L9_64,46,7,2,0,0
candDIR_L9_64,46,8,2,0,0
candDIR_L9_64,46,9,2,0,0
candDIR_L9_64,46,10,1,0,1
candDIR_L9_64,46,11,1,0,0
candDIR_L9_64,46,12,1,0,0
candDIR_L9_64,46,13,2,1,0
candDIR_L9_64,46,14,2,0,0
candDIR_L9_64,46,15,2,0,0
candDIR_L9_64,46,16,2,0,0
candDIR_L9_64,46,17,2,0,0
candDIR_L9_64,46,18,3,1,0
candDIR_L9_64,46,19,1,0,2
candDIR_L9_64,46,20,2,1,0
candDIR_L9_64,46,21,1,0,1
candDIR_L9_64,46,22,3,2,0
candDIR_L9_64,46,23,1,0,2
candDIR_L9_64,46,24,1,0,0
candDIR_L9_64,46,25,3,2,0
candDIR_L9_64,46,26,1,0,2
candDIR_L9_64,46,27,1,0,0
candDIR_L9_64,46,28,2,1,0
candDIR_L9_64,46,29,2,0,0
candDIR_L9_64,46,30,2,0,0
candDIR_L9_64,46,31,2,0,0
candDIR_L9_64,46,32,2,0,0
candDIR_L9_64,46,33,1,0,1
candDIR_L9_64,46,34,2,1,0
candDIR_L9_64,46,35,2,0,0
candDIR_L9_64,46,36,2,0,0
candDIR_L9_64,46,37,2,0,0
candDIR_L9_64,46,38,2,0,0
candDIR_L9_64,46,39,1,0,1
candDIR_L9_64,46,40,2,1,0
candDIR_L9_64,46,41,1,0,1
candDIR_L9_64,46,42,1,0,0
candDIR_L9_64,46,43,2,1,0
candDIR_L9_64,46,44,4,2,0
candDIR_L9_64,46,45,2,0,2
candDIR_L9_64,46,46,3,1,0
candDIR_L9_64,46,47,1,0,2
candDIR_L9_64,46,48,2,1,0
candDIR_L9_64,46,49,1,0,1
candDIR_L9_64,46,50,1,0,0
candDIR_L9_64,46,51,2,1,0
candDIR_L9_64,46,52,2,0,0
candDIR_L9_64,46,53,1,0,1
candDIR_L9_64,46,54,2,1,0
candDIR_L9_64,46,55,2,0,0
candDIR_L9_64,46,56,1,0,1
candDIR_L9_64,46,57,2,1,0
candDIR_L9_64,46,58,2,0,0
candDIR_L9_64,46,59,2,0,0
candDIR_L9_64,46,60,2,0,0
candDIR_L9_64,46,61,2,0,0
candDIR_L9_64,46,62,2,0,0
candDIR_L9_64,46,63,2,0,0
candDIR_L9_64,46,64,2,0,0
candDIR_L9_64,47,1,1,0,0
candDIR_L9_64,47,2,2,1,0
candDIR_L9_64,47,3,2,0,0
candDIR_L9_64,47,4,2,0,0
candDIR_L9_64,47,5,2,0,0
candDIR_L9_64,47,6,2,0,0
candDIR_L9_64,47,7,2,0,0
candDIR_L9_64,47,8,2,0,0
candDIR_L9_64,47,9,2,0,0
candDIR_L9_64,47,10,1,0,1
candDIR_L9_64,47,11,1,0,0
candDIR_L9_64,47,12,1,0,0
candDIR_L9_64,47,13,2,1,0
candDIR_L9_64,47,14,2,0,0
candDIR_L9_64,47,15,2,0,0
candDIR_L9_64,47,16,1,0,1
candDIR_L9_64,47,17,2,1,0
candDIR_L9_64,47,18,1,0,1
candDIR_L9_64,47,19,2,1,0
candDIR_L9_64,47,20,1,0,1
candDIR_L9_64,47,21,1,0,0
candDIR_L9_64,47,22,2,1,0
candDIR_L9_64,47,23,2,0,0
candDIR_L9_64,47,24,1,0,1
candDIR_L9_64,47,25,1,0,0
candDIR_L9_64,47,26,2,1,0
candDIR_L9_64,47,27,2,0,0
candDIR_L9_64,47,28,2,0,0
candDIR_L9_64,47,29,2,0,0
candDIR_L9_64,47,30,2,0,0
candDIR_L9_64,47,31,2,0,0
candDIR_L9_64,47,32,2,0,0
candDIR_L9_64,47,33,1,0,1
candDIR_L9_64,47,34,2,1,0
candDIR_L9_64,47,35,2,0,0
candDIR_L9_64,47,36,2,0,0
candDIR_L9_64,47,37,2,0,0
candDIR_L9_64,47,38,2,0,0
candDIR_L9_64,47,39,2,0,0
candDIR_L9_64,47,40,2,0,0
candDIR_L9_64,47,41,2,0,0
candDIR_L9_64,47,42,2,0,0
candDIR_L9_64,47,43,2,0,0
candDIR_L9_64,47,44,1,0,1
candDIR_L9_64,47,45,2,1,0
candDIR_L9_64,47,46,1,0,1
candDIR_L9_64,47,47,2,1,0
candDIR_L9_64,47,48,2,0,0
candDIR_L9_64,47,49,2,0,0
candDIR_L9_64,47,50,1,0,1
candDIR_L9_64,47,51,2,1,0
candDIR_L9_64,47,52,2,0,0
candDIR_L9_64,47,53,2,0,0
candDIR_L9_64,47,54,2,0,0
candDIR_L9_64,47,55,2,0,0
candDIR_L9_64,47,56,3,1,0
candDIR_L9_64,47,57,2,0,1
candDIR_L9_64,47,58,2,0,0
candDIR_L9_64,47,59,2,0,0
candDIR_L9_64,47,60,2,0,0
candDIR_L9_64,47,61,2,0,0
candDIR_L9_64,47,62,2,0,0
candDIR_L9_64,47,63,3,1,0
candDIR_L9_64,47,64,3,0,0
candDIR_L9_64,48,1,1,0,0
candDIR_L9_64,48,2,2,1,0
candDIR_L9_64,48,3,2,0,0
candDIR_L9_64,48,4,2,0,0
candDIR_L9_64,48,5,2,0,0
candDIR_L9_64,48,6,2,0,0
candDIR_L9_64,48,7,2,0,0
candDIR_L9_64,48,8,3,1,0
candDIR_L9_64,48,9,2,0,1
candDIR_L9_64,48,10,3,1,0
candDIR_L9_64,48,11,3,0,0
candDIR_L9_64,48,12,3,0,0
candDIR_L9_64,48,13,3,1,1
candDIR_L9_64,48,14,3,0,0
candDIR_L9_64,48,15,3,0,0
candDIR_L9_64,48,16,4,1,0
candDIR_L9_64,48,17,3,0,1
candDIR_L9_64,48,18,4,1,0
candDIR_L9_64,48,19,4,0,0
candDIR_L9_64,48,20,3,0,1
candDIR_L9_64,48,21,3,0,0
candDIR_L9_64,48,22,3,0,0
candDIR_L9_64,48,23,4,1,0
candDIR_L9_64,48,24,4,1,1
candDIR_L9_64,48,25,3,1,2
candDIR_L9_64,48,26,5,2,0
candDIR_L9_64,48,27,5,0,0
candDIR_L9_64,48,28,3,1,3
candDIR_L9_64,48,29,3,0,0
candDIR_L9_64,48,30,4,1,0
candDIR_L9_64,48,31,2,0,2
candDIR_L9_64,48,32,2,0,0
candDIR_L9_64,48,33,1,0,1
candDIR_L9_64,48,34,1,0,0
candDIR_L9_64,48,35,1,0,0
candDIR_L9_64,48,36,2,1,0
candDIR_L9_64,48,37,3,1,0
candDIR_L9_64,48,38,2,0,1
candDIR_L9_64,48,39,3,1,0
candDIR_L9_64,48,40,2,0,1
candDIR_L9_64,48,41,2,0,0
candDIR_L9_64,48,42,2,0,0
candDIR_L9_64,48,43,2,0,0
candDIR_L9_64,48,44,2,0,0
candDIR_L9_64,48,45,2,0,0
candDIR_L9_64,48,46,3,1,0
candDIR_L9_64,48,47,3,1,1
candDIR_L9_64,48,48,3,1,1
candDIR_L9_64,48,49,3,0,0
candDIR_L9_64,48,50,3,1,1
candDIR_L9_64,48,51,3,1,1
candDIR_L9_64,48,52,2,0,1
candDIR_L9_64,48,53,3,1,0
candDIR_L9_64,48,54,3,1,1
candDIR_L9_64,48,55,3,0,0
candDIR_L9_64,48,56,3,0,0
candDIR_L9_64,48,57,2,0,1
candDIR_L9_64,48,58,2,0,0
candDIR_L9_64,48,59,2,0,0
candDIR_L9_64,48,60,2,0,0
candDIR_L9_64,48,61,3,1,0
candDIR_L9_64,48,62,3,0,0
candDIR_L9_64,48,63,3,1,1
candDIR_L9_64,48,64,4,1,0
candDIR_L9_64,49,1,1,0,0
candDIR_L9_64,49,2,2,1,0
candDIR_L9_64,49,3,2,0,0
candDIR_L9_64,49,4,2,0,0
candDIR_L9_64,49,5,2,0,0
candDIR_L9_64,49,6,2,0,0
candDIR_L9_64,49,7,2,0,0
candDIR_L9_64,49,8,2,0,0
candDIR_L9_64,49,9,2,0,0
candDIR_L9_64,49,10,1,0,1
candDIR_L9_64,49,11,1,0,0
candDIR_L9_64,49,12,1,0,0
candDIR_L9_64,49,13,2,1,0
candDIR_L9_64,49,14,3,1,0
candDIR_L9_64,49,15,2,0,1
candDIR_L9_64,49,16,1,0,1
candDIR_L9_64,49,17,2,1,0
candDIR_L9_64,49,18,1,0,1
candDIR_L9_64,49,19,1,0,0
candDIR_L9_64,49,20,2,1,0
candDIR_L9_64,49,21,2,0,0
candDIR_L9_64,49,22,2,0,0
candDIR_L9_64,49,23,1,0,1
candDIR_L9_64,49,24,2,1,0
candDIR_L9_64,49,25,2,0,0
candDIR_L9_64,49,26,1,0,1
candDIR_L9_64,49,27,1,0,0
candDIR_L9_64,49,28,2,1,0
candDIR_L9_64,49,29,3,1,0
candDIR_L9_64,49,30,3,0,0
candDIR_L9_64,49,31,2,0,1
candDIR_L9_64,49,32,2,0,0
candDIR_L9_64,49,33,1,0,1
candDIR_L9_64,49,34,1,0,0
candDIR_L9_64,49,35,1,0,0
candDIR_L9_64,49,36,2,1,0
candDIR_L9_64,49,37,1,0,1
candDIR_L9_64,49,38,2,1,0
candDIR_L9_64,49,39,1,0,1
candDIR_L9_64,49,40,2,1,0
candDIR_L9_64,49,41,2,0,0
candDIR_L9_64,49,42,3,1,0
candDIR_L9_64,49,43,2,0,1
candDIR_L9_64,49,44,3,1,0
candDIR_L9_64,49,45,4,1,0
candDIR_L9_64,49,46,1,0,3
candDIR_L9_64,49,47,2,1,0
candDIR_L9_64,49,48,1,0,1
candDIR_L9_64,49,49,1,0,0
candDIR_L9_64,49,50,2,1,0
candDIR_L9_64,49,51,1,0,1
candDIR_L9_64,49,52,2,1,0
candDIR_L9_64,49,53,1,0,1
candDIR_L9_64,49,54,2,1,0
candDIR_L9_64,49,55,3,1,0
candDIR_L9_64,49,56,3,1,1
candDIR_L9_64,49,57,2,0,1
candDIR_L9_64,49,58,2,0,0
candDIR_L9_64,49,59,2,0,0
candDIR_L9_64,49,60,2,0,0
candDIR_L9_64,49,61,2,0,0
candDIR_L9_64,49,62,2,0,0
candDIR_L9_64,49,63,2,0,0
candDIR_L9_64,49,64,2,0,0
candDIR_L9_64,50,1,1,0,0
candDIR_L9_64,50,2,2,1,0
candDIR_L9_64,50,3,2,0,0
candDIR_L9_64,50,4,2,0,0
candDIR_L9_64,50,5,2,0,0
candDIR_L9_64,50,6,2,0,0
candDIR_L9_64,50,7,2,0,0
candDIR_L9_64,50,8,2,0,0
candDIR_L9_64,50,9,2,0,0
candDIR_L9_64,50,10,1,0,1
candDIR_L9_64,50,11,1,0,0
candDIR_L9_64,50,12,1,0,0
candDIR_L9_64,50,13,2,1,0
candDIR_L9_64,50,14,2,0,0
candDIR_L9_64,50,15,2,0,0
candDIR_L9_64,50,16,1,0,1
candDIR_L9_64,50,17,3,2,0
candDIR_L9_64,50,18,1,0,2
candDIR_L9_64,50,19,2,1,0
candDIR_L9_64,50,20,2,0,0
candDIR_L9_64,50,21,2,0,0
candDIR_L9_64,50,22,2,0,0
candDIR_L9_64,50,23,2,0,0
candDIR_L9_64,50,24,1,0,1
candDIR_L9_64,50,25,2,1,0
candDIR_L9_64,50,26,1,0,1
candDIR_L9_64,50,27,1,0,0
candDIR_L9_64,50,28,2,1,0
candDIR_L9_64,50,29,2,0,0
candDIR_L9_64,50,30,2,0,0
candDIR_L9_64,50,31,2,0,0
candDIR_L9_64,50,32,2,0,0
candDIR_L9_64,50,33,1,0,1
candDIR_L9_64,50,34,1,0,0
candDIR_L9_64,50,35,1,0,0
candDIR_L9_64,50,36,2,1,0
candDIR_L9_64,50,37,2,0,0
candDIR_L9_64,50,38,2,0,0
candDIR_L9_64,50,39,2,0,0
candDIR_L9_64,50,40,2,0,0
candDIR_L9_64,50,41,2,0,0
candDIR_L9_64,50,42,1,0,1
candDIR_L9_64,50,43,2,1,0
candDIR_L9_64,50,44,2,0,0
candDIR_L9_64,50,45,1,0,1
candDIR_L9_64,50,46,2,1,0
candDIR_L9_64,50,47,2,0,0
candDIR_L9_64,50,48,2,0,0
candDIR_L9_64,50,49,2,0,0
candDIR_L9_64,50,50,1,0,1
candDIR_L9_64,50,51,2,1,0
candDIR_L9_64,50,52,2,0,0
candDIR_L9_64,50,53,2,0,0
candDIR_L9_64,50,54,2,0,0
candDIR_L9_64,50,55,2,0,0
candDIR_L9_64,50,56,1,0,1
candDIR_L9_64,50,57,2,1,0
candDIR_L9_64,50,58,2,0,0
candDIR_L9_64,50,59,3,1,0
candDIR_L9_64,50,60,2,0,1
candDIR_L9_64,50,61,2,0,0
candDIR_L9_64,50,62,2,0,0
candDIR_L9_64,50,63,2,0,0
candDIR_L9_64,50,64,3,1,0
candDIR_L9_64,51,1,1,0,0
candDIR_L9_64,51,2,2,1,0
candDIR_L9_64,51,3,2,0,0
candDIR_L9_64,51,4,2,0,0
candDIR_L9_64,51,5,2,0,0
candDIR_L9_64,51,6,2,0,0
candDIR_L9_64,51,7,3,1,0
candDIR_L9_64,51,8,4,1,0
candDIR_L9_64,51,9,3,0,1
candDIR_L9_64,51,10,3,0,0
candDIR_L9_64,51,11,3,0,0
candDIR_L9_64,51,12,3,1,1
candDIR_L9_64,51,13,1,0,2
candDIR_L9_64,51,14,1,0,0
candDIR_L9_64,51,15,1,0,0
candDIR_L9_64,51,16,1,0,0
candDIR_L9_64,51,17,2,1,0
candDIR_L9_64,51,18,1,0,1
candDIR_L9_64,51,19,1,0,0
candDIR_L9_64,51,20,1,0,0
candDIR_L9_64,51,21,1,0,0
candDIR_L9_64,51,22,1,0,0
candDIR_L9_64,51,23,2,1,0
candDIR_L9_64,51,24,4,2,0
candDIR_L9_64,51,25,4,1,1
candDIR_L9_64,51,26,3,0,1
candDIR_L9_64,51,27,3,1,1
candDIR_L9_64,51,28,3,0,0
candDIR_L9_64,51,29,1,0,2
candDIR_L9_64,51,30,3,2,0
candDIR_L9_64,51,31,2,0,1
candDIR_L9_64,51,32,2,0,0
candDIR_L9_64,51,33,3,1,0
candDIR_L9_64,51,34,3,0,0
candDIR_L9_64,51,35,3,0,0
candDIR_L9_64,51,36,1,0,2
candDIR_L9_64,51,37,3,2,0
candDIR_L9_64,51,38,2,0,1
candDIR_L9_64,51,39,3,1,0
candDIR_L9_64,51,40,3,1,1
candDIR_L9_64,51,41,2,0,1
candDIR_L9_64,51,42,3,1,0
candDIR_L9_64,51,43,2,0,1
candDIR_L9_64,51,44,1,0,1
candDIR_L9_64,51,45,2,1,0
candDIR_L9_64,51,46,1,0,1
candDIR_L9_64,51,47,2,1,0
candDIR_L9_64,51,48,2,0,0
candDIR_L9_64,51,49,3,1,0
candDIR_L9_64,51,50,3,0,0
candDIR_L9_64,51,51,2,0,1
candDIR_L9_64,51,52,2,0,0
candDIR_L9_64,51,53,2,0,0
candDIR_L9_64,51,54,3,1,0
candDIR_L9_64,51,55,2,0,1
candDIR_L9_64,51,56,2,0,0
candDIR_L9_64,51,57,2,0,0
candDIR_L9_64,51,58,3,1,0
candDIR_L9_64,51,59,3,0,0
candDIR_L9_64,51,60,3,0,0
candDIR_L9_64,51,61,2,0,1
candDIR_L9_64,51,62,1,0,1
candDIR_L9_64,51,63,1,0,0
candDIR_L9_64,51,64,2,1,0
candDIR_L9_64,52,1,1,0,0
candDIR_L9_64,52,2,2,1,0
candDIR_L9_64,52,3,2,0,0
candDIR_L9_64,52,4,2,0,0
candDIR_L9_64,52,5,2,0,0
candDIR_L9_64,52,6,2,0,0
candDIR_L9_64,52,7,3,1,0
candDIR_L9_64,52,8,1,0,2
candDIR_L9_64,52,9,2,1,0
candDIR_L9_64,52,10,3,1,0
candDIR_L9_64,52,11,3,0,0
candDIR_L9_64,52,12,1,0,2
candDIR_L9_64,52,13,2,1,0
candDIR_L9_64,52,14,2,0,0
candDIR_L9_64,52,15,3,1,0
candDIR_L9_64,52,16,4,1,0
candDIR_L9_64,52,17,1,0,3
candDIR_L9_64,52,18,1,0,0
candDIR_L9_64,52,19,1,0,0
candDIR_L9_64,52,20,2,1,0
candDIR_L9_64,52,21,2,0,0
candDIR_L9_64,52,22,3,1,0
candDIR_L9_64,52,23,3,0,0
candDIR_L9_64,52,24,1,0,2
candDIR_L9_64,52,25,4,3,0
candDIR_L9_64,52,26,4,0,0
candDIR_L9_64,52,27,1,0,3
candDIR_L9_64,52,28,1,0,0
candDIR_L9_64,52,29,2,1,0
candDIR_L9_64,52,30,3,1,0
candDIR_L9_64,52,31,2,0,1
candDIR_L9_64,52,32,2,0,0
candDIR_L9_64,52,33,1,0,1
candDIR_L9_64,52,34,1,0,0
candDIR_L9_64,52,35,1,0,0
candDIR_L9_64,52,36,1,0,0
candDIR_L9_64,52,37,1,0,0
candDIR_L9_64,52,38,2,1,0
candDIR_L9_64,52,39,1,0,1
candDIR_L9_64,52,40,2,1,0
candDIR_L9_64,52,41,2,0,0
candDIR_L9_64,52,42,2,0,0
candDIR_L9_64,52,43,3,1,0
candDIR_L9_64,52,44,2,0,1
candDIR_L9_64,52,45,3,1,0
candDIR_L9_64,52,46,4,1,0
candDIR_L9_64,52,47,3,0,1
candDIR_L9_64,52,48,3,0,0
candDIR_L9_64,52,49,1,0,2
candDIR_L9_64,52,50,1,0,0
candDIR_L9_64,52,51,3,2,0
candDIR_L9_64,52,52,3,1,1
candDIR_L9_64,52,53,2,0,1
candDIR_L9_64,52,54,2,0,0
candDIR_L9_64,52,55,2,0,0
candDIR_L9_64,52,56,2,0,0
candDIR_L9_64,52,57,2,0,0
candDIR_L9_64,52,58,2,0,0
candDIR_L9_64,52,59,2,0,0
candDIR_L9_64,52,60,2,0,0
candDIR_L9_64,52,61,2,0,0
candDIR_L9_64,52,62,1,0,1
candDIR_L9_64,52,63,1,0,0
candDIR_L9_64,52,64,2,1,0
candDIR_L9_64,53,1,1,0,0
candDIR_L9_64,53,2,2,1,0
candDIR_L9_64,53,3,2,0,0
candDIR_L9_64,53,4,2,0,0
candDIR_L9_64,53,5,2,0,0
candDIR_L9_64,53,6,2,0,0
candDIR_L9_64,53,7,1,0,1
candDIR_L9_64,53,8,2,1,0
candDIR_L9_64,53,9,2,0,0
candDIR_L9_64,53,10,1,0,1
candDIR_L9_64,53,11,1,0,0
candDIR_L9_64,53,12,1,0,0
candDIR_L9_64,53,13,2,1,0
candDIR_L9_64,53,14,2,0,0
candDIR_L9_64,53,15,2,0,0
candDIR_L9_64,53,16,1,0,1
candDIR_L9_64,53,17,2,1,0
candDIR_L9_64,53,18,2,0,0
candDIR_L9_64,53,19,3,1,0
candDIR_L9_64,53,20,2,0,1
candDIR_L9_64,53,21,3,1,0
candDIR_L9_64,53,22,3,0,0
candDIR_L9_64,53,23,2,0,1
candDIR_L9_64,53,24,1,0,1
candDIR_L9_64,53,25,1,0,0
candDIR_L9_64,53,26,1,0,0
candDIR_L9_64,53,27,1,0,0
candDIR_L9_64,53,28,1,0,0
candDIR_L9_64,53,29,2,1,0
candDIR_L9_64,53,30,1,0,1
candDIR_L9_64,53,31,2,1,0
candDIR_L9_64,53,32,2,0,0
candDIR_L9_64,53,33,2,0,0
candDIR_L9_64,53,34,3,1,0
candDIR_L9_64,53,35,3,0,0
candDIR_L9_64,53,36,2,0,1
candDIR_L9_64,53,37,3,1,0
candDIR_L9_64,53,38,3,1,1
candDIR_L9_64,53,39,2,0,1
candDIR_L9_64,53,40,2,0,0
candDIR_L9_64,53,41,2,0,0
candDIR_L9_64,53,42,1,0,1
candDIR_L9_64,53,43,3,2,0
candDIR_L9_64,53,44,2,0,1
candDIR_L9_64,53,45,1,0,1
candDIR_L9_64,53,46,1,0,0
candDIR_L9_64,53,47,2,1,0
candDIR_L9_64,53,48,2,0,0
candDIR_L9_64,53,49,2,0,0
candDIR_L9_64,53,50,2,0,0
candDIR_L9_64,53,51,2,0,0
candDIR_L9_64,53,52,1,0,1
candDIR_L9_64,53,53,2,1,0
candDIR_L9_64,53,54,3,1,0
candDIR_L9_64,53,55,2,0,1
candDIR_L9_64,53,56,2,0,0
candDIR_L9_64,53,57,2,0,0
candDIR_L9_64,53,58,2,0,0
candDIR_L9_64,53,59,2,0,0
candDIR_L9_64,53,60,2,0,0
candDIR_L9_64,53,61,2,0,0
candDIR_L9_64,53,62,2,0,0
candDIR_L9_64,53,63,1,0,1
candDIR_L9_64,53,64,3,2,0
candDIR_L9_64,54,1,1,0,0
candDIR_L9_64,54,2,2,1,0
candDIR_L9_64,54,3,2,0,0
candDIR_L9_64,54,4,2,0,0
candDIR_L9_64,54,5,2,0,0
candDIR_L9_64,54,6,2,0,0
candDIR_L9_64,54,7,2,0,0
candDIR_L9_64,54,8,1,0,1
candDIR_L9_64,54,9,3,2,0
candDIR_L9_64,54,10,2,0,1
candDIR_L9_64,54,11,2,0,0
candDIR_L9_64,54,12,2,0,0
candDIR_L9_64,54,13,1,0,1
candDIR_L9_64,54,14,1,0,0
candDIR_L9_64,54,15,1,0,0
candDIR_L9_64,54,16,1,0,0
candDIR_L9_64,54,17,1,0,0
candDIR_L9_64,54,18,1,0,0
candDIR_L9_64,54,19,1,0,0
candDIR_L9_64,54,20,1,0,0
candDIR_L9_64,54,21,1,0,0
candDIR_L9_64,54,22,1,0,0
candDIR_L9_64,54,23,1,0,0
candDIR_L9_64,54,24,1,0,0
candDIR_L9_64,54,25,2,1,0
candDIR_L9_64,54,26,2,0,0
candDIR_L9_64,54,27,3,1,0
candDIR_L9_64,54,28,2,0,1
candDIR_L9_64,54,29,2,0,0
candDIR_L9_64,54,30,2,0,0
candDIR_L9_64,54,31,2,0,0
candDIR_L9_64,54,32,2,0,0
candDIR_L9_64,54,33,2,0,0
candDIR_L9_64,54,34,1,0,1
candDIR_L9_64,54,35,1,0,0
candDIR_L9_64,54,36,1,0,0
candDIR_L9_64,54,37,1,0,0
candDIR_L9_64,54,38,1,0,0
candDIR_L9_64,54,39,2,1,0
candDIR_L9_64,54,40,2,0,0
candDIR_L9_64,54,41,2,0,0
candDIR_L9_64,54,42,2,0,0
candDIR_L9_64,54,43,2,0,0
candDIR_L9_64,54,44,1,0,1
candDIR_L9_64,54,45,3,2,0
candDIR_L9_64,54,46,3,0,0
candDIR_L9_64,54,47,2,0,1
candDIR_L9_64,54,48,2,0,0
candDIR_L9_64,54,49,3,1,0
candDIR_L9_64,54,50,2,0,1
candDIR_L9_64,54,51,2,0,0
candDIR_L9_64,54,52,3,1,0
candDIR_L9_64,54,53,3,1,1
candDIR_L9_64,54,54,2,0,1
candDIR_L9_64,54,55,2,0,0
candDIR_L9_64,54,56,2,0,0
candDIR_L9_64,54,57,2,0,0
candDIR_L9_64,54,58,2,0,0
candDIR_L9_64,54,59,2,0,0
candDIR_L9_64,54,60,2,0,0
candDIR_L9_64,54,61,2,0,0
candDIR_L9_64,54,62,2,0,0
candDIR_L9_64,54,63,3,1,0
candDIR_L9_64,54,64,3,0,0
candDIR_L9_64,55,1,1,0,0
candDIR_L9_64,55,2,2,1,0
candDIR_L9_64,55,3,2,0,0
candDIR_L9_64,55,4,2,0,0
candDIR_L9_64,55,5,2,0,0
candDIR_L9_64,55,6,2,0,0
candDIR_L9_64,55,7,3,1,0
candDIR_L9_64,55,8,1,0,2
candDIR_L9_64,55,9,2,1,0
candDIR_L9_64,55,10,3,1,0
candDIR_L9_64,55,11,3,0,0
candDIR_L9_64,55,12,3,0,0
candDIR_L9_64,55,13,3,0,0
candDIR_L9_64,55,14,3,0,0
candDIR_L9_64,55,15,3,0,0
candDIR_L9_64,55,16,3,0,0
candDIR_L9_64,55,17,4,1,0
candDIR_L9_64,55,18,3,0,1
candDIR_L9_64,55,19,4,1,0
candDIR_L9_64,55,20,3,0,1
candDIR_L9_64,55,21,1,0,2
candDIR_L9_64,55,22,1,0,0
candDIR_L9_64,55,23,2,1,0
candDIR_L9_64,55,24,3,1,0
candDIR_L9_64,55,25,2,0,1
candDIR_L9_64,55,26,2,0,0
candDIR_L9_64,55,27,1,0,1
candDIR_L9_64,55,28,2,1,0
candDIR_L9_64,55,29,3,1,0
candDIR_L9_64,55,30,3,0,0
candDIR_L9_64,55,31,2,0,1
candDIR_L9_64,55,32,3,1,0
candDIR_L9_64,55,33,3,0,0
candDIR_L9_64,55,34,3,0,0
candDIR_L9_64,55,35,2,0,1
candDIR_L9_64,55,36,2,0,0
candDIR_L9_64,55,37,2,0,0
candDIR_L9_64,55,38,3,1,0
candDIR_L9_64,55,39,3,0,0
candDIR_L9_64,55,40,2,0,1
candDIR_L9_64,55,41,1,0,1
candDIR_L9_64,55,42,1,0,0
candDIR_L9_64,55,43,2,1,0
candDIR_L9_64,55,44,1,0,1
candDIR_L9_64,55,45,1,0,0
candDIR_L9_64,55,46,1,0,0
candDIR_L9_64,55,47,2,1,0
candDIR_L9_64,55,48,2,0,0
candDIR_L9_64,55,49,1,0,1
candDIR_L9_64,55,50,2,1,0
candDIR_L9_64,55,51,2,0,0
candDIR_L9_64,55,52,1,0,1
candDIR_L9_64,55,53,2,1,0
candDIR_L9_64,55,54,2,0,0
candDIR_L9_64,55,55,2,0,0
candDIR_L9_64,55,56,2,0,0
candDIR_L9_64,55,57,2,0,0
candDIR_L9_64,55,58,2,0,0
candDIR_L9_64,55,59,2,0,0
candDIR_L9_64,55,60,2,0,0
candDIR_L9_64,55,61,2,0,0
candDIR_L9_64,55,62,2,0,0
candDIR_L9_64,55,63,1,0,1
candDIR_L9_64,55,64,1,0,0
candDIR_L9_64,56,1,1,0,0
candDIR_L9_64,56,2,2,1,0
candDIR_L9_64,56,3,2,0,0
candDIR_L9_64,56,4,2,0,0
candDIR_L9_64,56,5,2,0,0
candDIR_L9_64,56,6,2,0,0
candDIR_L9_64,56,7,1,0,1
candDIR_L9_64,56,8,1,0,0
candDIR_L9_64,56,9,2,1,0
candDIR_L9_64,56,10,1,0,1
candDIR_L9_64,56,11,1,0,0
candDIR_L9_64,56,12,1,0,0
candDIR_L9_64,56,13,1,0,0
candDIR_L9_64,56,14,1,0,0
candDIR_L9_64,56,15,1,0,0
candDIR_L9_64,56,16,1,0,0
candDIR_L9_64,56,17,1,0,0
candDIR_L9_64,56,18,2,1,0
candDIR_L9_64,56,19,1,0,1
candDIR_L9_64,56,20,2,1,0
candDIR_L9_64,56,21,1,0,1
candDIR_L9_64,56,22,1,0,0
candDIR_L9_64,56,23,2,1,0
candDIR_L9_64,56,24,2,0,0
candDIR_L9_64,56,25,2,0,0
candDIR_L9_64,56,26,1,0,1
candDIR_L9_64,56,27,1,0,0
candDIR_L9_64,56,28,2,1,0
candDIR_L9_64,56,29,1,0,1
candDIR_L9_64,56,30,1,0,0
candDIR_L9_64,56,31,2,1,0
candDIR_L9_64,56,32,2,0,0
candDIR_L9_64,56,33,2,0,0
candDIR_L9_64,56,34,2,0,0
candDIR_L9_64,56,35,2,0,0
candDIR_L9_64,56,36,2,0,0
candDIR_L9_64,56,37,2,0,0
candDIR_L9_64,56,38,1,0,1
candDIR_L9_64,56,39,1,0,0
candDIR_L9_64,56,40,2,1,0
candDIR_L9_64,56,41,2,0,0
candDIR_L9_64,56,42,2,0,0
candDIR_L9_64,56,43,2,0,0
candDIR_L9_64,56,44,2,0,0
candDIR_L9_64,56,45,2,0,0
candDIR_L9_64,56,46,2,0,0
candDIR_L9_64,56,47,2,0,0
candDIR_L9_64,56,48,2,0,0
candDIR_L9_64,56,49,2,0,0
candDIR_L9_64,56,50,2,0,0
candDIR_L9_64,56,51,2,0,0
candDIR_L9_64,56,52,1,0,1
candDIR_L9_64,56,53,2,1,0
candDIR_L9_64,56,54,2,0,0
candDIR_L9_64,56,55,2,0,0
candDIR_L9_64,56,56,2,0,0
candDIR_L9_64,56,57,2,0,0
candDIR_L9_64,56,58,2,0,0
candDIR_L9_64,56,59,2,0,0
candDIR_L9_64,56,60,2,0,0
candDIR_L9_64,56,61,2,0,0
candDIR_L9_64,56,62,2,0,0
candDIR_L9_64,56,63,2,0,0
candDIR_L9_64,56,64,2,0,0
candDIR_L9_64,57,1,1,0,0
candDIR_L9_64,57,2,2,1,0
candDIR_L9_64,57,3,2,0,0
candDIR_L9_64,57,4,2,0,0
candDIR_L9_64,57,5,2,0,0
candDIR_L9_64,57,6,2,0,0
candDIR_L9_64,57,7,3,1,0
candDIR_L9_64,57,8,1,0,2
candDIR_L9_64,57,9,4,3,0
candDIR_L9_64,57,10,5,1,0
candDIR_L9_64,57,11,3,0,2
candDIR_L9_64,57,12,3,1,1
candDIR_L9_64,57,13,2,0,1
candDIR_L9_64,57,14,2,0,0
candDIR_L9_64,57,15,1,0,1
candDIR_L9_64,57,16,2,1,0
candDIR_L9_64,57,17,1,0,1
candDIR_L9_64,57,18,2,1,0
candDIR_L9_64,57,19,3,1,0
candDIR_L9_64,57,20,1,0,2
candDIR_L9_64,57,21,1,0,0
candDIR_L9_64,57,22,1,0,0
candDIR_L9_64,57,23,1,0,0
candDIR_L9_64,57,24,4,3,0
candDIR_L9_64,57,25,5,1,0
candDIR_L9_64,57,26,2,0,3
candDIR_L9_64,57,27,2,0,0
candDIR_L9_64,57,28,2,0,0
candDIR_L9_64,57,29,2,0,0
candDIR_L9_64,57,30,1,0,1
candDIR_L9_64,57,31,2,1,0
candDIR_L9_64,57,32,3,1,0
candDIR_L9_64,57,33,2,0,1
candDIR_L9_64,57,34,1,0,1
candDIR_L9_64,57,35,1,0,0
candDIR_L9_64,57,36,2,1,0
candDIR_L9_64,57,37,1,0,1
candDIR_L9_64,57,38,1,0,0
candDIR_L9_64,57,39,2,1,0
candDIR_L9_64,57,40,2,0,0
candDIR_L9_64,57,41,2,0,0
candDIR_L9_64,57,42,2,0,0
candDIR_L9_64,57,43,2,0,0
candDIR_L9_64,57,44,1,0,1
candDIR_L9_64,57,45,1,0,0
candDIR_L9_64,57,46,2,1,0
candDIR_L9_64,57,47,2,0,0
candDIR_L9_64,57,48,2,0,0
candDIR_L9_64,57,49,2,0,0
candDIR_L9_64,57,50,2,0,0
candDIR_L9_64,57,51,3,1,0
candDIR_L9_64,57,52,3,0,0
candDIR_L9_64,57,53,3,0,0
candDIR_L9_64,57,54,2,0,1
candDIR_L9_64,57,55,4,2,0
candDIR_L9_64,57,56,5,1,0
candDIR_L9_64,57,57,2,0,3
candDIR_L9_64,57,58,2,0,0
candDIR_L9_64,57,59,2,0,0
candDIR_L9_64,57,60,2,0,0
candDIR_L9_64,57,61,1,0,1
candDIR_L9_64,57,62,2,1,0
candDIR_L9_64,57,63,1,0,1
candDIR_L9_64,57,64,1,0,0
candDIR_L9_64,58,1,1,0,0
candDIR_L9_64,58,2,2,1,0
candDIR_L9_64,58,3,2,0,0
candDIR_L9_64,58,4,2,0,0
candDIR_L9_64,58,5,2,0,0
candDIR_L9_64,58,6,2,0,0
candDIR_L9_64,58,7,3,1,0
candDIR_L9_64,58,8,2,0,1
candDIR_L9_64,58,9,3,1,0
candDIR_L9_64,58,10,1,0,2
candDIR_L9_64,58,11,3,2,0
candDIR_L9_64,58,12,1,0,2
candDIR_L9_64,58,13,2,1,0
candDIR_L9_64,58,14,2,0,0
candDIR_L9_64,58,15,2,0,0
candDIR_L9_64,58,16,2,0,0
candDIR_L9_64,58,17,2,0,0
candDIR_L9_64,58,18,3,1,0
candDIR_L9_64,58,19,1,0,2
candDIR_L9_64,58,20,1,0,0
candDIR_L9_64,58,21,1,0,0
candDIR_L9_64,58,22,1,0,0
candDIR_L9_64,58,23,1,0,0
candDIR_L9_64,58,24,1,0,0
candDIR_L9_64,58,25,1,0,0
candDIR_L9_64,58,26,2,1,0
candDIR_L9_64,58,27,2,0,0
candDIR_L9_64,58,28,3,1,0
candDIR_L9_64,58,29,2,0,1
candDIR_L9_64,58,30,3,1,0
candDIR_L9_64,58,31,2,0,1
candDIR_L9_64,58,32,3,1,0
candDIR_L9_64,58,33,3,0,0
candDIR_L9_64,58,34,1,0,2
candDIR_L9_64,58,35,3,2,0
candDIR_L9_64,58,36,1,0,2
candDIR_L9_64,58,37,1,0,0
candDIR_L9_64,58,38,2,1,0
candDIR_L9_64,58,39,4,2,0
candDIR_L9_64,58,40,4,0,0
candDIR_L9_64,58,41,4,0,0
candDIR_L9_64,58,42,4,0,0
candDIR_L9_64,58,43,2,0,2
candDIR_L9_64,58,44,1,0,1
candDIR_L9_64,58,45,3,2,0
candDIR_L9_64,58,46,3,1,1
candDIR_L9_64,58,47,2,0,1
candDIR_L9_64,58,48,3,1,0
candDIR_L9_64,58,49,2,0,1
candDIR_L9_64,58,50,3,1,0
candDIR_L9_64,58,51,1,0,2
candDIR_L9_64,58,52,1,0,0
candDIR_L9_64,58,53,1,0,0
candDIR_L9_64,58,54,2,1,0
candDIR_L9_64,58,55,1,0,1
candDIR_L9_64,58,56,1,0,0
candDIR_L9_64,58,57,3,2,0
candDIR_L9_64,58,58,3,0,0
candDIR_L9_64,58,59,3,0,0
candDIR_L9_64,58,60,3,0,0
candDIR_L9_64,58,61,2,0,1
candDIR_L9_64,58,62,3,1,0
candDIR_L9_64,58,63,4,1,0
candDIR_L9_64,58,64,5,1,0
candDIR_L9_64,59,1,1,0,0
candDIR_L9_64,59,2,2,1,0
candDIR_L9_64,59,3,2,0,0
candDIR_L9_64,59,4,2,0,0
candDIR_L9_64,59,5,2,0,0
candDIR_L9_64,59,6,2,0,0
candDIR_L9_64,59,7,1,0,1
candDIR_L9_64,59,8,2,1,0
candDIR_L9_64,59,9,2,0,0
candDIR_L9_64,59,10,1,0,1
candDIR_L9_64,59,11,1,0,0
candDIR_L9_64,59,12,1,0,0
candDIR_L9_64,59,13,2,1,0
candDIR_L9_64,59,14,2,0,0
candDIR_L9_64,59,15,3,1,0
candDIR_L9_64,59,16,3,1,1
candDIR_L9_64,59,17,3,0,0
candDIR_L9_64,59,18,1,0,2
candDIR_L9_64,59,19,2,1,0
candDIR_L9_64,59,20,1,0,1
candDIR_L9_64,59,21,1,0,0
candDIR_L9_64,59,22,1,0,0
candDIR_L9_64,59,23,1,0,0
candDIR_L9_64,59,24,1,0,0
candDIR_L9_64,59,25,1,0,0
candDIR_L9_64,59,26,2,1,0
candDIR_L9_64,59,27,2,0,0
candDIR_L9_64,59,28,1,0,1
candDIR_L9_64,59,29,2,1,0
candDIR_L9_64,59,30,1,0,1
candDIR_L9_64,59,31,2,1,0
candDIR_L9_64,59,32,2,0,0
candDIR_L9_64,59,33,2,0,0
candDIR_L9_64,59,34,1,0,1
candDIR_L9_64,59,35,1,0,0
candDIR_L9_64,59,36,1,0,0
candDIR_L9_64,59,37,2,1,0
candDIR_L9_64,59,38,2,0,0
candDIR_L9_64,59,39,2,0,0
candDIR_L9_64,59,40,2,0,0
candDIR_L9_64,59,41,2,0,0
candDIR_L9_64,59,42,2,0,0
candDIR_L9_64,59,43,2,0,0
candDIR_L9_64,59,44,2,0,0
candDIR_L9_64,59,45,2,0,0
candDIR_L9_64,59,46,1,0,1
candDIR_L9_64,59,47,2,1,0
candDIR_L9_64,59,48,1,0,1
candDIR_L9_64,59,49,2,1,0
candDIR_L9_64,59,50,1,0,1
candDIR_L9_64,59,51,1,0,0
candDIR_L9_64,59,52,1,0,0
candDIR_L9_64,59,53,1,0,0
candDIR_L9_64,59,54,2,1,0
candDIR_L9_64,59,55,2,0,0
candDIR_L9_64,59,56,1,0,1
candDIR_L9_64,59,57,2,1,0
candDIR_L9_64,59,58,2,0,0
candDIR_L9_64,59,59,2,0,0
candDIR_L9_64,59,60,2,0,0
candDIR_L9_64,59,61,2,0,0
candDIR_L9_64,59,62,2,0,0
candDIR_L9_64,59,63,1,0,1
candDIR_L9_64,59,64,1,0,0
candDIR_L9_64,60,1,1,0,0
candDIR_L9_64,60,2,2,1,0
candDIR_L9_64,60,3,2,0,0
candDIR_L9_64,60,4,2,0,0
candDIR_L9_64,60,5,2,0,0
candDIR_L9_64,60,6,2,0,0
candDIR_L9_64,60,7,2,0,0
candDIR_L9_64,60,8,2,0,0
candDIR_L9_64,60,9,3,1,0
candDIR_L9_64,60,10,4,1,0
candDIR_L9_64,60,11,2,0,2
candDIR_L9_64,60,12,2,0,0
candDIR_L9_64,60,13,2,0,0
candDIR_L9_64,60,14,2,0,0
candDIR_L9_64,60,15,2,0,0
candDIR_L9_64,60,16,3,1,0
candDIR_L9_64,60,17,3,0,0
candDIR_L9_64,60,18,1,0,2
candDIR_L9_64,60,19,1,0,0
candDIR_L9_64,60,20,1,0,0
candDIR_L9_64,60,21,1,0,0
candDIR_L9_64,60,22,1,0,0
candDIR_L9_64,60,23,1,0,0
candDIR_L9_64,60,24,1,0,0
candDIR_L9_64,60,25,2,1,0
candDIR_L9_64,60,26,2,0,0
candDIR_L9_64,60,27,2,0,0
candDIR_L9_64,60,28,2,0,0
candDIR_L9_64,60,29,2,0,0
candDIR_L9_64,60,30,2,0,0
candDIR_L9_64,60,31,2,0,0
candDIR_L9_64,60,32,3,1,0
candDIR_L9_64,60,33,3,0,0
candDIR_L9_64,60,34,1,0,2
candDIR_L9_64,60,35,3,2,0
candDIR_L9_64,60,36,3,0,0
candDIR_L9_64,60,37,3,0,0
candDIR_L9_64,60,38,3,1,1
candDIR_L9_64,60,39,2,0,1
candDIR_L9_64,60,40,3,1,0
candDIR_L9_64,60,41,2,0,1
candDIR_L9_64,60,42,4,2,0
candDIR_L9_64,60,43,2,0,2
candDIR_L9_64,60,44,1,0,1
candDIR_L9_64,60,45,1,0,0
candDIR_L9_64,60,46,1,0,0
candDIR_L9_64,60,47,2,1,0
candDIR_L9_64,60,48,1,0,1
candDIR_L9_64,60,49,1,0,0
candDIR_L9_64,60,50,1,0,0
candDIR_L9_64,60,51,2,1,0
candDIR_L9_64,60,52,3,1,0
candDIR_L9_64,60,53,3,0,0
candDIR_L9_64,60,54,2,0,1
candDIR_L9_64,60,55,1,0,1
candDIR_L9_64,60,56,1,0,0
candDIR_L9_64,60,57,2,1,0
candDIR_L9_64,60,58,2,0,0
candDIR_L9_64,60,59,2,0,0
candDIR_L9_64,60,60,2,0,0
candDIR_L9_64,60,61,3,1,0
candDIR_L9_64,60,62,4,2,1
candDIR_L9_64,60,63,1,0,3
candDIR_L9_64,60,64,1,0,0
candDIR_L9_64,61,1,1,0,0
candDIR_L9_64,61,2,2,1,0
candDIR_L9_64,61,3,2,0,0
candDIR_L9_64,61,4,2,0,0
candDIR_L9_64,61,5,2,0,0
candDIR_L9_64,61,6,2,0,0
candDIR_L9_64,61,7,3,1,0
candDIR_L9_64,61,8,3,0,0
candDIR_L9_64,61,9,2,0,1
candDIR_L9_64,61,10,1,0,1
candDIR_L9_64,61,11,3,2,0
candDIR_L9_64,61,12,2,0,1
candDIR_L9_64,61,13,2,0,0
candDIR_L9_64,61,14,2,0,0
candDIR_L9_64,61,15,3,1,0
candDIR_L9_64,61,16,1,0,2
candDIR_L9_64,61,17,1,0,0
candDIR_L9_64,61,18,1,0,0
candDIR_L9_64,61,19,2,1,0
candDIR_L9_64,61,20,3,1,0
candDIR_L9_64,61,21,4,1,0
candDIR_L9_64,61,22,1,0,3
candDIR_L9_64,61,23,1,0,0
candDIR_L9_64,61,24,1,0,0
candDIR_L9_64,61,25,3,2,0
candDIR_L9_64,61,26,3,1,1
candDIR_L9_64,61,27,3,0,0
candDIR_L9_64,61,28,2,0,1
candDIR_L9_64,61,29,2,0,0
candDIR_L9_64,61,30,4,2,0
candDIR_L9_64,61,31,2,0,2
candDIR_L9_64,61,32,2,0,0
candDIR_L9_64,61,33,4,2,0
candDIR_L9_64,61,34,3,0,1
candDIR_L9_64,61,35,4,1,0
candDIR_L9_64,61,36,4,0,0
candDIR_L9_64,61,37,2,0,2
candDIR_L9_64,61,38,1,0,1
candDIR_L9_64,61,39,2,1,0
candDIR_L9_64,61,40,2,0,0
candDIR_L9_64,61,41,2,0,0
candDIR_L9_64,61,42,1,0,1
candDIR_L9_64,61,43,2,1,0
candDIR_L9_64,61,44,1,0,1
candDIR_L9_64,61,45,2,1,0
candDIR_L9_64,61,46,2,0,0
candDIR_L9_64,61,47,2,0,0
candDIR_L9_64,61,48,2,0,0
candDIR_L9_64,61,49,2,0,0
candDIR_L9_64,61,50,2,0,0
candDIR_L9_64,61,51,4,2,0
candDIR_L9_64,61,52,1,0,3
candDIR_L9_64,61,53,1,0,0
candDIR_L9_64,61,54,2,1,0
candDIR_L9_64,61,55,2,0,0
candDIR_L9_64,61,56,3,1,0
candDIR_L9_64,61,57,2,0,1
candDIR_L9_64,61,58,2,0,0
candDIR_L9_64,61,59,2,0,0
candDIR_L9_64,61,60,2,0,0
candDIR_L9_64,61,61,2,0,0
candDIR_L9_64,61,62,1,0,1
candDIR_L9_64,61,63,1,0,0
candDIR_L9_64,61,64,2,1,0
candDIR_L9_64,62,1,1,0,0
candDIR_L9_64,62,2,2,1,0
candDIR_L9_64,62,3,2,0,0
candDIR_L9_64,62,4,2,0,0
candDIR_L9_64,62,5,2,0,0
candDIR_L9_64,62,6,2,0,0
candDIR_L9_64,62,7,1,0,1
candDIR_L9_64,62,8,1,0,0
candDIR_L9_64,62,9,2,1,0
candDIR_L9_64,62,10,1,0,1
candDIR_L9_64,62,11,1,0,0
candDIR_L9_64,62,12,2,1,0
candDIR_L9_64,62,13,2,0,0
candDIR_L9_64,62,14,3,1,0
candDIR_L9_64,62,15,1,0,2
candDIR_L9_64,62,16,1,0,0
candDIR_L9_64,62,17,2,1,0
candDIR_L9_64,62,18,2,0,0
candDIR_L9_64,62,19,3,1,0
candDIR_L9_64,62,20,3,0,0
candDIR_L9_64,62,21,1,0,2
candDIR_L9_64,62,22,3,2,0
candDIR_L9_64,62,23,4,1,0
candDIR_L9_64,62,24,4,0,0
candDIR_L9_64,62,25,2,0,2
candDIR_L9_64,62,26,1,0,1
candDIR_L9_64,62,27,1,0,0
candDIR_L9_64,62,28,2,1,0
candDIR_L9_64,62,29,2,0,0
candDIR_L9_64,62,30,1,0,1
candDIR_L9_64,62,31,2,1,0
candDIR_L9_64,62,32,2,0,0
candDIR_L9_64,62,33,1,0,1
candDIR_L9_64,62,34,2,1,0
candDIR_L9_64,62,35,1,0,1
candDIR_L9_64,62,36,1,0,0
candDIR_L9_64,62,37,2,1,0
candDIR_L9_64,62,38,1,0,1
candDIR_L9_64,62,39,2,1,0
candDIR_L9_64,62,40,2,0,0
candDIR_L9_64,62,41,2,0,0
candDIR_L9_64,62,42,1,0,1
candDIR_L9_64,62,43,2,1,0
candDIR_L9_64,62,44,1,0,1
candDIR_L9_64,62,45,2,1,0
candDIR_L9_64,62,46,2,0,0
candDIR_L9_64,62,47,2,0,0
candDIR_L9_64,62,48,3,1,0
candDIR_L9_64,62,49,3,0,0
candDIR_L9_64,62,50,2,0,1
candDIR_L9_64,62,51,1,0,1
candDIR_L9_64,62,52,2,1,0
candDIR_L9_64,62,53,2,0,0
candDIR_L9_64,62,54,2,0,0
candDIR_L9_64,62,55,2,0,0
candDIR_L9_64,62,56,1,0,1
candDIR_L9_64,62,57,2,1,0
candDIR_L9_64,62,58,2,0,0
candDIR_L9_64,62,59,2,0,0
candDIR_L9_64,62,60,2,0,0
candDIR_L9_64,62,61,1,0,1
candDIR_L9_64,62,62,2,1,0
candDIR_L9_64,62,63,2,0,0
candDIR_L9_64,62,64,1,0,1
candDIR_L9_64,63,1,1,0,0
candDIR_L9_64,63,2,2,1,0
candDIR_L9_64,63,3,2,0,0
candDIR_L9_64,63,4,2,0,0
candDIR_L9_64,63,5,2,0,0
candDIR_L9_64,63,6,2,0,0
candDIR_L9_64,63,7,3,1,0
candDIR_L9_64,63,8,1,0,2
candDIR_L9_64,63,9,2,1,0
candDIR_L9_64,63,10,3,1,0
candDIR_L9_64,63,11,3,0,0
candDIR_L9_64,63,12,4,1,0
candDIR_L9_64,63,13,2,0,2
candDIR_L9_64,63,14,4,2,0
candDIR_L9_64,63,15,2,0,2
candDIR_L9_64,63,16,2,0,0
candDIR_L9_64,63,17,1,0,1
candDIR_L9_64,63,18,2,1,0
candDIR_L9_64,63,19,1,0,1
candDIR_L9_64,63,20,1,0,0
candDIR_L9_64,63,21,2,1,0
candDIR_L9_64,63,22,3,1,0
candDIR_L9_64,63,23,3,1,1
candDIR_L9_64,63,24,4,1,0
candDIR_L9_64,63,25,4,0,0
candDIR_L9_64,63,26,2,0,2
candDIR_L9_64,63,27,3,1,0
candDIR_L9_64,63,28,3,0,0
candDIR_L9_64,63,29,2,0,1
candDIR_L9_64,63,30,3,1,0
candDIR_L9_64,63,31,2,0,1
candDIR_L9_64,63,32,2,0,0
candDIR_L9_64,63,33,2,0,0
candDIR_L9_64,63,34,3,1,0
candDIR_L9_64,63,35,3,0,0
candDIR_L9_64,63,36,1,0,2
candDIR_L9_64,63,37,3,2,0
candDIR_L9_64,63,38,3,0,0
candDIR_L9_64,63,39,3,0,0
candDIR_L9_64,63,40,2,0,1
candDIR_L9_64,63,41,3,1,0
candDIR_L9_64,63,42,4,1,0
candDIR_L9_64,63,43,1,0,3
candDIR_L9_64,63,44,2,1,0
candDIR_L9_64,63,45,3,1,0
candDIR_L9_64,63,46,3,1,1
candDIR_L9_64,63,47,2,0,1
candDIR_L9_64,63,48,3,1,0
candDIR_L9_64,63,49,3,0,0
candDIR_L9_64,63,50,2,0,1
candDIR_L9_64,63,51,2,0,0
candDIR_L9_64,63,52,3,1,0
candDIR_L9_64,63,53,3,0,0
candDIR_L9_64,63,54,2,0,1
candDIR_L9_64,63,55,2,0,0
candDIR_L9_64,63,56,2,0,0
candDIR_L9_64,63,57,2,0,0
candDIR_L9_64,63,58,2,0,0
candDIR_L9_64,63,59,2,0,0
candDIR_L9_64,63,60,2,0,0
candDIR_L9_64,63,61,2,0,0
candDIR_L9_64,63,62,1,0,1
candDIR_L9_64,63,63,2,1,0
candDIR_L9_64,63,64,2,0,0
candDIR_L9_64,64,1,1,0,0
candDIR_L9_64,64,2,2,1,0
candDIR_L9_64,64,3,2,0,0
candDIR_L9_64,64,4,2,0,0
candDIR_L9_64,64,5,2,0,0
candDIR_L9_64,64,6,2,0,0
candDIR_L9_64,64,7,3,1,0
candDIR_L9_64,64,8,1,0,2
candDIR_L9_64,64,9,2,1,0
candDIR_L9_64,64,10,1,0,1
candDIR_L9_64,64,11,1,0,0
candDIR_L9_64,64,12,1,0,0
candDIR_L9_64,64,13,2,1,0
candDIR_L9_64,64,14,2,0,0
candDIR_L9_64,64,15,2,0,0
candDIR_L9_64,64,16,2,0,0
candDIR_L9_64,64,17,2,0,0
candDIR_L9_64,64,18,2,0,0
candDIR_L9_64,64,19,3,1,0
candDIR_L9_64,64,20,3,0,0
candDIR_L9_64,64,21,3,0,0
candDIR_L9_64,64,22,3,0,0
candDIR_L9_64,64,23,1,0,2
candDIR_L9_64,64,24,1,0,0
candDIR_L9_64,64,25,1,0,0
candDIR_L9_64,64,26,3,2,0
candDIR_L9_64,64,27,1,0,2
candDIR_L9_64,64,28,1,0,0
candDIR_L9_64,64,29,2,1,0
candDIR_L9_64,64,30,1,0,1
candDIR_L9_64,64,31,2,1,0
candDIR_L9_64,64,32,3,1,0
candDIR_L9_64,64,33,5,3,1
candDIR_L9_64,64,34,1,0,4
candDIR_L9_64,64,35,1,0,0
candDIR_L9_64,64,36,1,0,0
candDIR_L9_64,64,37,1,0,0
candDIR_L9_64,64,38,1,0,0
candDIR_L9_64,64,39,1,0,0
candDIR_L9_64,64,40,2,1,0
candDIR_L9_64,64,41,2,0,0
candDIR_L9_64,64,42,1,0,1
candDIR_L9_64,64,43,2,1,0
candDIR_L9_64,64,44,1,0,1
candDIR_L9_64,64,45,2,1,0
candDIR_L9_64,64,46,1,0,1
candDIR_L9_64,64,47,3,2,0
candDIR_L9_64,64,48,1,0,2
candDIR_L9_64,64,49,1,0,0
candDIR_L9_64,64,50,2,1,0
candDIR_L9_64,64,51,3,1,0
candDIR_L9_64,64,52,1,0,2
candDIR_L9_64,64,53,1,0,0
candDIR_L9_64,64,54,2,1,0
candDIR_L9_64,64,55,2,0,0
candDIR_L9_64,64,56,3,1,0
candDIR_L9_64,64,57,2,0,1
candDIR_L9_64,64,58,2,0,0
candDIR_L9_64,64,59,2,0,0
candDIR_L9_64,64,60,2,0,0
candDIR_L9_64,64,61,2,0,0
candDIR_L9_64,64,62,2,0,0
candDIR_L9_64,64,63,4,2,0
candDIR_L9_64,64,64,3,0,1
candDIR_L9_64,65,1,1,0,0
candDIR_L9_64,65,2,2,1,0
candDIR_L9_64,65,3,2,0,0
candDIR_L9_64,65,4,2,0,0
candDIR_L9_64,65,5,2,0,0
candDIR_L9_64,65,6,2,0,0
candDIR_L9_64,65,7,1,0,1
candDIR_L9_64,65,8,1,0,0
candDIR_L9_64,65,9,2,1,0
candDIR_L9_64,65,10,1,0,1
candDIR_L9_64,65,11,2,1,0
candDIR_L9_64,65,12,1,0,1
candDIR_L9_64,65,13,2,1,0
candDIR_L9_64,65,14,2,0,0
candDIR_L9_64,65,15,2,0,0
candDIR_L9_64,65,16,2,0,0
candDIR_L9_64,65,17,2,0,0
candDIR_L9_64,65,18,2,0,0
candDIR_L9_64,65,19,2,0,0
candDIR_L9_64,65,20,2,0,0
candDIR_L9_64,65,21,2,0,0
candDIR_L9_64,65,22,2,0,0
candDIR_L9_64,65,23,2,0,0
candDIR_L9_64,65,24,1,0,1
candDIR_L9_64,65,25,1,0,0
candDIR_L9_64,65,26,2,1,0
candDIR_L9_64,65,27,2,0,0
candDIR_L9_64,65,28,2,0,0
candDIR_L9_64,65,29,1,0,1
candDIR_L9_64,65,30,1,0,0
candDIR_L9_64,65,31,2,1,0
candDIR_L9_64,65,32,2,0,0
candDIR_L9_64,65,33,1,0,1
candDIR_L9_64,65,34,1,0,0
candDIR_L9_64,65,35,1,0,0
candDIR_L9_64,65,36,1,0,0
candDIR_L9_64,65,37,2,1,0
candDIR_L9_64,65,38,2,0,0
candDIR_L9_64,65,39,3,1,0
candDIR_L9_64,65,40,3,1,1
candDIR_L9_64,65,41,3,0,0
candDIR_L9_64,65,42,1,0,2
candDIR_L9_64,65,43,2,1,0
candDIR_L9_64,65,44,2,0,0
candDIR_L9_64,65,45,2,0,0
candDIR_L9_64,65,46,1,0,1
candDIR_L9_64,65,47,1,0,0
candDIR_L9_64,65,48,2,1,0
candDIR_L9_64,65,49,2,0,0
candDIR_L9_64,65,50,2,0,0
candDIR_L9_64,65,51,1,0,1
candDIR_L9_64,65,52,1,0,0
candDIR_L9_64,65,53,2,1,0
candDIR_L9_64,65,54,3,1,0
candDIR_L9_64,65,55,4,1,0
candDIR_L9_64,65,56,1,0,3
candDIR_L9_64,65,57,3,2,0
candDIR_L9_64,65,58,3,0,0
candDIR_L9_64,65,59,3,1,1
candDIR_L9_64,65,60,3,0,0
candDIR_L9_64,65,61,3,0,0
candDIR_L9_64,65,62,3,0,0
candDIR_L9_64,65,63,1,0,2
candDIR_L9_64,65,64,1,0,0
candDIR_L9_64,66,1,1,0,0
candDIR_L9_64,66,2,2,1,0
candDIR_L9_64,66,3,2,0,0
candDIR_L9_64,66,4,2,0,0
candDIR_L9_64,66,5,2,0,0
candDIR_L9_64,66,6,2,0,0
candDIR_L9_64,66,7,3,1,0
candDIR_L9_64,66,8,1,0,2
candDIR_L9_64,66,9,3,2,0
candDIR_L9_64,66,10,3,0,0
candDIR_L9_64,66,11,3,0,0
candDIR_L9_64,66,12,2,0,1
candDIR_L9_64,66,13,2,0,0
candDIR_L9_64,66,14,1,0,1
candDIR_L9_64,66,15,1,0,0
candDIR_L9_64,66,16,1,0,0
candDIR_L9_64,66,17,1,0,0
candDIR_L9_64,66,18,2,1,0
candDIR_L9_64,66,19,2,0,0
candDIR_L9_64,66,20,1,0,1
candDIR_L9_64,66,21,2,1,0
candDIR_L9_64,66,22,2,0,0
candDIR_L9_64,66,23,2,0,0
candDIR_L9_64,66,24,1,0,1
candDIR_L9_64,66,25,1,0,0
candDIR_L9_64,66,26,2,1,0
candDIR_L9_64,66,27,1,0,1
candDIR_L9_64,66,28,2,1,0
candDIR_L9_64,66,29,2,0,0
candDIR_L9_64,66,30,2,0,0
candDIR_L9_64,66,31,2,0,0
candDIR_L9_64,66,32,2,0,0
candDIR_L9_64,66,33,2,0,0
candDIR_L9_64,66,34,3,1,0
candDIR_L9_64,66,35,3,1,1
candDIR_L9_64,66,36,1,0,2
candDIR_L9_64,66,37,2,1,0
candDIR_L9_64,66,38,2,0,0
candDIR_L9_64,66,39,3,1,0
candDIR_L9_64,66,40,3,0,0
candDIR_L9_64,66,41,4,1,0
candDIR_L9_64,66,42,5,1,0
candDIR_L9_64,66,43,3,0,2
candDIR_L9_64,66,44,4,1,0
candDIR_L9_64,66,45,3,0,1
candDIR_L9_64,66,46,1,0,2
candDIR_L9_64,66,47,4,3,0
candDIR_L9_64,66,48,3,0,1
candDIR_L9_64,66,49,3,1,1
candDIR_L9_64,66,50,3,0,0
candDIR_L9_64,66,51,4,1,0
candDIR_L9_64,66,52,4,1,1
candDIR_L9_64,66,53,4,0,0
candDIR_L9_64,66,54,2,0,2
candDIR_L9_64,66,55,1,0,1
candDIR_L9_64,66,56,3,2,0
candDIR_L9_64,66,57,2,0,1
candDIR_L9_64,66,58,2,0,0
candDIR_L9_64,66,59,2,0,0
candDIR_L9_64,66,60,2,0,0
candDIR_L9_64,66,61,2,0,0
candDIR_L9_64,66,62,1,0,1
candDIR_L9_64,66,63,1,0,0
candDIR_L9_64,66,64,3,2,0
candDIR_L9_64,67,1,1,0,0
candDIR_L9_64,67,2,2,1,0
candDIR_L9_64,67,3,2,0,0
candDIR_L9_64,67,4,2,0,0
candDIR_L9_64,67,5,2,0,0
candDIR_L9_64,67,6,2,0,0
candDIR_L9_64,67,7,3,1,0
candDIR_L9_64,67,8,1,0,2
candDIR_L9_64,67,9,2,1,0
candDIR_L9_64,67,10,3,1,0
candDIR_L9_64,67,11,2,0,1
candDIR_L9_64,67,12,2,0,0
candDIR_L9_64,67,13,2,0,0
candDIR_L9_64,67,14,3,1,0
candDIR_L9_64,67,15,1,0,2
candDIR_L9_64,67,16,1,0,0
candDIR_L9_64,67,17,2,1,0
candDIR_L9_64,67,18,1,0,1
candDIR_L9_64,67,19,2,1,0
candDIR_L9_64,67,20,3,1,0
candDIR_L9_64,67,21,3,0,0
candDIR_L9_64,67,22,3,0,0
candDIR_L9_64,67,23,3,0,0
candDIR_L9_64,67,24,2,0,1
candDIR_L9_64,67,25,2,0,0
candDIR_L9_64,67,26,2,0,0
candDIR_L9_64,67,27,2,0,0
candDIR_L9_64,67,28,1,0,1
candDIR_L9_64,67,29,2,1,0
candDIR_L9_64,67,30,2,0,0
candDIR_L9_64,67,31,2,0,0
candDIR_L9_64,67,32,2,0,0
candDIR_L9_64,67,33,2,0,0
candDIR_L9_64,67,34,3,1,0
candDIR_L9_64,67,35,1,0,2
candDIR_L9_64,67,36,3,2,0
candDIR_L9_64,67,37,1,0,2
candDIR_L9_64,67,38,3,2,0
candDIR_L9_64,67,39,2,0,1
candDIR_L9_64,67,40,2,0,0
candDIR_L9_64,67,41,2,0,0
candDIR_L9_64,67,42,1,0,1
candDIR_L9_64,67,43,2,1,0
candDIR_L9_64,67,44,1,0,1
candDIR_L9_64,67,45,1,0,0
candDIR_L9_64,67,46,1,0,0
candDIR_L9_64,67,47,1,0,0
candDIR_L9_64,67,48,2,1,0
candDIR_L9_64,67,49,1,0,1
candDIR_L9_64,67,50,1,0,0
candDIR_L9_64,67,51,1,0,0
candDIR_L9_64,67,52,2,1,0
candDIR_L9_64,67,53,2,0,0
candDIR_L9_64,67,54,2,0,0
candDIR_L9_64,67,55,3,1,0
candDIR_L9_64,67,56,2,0,1
candDIR_L9_64,67,57,2,0,0
candDIR_L9_64,67,58,2,0,0
candDIR_L9_64,67,59,2,0,0
candDIR_L9_64,67,60,2,0,0
candDIR_L9_64,67,61,2,0,0
candDIR_L9_64,67,62,1,0,1
candDIR_L9_64,67,63,1,0,0
candDIR_L9_64,67,64,1,0,0
candDIR_L9_64,68,1,1,0,0
candDIR_L9_64,68,2,2,1,0
candDIR_L9_64,68,3,2,0,0
candDIR_L9_64,68,4,2,0,0
candDIR_L9_64,68,5,2,0,0
candDIR_L9_64,68,6,2,0,0
candDIR_L9_64,68,7,1,0,1
candDIR_L9_64,68,8,2,1,0
candDIR_L9_64,68,9,2,0,0
candDIR_L9_64,68,10,1,0,1
candDIR_L9_64,68,11,2,1,0
candDIR_L9_64,68,12,2,0,0
candDIR_L9_64,68,13,2,0,0
candDIR_L9_64,68,14,3,1,0
candDIR_L9_64,68,15,3,0,0
candDIR_L9_64,68,16,3,0,0
candDIR_L9_64,68,17,1,0,2
candDIR_L9_64,68,18,4,3,0
candDIR_L9_64,68,19,4,0,0
candDIR_L9_64,68,20,1,0,3
candDIR_L9_64,68,21,1,0,0
candDIR_L9_64,68,22,1,0,0
candDIR_L9_64,68,23,1,0,0
candDIR_L9_64,68,24,3,2,0
candDIR_L9_64,68,25,3,0,0
candDIR_L9_64,68,26,3,0,0
candDIR_L9_64,68,27,3,0,0
candDIR_L9_64,68,28,3,0,0
candDIR_L9_64,68,29,3,0,0
candDIR_L9_64,68,30,3,0,0
candDIR_L9_64,68,31,2,0,1
candDIR_L9_64,68,32,2,0,0
candDIR_L9_64,68,33,2,0,0
candDIR_L9_64,68,34,1,0,1
candDIR_L9_64,68,35,1,0,0
candDIR_L9_64,68,36,1,0,0
candDIR_L9_64,68,37,1,0,0
candDIR_L9_64,68,38,1,0,0
candDIR_L9_64,68,39,2,1,0
candDIR_L9_64,68,40,2,0,0
candDIR_L9_64,68,41,1,0,1
candDIR_L9_64,68,42,1,0,0
candDIR_L9_64,68,43,2,1,0
candDIR_L9_64,68,44,1,0,1
candDIR_L9_64,68,45,2,1,0
candDIR_L9_64,68,46,1,0,1
candDIR_L9_64,68,47,1,0,0
candDIR_L9_64,68,48,1,0,0
candDIR_L9_64,68,49,2,1,0
candDIR_L9_64,68,50,2,0,0
candDIR_L9_64,68,51,2,0,0
candDIR_L9_64,68,52,1,0,1
candDIR_L9_64,68,53,1,0,0
candDIR_L9_64,68,54,2,1,0
candDIR_L9_64,68,55,1,0,1
candDIR_L9_64,68,56,2,1,0
candDIR_L9_64,68,57,2,0,0
candDIR_L9_64,68,58,2,0,0
candDIR_L9_64,68,59,4,2,0
candDIR_L9_64,68,60,2,0,2
candDIR_L9_64,68,61,2,0,0
candDIR_L9_64,68,62,2,0,0
candDIR_L9_64,68,63,3,1,0
candDIR_L9_64,68,64,4,1,0
candDIR_L9_64,69,1,1,0,0
candDIR_L9_64,69,2,2,1,0
candDIR_L9_64,69,3,2,0,0
candDIR_L9_64,69,4,2,0,0
candDIR_L9_64,69,5,2,0,0
candDIR_L9_64,69,6,2,0,0
candDIR_L9_64,69,7,3,1,0
candDIR_L9_64,69,8,3,0,0
candDIR_L9_64,69,9,3,0,0
candDIR_L9_64,69,10,4,1,0
candDIR_L9_64,69,11,2,0,2
candDIR_L9_64,69,12,3,1,0
candDIR_L9_64,69,13,1,0,2
candDIR_L9_64,69,14,1,0,0
candDIR_L9_64,69,15,2,1,0
candDIR_L9_64,69,16,2,0,0
candDIR_L9_64,69,17,2,0,0
candDIR_L9_64,69,18,1,0,1
candDIR_L9_64,69,19,1,0,0
candDIR_L9_64,69,20,1,0,0
candDIR_L9_64,69,21,1,0,0
candDIR_L9_64,69,22,1,0,0
candDIR_L9_64,69,23,1,0,0
candDIR_L9_64,69,24,1,0,0
candDIR_L9_64,69,25,2,1,0
candDIR_L9_64,69,26,2,0,0
candDIR_L9_64,69,27,4,2,0
candDIR_L9_64,69,28,3,1,2
candDIR_L9_64,69,29,2,0,1
candDIR_L9_64,69,30,1,0,1
candDIR_L9_64,69,31,3,2,0
candDIR_L9_64,69,32,2,0,1
candDIR_L9_64,69,33,2,0,0
candDIR_L9_64,69,34,1,0,1
candDIR_L9_64,69,35,1,0,0
candDIR_L9_64,69,36,1,0,0
candDIR_L9_64,69,37,2,1,0
candDIR_L9_64,69,38,2,0,0
candDIR_L9_64,69,39,2,0,0
candDIR_L9_64,69,40,2,0,0
candDIR_L9_64,69,41,2,0,0
candDIR_L9_64,69,42,2,0,0
candDIR_L9_64,69,43,2,0,0
candDIR_L9_64,69,44,1,0,1
candDIR_L9_64,69,45,3,2,0
candDIR_L9_64,69,46,4,1,0
candDIR_L9_64,69,47,1,0,3
candDIR_L9_64,69,48,3,2,0
candDIR_L9_64,69,49,4,1,0
candDIR_L9_64,69,50,4,0,0
candDIR_L9_64,69,51,3,1,2
candDIR_L9_64,69,52,4,1,0
candDIR_L9_64,69,53,4,0,0
candDIR_L9_64,69,54,2,0,2
candDIR_L9_64,69,55,3,1,0
candDIR_L9_64,69,56,3,0,0
candDIR_L9_64,69,57,2,0,1
candDIR_L9_64,69,58,2,0,0
candDIR_L9_64,69,59,2,0,0
candDIR_L9_64,69,60,2,0,0
candDIR_L9_64,69,61,2,0,0
candDIR_L9_64,69,62,2,0,0
candDIR_L9_64,69,63,3,1,0
candDIR_L9_64,69,64,2,0,1
candDIR_L9_64,70,1,1,0,0
candDIR_L9_64,70,2,2,1,0
candDIR_L9_64,70,3,2,0,0
candDIR_L9_64,70,4,2,0,0
candDIR_L9_64,70,5,2,0,0
candDIR_L9_64,70,6,2,0,0
candDIR_L9_64,70,7,3,1,0
candDIR_L9_64,70,8,2,0,1
candDIR_L9_64,70,9,2,0,0
candDIR_L9_64,70,10,1,0,1
candDIR_L9_64,70,11,2,1,0
candDIR_L9_64,70,12,1,0,1
candDIR_L9_64,70,13,2,1,0
candDIR_L9_64,70,14,2,0,0
candDIR_L9_64,70,15,2,0,0
candDIR_L9_64,70,16,2,0,0
candDIR_L9_64,70,17,2,0,0
candDIR_L9_64,70,18,1,0,1
candDIR_L9_64,70,19,1,0,0
candDIR_L9_64,70,20,2,1,0
candDIR_L9_64,70,21,3,1,0
candDIR_L9_64,70,22,1,0,2
candDIR_L9_64,70,23,1,0,0
candDIR_L9_64,70,24,1,0,0
candDIR_L9_64,70,25,2,1,0
candDIR_L9_64,70,26,2,0,0
candDIR_L9_64,70,27,1,0,1
candDIR_L9_64,70,28,2,1,0
candDIR_L9_64,70,29,2,0,0
candDIR_L9_64,70,30,2,0,0
candDIR_L9_64,70,31,2,0,0
candDIR_L9_64,70,32,2,0,0
candDIR_L9_64,70,33,3,1,0
candDIR_L9_64,70,34,3,0,0
candDIR_L9_64,70,35,3,0,0
candDIR_L9_64,70,36,1,0,2
candDIR_L9_64,70,37,3,2,0
candDIR_L9_64,70,38,3,0,0
candDIR_L9_64,70,39,2,0,1
candDIR_L9_64,70,40,2,0,0
candDIR_L9_64,70,41,2,0,0
candDIR_L9_64,70,42,3,1,0
candDIR_L9_64,70,43,2,0,1
candDIR_L9_64,70,44,1,0,1
candDIR_L9_64,70,45,2,1,0
candDIR_L9_64,70,46,1,0,1
candDIR_L9_64,70,47,2,1,0
candDIR_L9_64,70,48,2,0,0
candDIR_L9_64,70,49,1,0,1
candDIR_L9_64,70,50,1,0,0
candDIR_L9_64,70,51,2,1,0
candDIR_L9_64,70,52,1,0,1
candDIR_L9_64,70,53,1,0,0
candDIR_L9_64,70,54,2,1,0
candDIR_L9_64,70,55,1,0,1
candDIR_L9_64,70,56,1,0,0
candDIR_L9_64,70,57,2,1,0
candDIR_L9_64,70,58,2,0,0
candDIR_L9_64,70,59,2,0,0
candDIR_L9_64,70,60,2,0,0
candDIR_L9_64,70,61,2,0,0
candDIR_L9_64,70,62,2,0,0
candDIR_L9_64,70,63,3,1,0
candDIR_L9_64,70,64,2,0,1
candDIR_L9_64,71,1,1,0,0
candDIR_L9_64,71,2,2,1,0
candDIR_L9_64,71,3,2,0,0
candDIR_L9_64,71,4,2,0,0
candDIR_L9_64,71,5,2,0,0
candDIR_L9_64,71,6,2,0,0
candDIR_L9_64,71,7,1,0,1
candDIR_L9_64,71,8,3,2,0
candDIR_L9_64,71,9,3,0,0
candDIR_L9_64,71,10,1,0,2
candDIR_L9_64,71,11,3,2,0
candDIR_L9_64,71,12,2,0,1
candDIR_L9_64,71,13,2,0,0
candDIR_L9_64,71,14,2,0,0
candDIR_L9_64,71,15,2,0,0
candDIR_L9_64,71,16,2,0,0
candDIR_L9_64,71,17,2,0,0
candDIR_L9_64,71,18,2,0,0
candDIR_L9_64,71,19,2,0,0
candDIR_L9_64,71,20,2,0,0
candDIR_L9_64,71,21,3,1,0
candDIR_L9_64,71,22,1,0,2
candDIR_L9_64,71,23,3,2,0
candDIR_L9_64,71,24,4,1,0
candDIR_L9_64,71,25,4,0,0
candDIR_L9_64,71,26,2,0,2
candDIR_L9_64,71,27,2,0,0
candDIR_L9_64,71,28,1,0,1
candDIR_L9_64,71,29,2,1,0
candDIR_L9_64,71,30,2,0,0
candDIR_L9_64,71,31,2,0,0
candDIR_L9_64,71,32,2,0,0
candDIR_L9_64,71,33,1,0,1
candDIR_L9_64,71,34,1,0,0
candDIR_L9_64,71,35,1,0,0
candDIR_L9_64,71,36,1,0,0
candDIR_L9_64,71,37,1,0,0
candDIR_L9_64,71,38,1,0,0
candDIR_L9_64,71,39,2,1,0
candDIR_L9_64,71,40,2,0,0
candDIR_L9_64,71,41,2,0,0
candDIR_L9_64,71,42,1,0,1
candDIR_L9_64,71,43,2,1,0
candDIR_L9_64,71,44,1,0,1
candDIR_L9_64,71,45,2,1,0
candDIR_L9_64,71,46,1,0,1
candDIR_L9_64,71,47,2,1,0
candDIR_L9_64,71,48,2,0,0
candDIR_L9_64,71,49,2,0,0
candDIR_L9_64,71,50,2,0,0
candDIR_L9_64,71,51,1,0,1
candDIR_L9_64,71,52,1,0,0
candDIR_L9_64,71,53,1,0,0
candDIR_L9_64,71,54,2,1,0
candDIR_L9_64,71,55,1,0,1
candDIR_L9_64,71,56,1,0,0
candDIR_L9_64,71,57,2,1,0
candDIR_L9_64,71,58,2,0,0
candDIR_L9_64,71,59,2,0,0
candDIR_L9_64,71,60,2,0,0
candDIR_L9_64,71,61,2,0,0
candDIR_L9_64,71,62,2,0,0
candDIR_L9_64,71,63,1,0,1
candDIR_L9_64,71,64,2,1,0
candDIR_L9_64,72,1,1,0,0
candDIR_L9_64,72,2,2,1,0
candDIR_L9_64,72,3,2,0,0
candDIR_L9_64,72,4,2,0,0
candDIR_L9_64,72,5,2,0,0
candDIR_L9_64,72,6,2,0,0
candDIR_L9_64,72,7,3,1,0
candDIR_L9_64,72,8,1,0,2
candDIR_L9_64,72,9,2,1,0
candDIR_L9_64,72,10,3,1,0
candDIR_L9_64,72,11,2,0,1
candDIR_L9_64,72,12,2,0,0
candDIR_L9_64,72,13,2,0,0
candDIR_L9_64,72,14,2,0,0
candDIR_L9_64,72,15,2,0,0
candDIR_L9_64,72,16,3,1,0
candDIR_L9_64,72,17,1,0,2
candDIR_L9_64,72,18,1,0,0
candDIR_L9_64,72,19,1,0,0
candDIR_L9_64,72,20,1,0,0
candDIR_L9_64,72,21,1,0,0
candDIR_L9_64,72,22,1,0,0
candDIR_L9_64,72,23,2,1,0
candDIR_L9_64,72,24,3,1,0
candDIR_L9_64,72,25,1,0,2
candDIR_L9_64,72,26,1,0,0
candDIR_L9_64,72,27,1,0,0
candDIR_L9_64,72,28,3,2,0
candDIR_L9_64,72,29,1,0,2
candDIR_L9_64,72,30,1,0,0
candDIR_L9_64,72,31,2,1,0
candDIR_L9_64,72,32,2,0,0
candDIR_L9_64,72,33,1,0,1
candDIR_L9_64,72,34,2,1,0
candDIR_L9_64,72,35,2,0,0
candDIR_L9_64,72,36,1,0,1
candDIR_L9_64,72,37,3,2,0
candDIR_L9_64,72,38,3,0,0
candDIR_L9_64,72,39,2,0,1
candDIR_L9_64,72,40,2,0,0
candDIR_L9_64,72,41,1,0,1
candDIR_L9_64,72,42,1,0,0
candDIR_L9_64,72,43,2,1,0
candDIR_L9_64,72,44,1,0,1
candDIR_L9_64,72,45,1,0,0
candDIR_L9_64,72,46,1,0,0
candDIR_L9_64,72,47,2,1,0
candDIR_L9_64,72,48,2,0,0
candDIR_L9_64,72,49,3,1,0
candDIR_L9_64,72,50,3,0,0
candDIR_L9_64,72,51,3,0,0
candDIR_L9_64,72,52,4,1,0
candDIR_L9_64,72,53,4,0,0
candDIR_L9_64,72,54,1,0,3
candDIR_L9_64,72,55,1,0,0
candDIR_L9_64,72,56,1,0,0
candDIR_L9_64,72,57,2,1,0
candDIR_L9_64,72,58,2,0,0
candDIR_L9_64,72,59,2,0,0
candDIR_L9_64,72,60,2,0,0
candDIR_L9_64,72,61,1,0,1
candDIR_L9_64,72,62,1,0,0
candDIR_L9_64,72,63,2,1,0
candDIR_L9_64,72,64,1,0,1
candDIR_L9_64,73,1,1,0,0
candDIR_L9_64,73,2,2,1,0
candDIR_L9_64,73,3,2,0,0
candDIR_L9_64,73,4,2,0,0
candDIR_L9_64,73,5,2,0,0
candDIR_L9_64,73,6,2,0,0
candDIR_L9_64,73,7,3,1,0
candDIR_L9_64,73,8,1,0,2
candDIR_L9_64,73,9,2,1,0
candDIR_L9_64,73,10,2,0,0
candDIR_L9_64,73,11,2,0,0
candDIR_L9_64,73,12,2,0,0
candDIR_L9_64,73,13,2,0,0
candDIR_L9_64,73,14,2,0,0
candDIR_L9_64,73,15,2,0,0
candDIR_L9_64,73,16,1,0,1
candDIR_L9_64,73,17,1,0,0
candDIR_L9_64,73,18,3,2,0
candDIR_L9_64,73,19,4,1,0
candDIR_L9_64,73,20,3,0,1
candDIR_L9_64,73,21,3,0,0
candDIR_L9_64,73,22,5,2,0
candDIR_L9_64,73,23,5,0,0
candDIR_L9_64,73,24,1,0,4
candDIR_L9_64,73,25,4,3,0
candDIR_L9_64,73,26,3,0,1
candDIR_L9_64,73,27,3,1,1
candDIR_L9_64,73,28,1,0,2
candDIR_L9_64,73,29,1,0,0
candDIR_L9_64,73,30,1,0,0
candDIR_L9_64,73,31,4,3,0
candDIR_L9_64,73,32,2,0,2
candDIR_L9_64,73,33,3,1,0
candDIR_L9_64,73,34,4,1,0
candDIR_L9_64,73,35,2,0,2
candDIR_L9_64,73,36,1,0,1
candDIR_L9_64,73,37,1,0,0
candDIR_L9_64,73,38,1,0,0
candDIR_L9_64,73,39,3,2,0
candDIR_L9_64,73,40,3,1,1
candDIR_L9_64,73,41,3,0,0
candDIR_L9_64,73,42,3,1,1
candDIR_L9_64,73,43,2,0,1
candDIR_L9_64,73,44,3,1,0
candDIR_L9_64,73,45,4,1,0
candDIR_L9_64,73,46,3,0,1
candDIR_L9_64,73,47,1,0,2
candDIR_L9_64,73,48,3,2,0
candDIR_L9_64,73,49,1,0,2
candDIR_L9_64,73,50,1,0,0
candDIR_L9_64,73,51,1,0,0
candDIR_L9_64,73,52,1,0,0
candDIR_L9_64,73,53,1,0,0
candDIR_L9_64,73,54,2,1,0
candDIR_L9_64,73,55,2,0,0
candDIR_L9_64,73,56,3,1,0
candDIR_L9_64,73,57,2,0,1
candDIR_L9_64,73,58,2,0,0
candDIR_L9_64,73,59,2,0,0
candDIR_L9_64,73,60,2,0,0
candDIR_L9_64,73,61,2,0,0
candDIR_L9_64,73,62,2,0,0
candDIR_L9_64,73,63,1,0,1
candDIR_L9_64,73,64,1,0,0
candDIR_L9_64,74,1,1,0,0
candDIR_L9_64,74,2,2,1,0
candDIR_L9_64,74,3,2,0,0
candDIR_L9_64,74,4,2,0,0
candDIR_L9_64,74,5,2,0,0
candDIR_L9_64,74,6,2,0,0
candDIR_L9_64,74,7,1,0,1
candDIR_L9_64,74,8,1,0,0
candDIR_L9_64,74,9,2,1,0
candDIR_L9_64,74,10,1,0,1
candDIR_L9_64,74,11,2,1,0
candDIR_L9_64,74,12,2,0,0
candDIR_L9_64,74,13,2,0,0
candDIR_L9_64,74,14,2,0,0
candDIR_L9_64,74,15,2,0,0
candDIR_L9_64,74,16,1,0,1
candDIR_L9_64,74,17,1,0,0
candDIR_L9_64,74,18,1,0,0
candDIR_L9_64,74,19,1,0,0
candDIR_L9_64,74,20,2,1,0
candDIR_L9_64,74,21,2,0,0
candDIR_L9_64,74,22,1,0,1
candDIR_L9_64,74,23,1,0,0
candDIR_L9_64,74,24,1,0,0
candDIR_L9_64,74,25,2,1,0
candDIR_L9_64,74,26,1,0,1
candDIR_L9_64,74,27,1,0,0
candDIR_L9_64,74,28,2,1,0
candDIR_L9_64,74,29,2,0,0
candDIR_L9_64,74,30,1,0,1
candDIR_L9_64,74,31,3,2,0
candDIR_L9_64,74,32,3,0,0
candDIR_L9_64,74,33,1,0,2
candDIR_L9_64,74,34,1,0,0
candDIR_L9_64,74,35,2,1,0
candDIR_L9_64,74,36,1,0,1
candDIR_L9_64,74,37,1,0,0
candDIR_L9_64,74,38,1,0,0
candDIR_L9_64,74,39,1,0,0
candDIR_L9_64,74,40,2,1,0
candDIR_L9_64,74,41,3,1,0
candDIR_L9_64,74,42,1,0,2
candDIR_L9_64,74,43,2,1,0
candDIR_L9_64,74,44,1,0,1
candDIR_L9_64,74,45,1,0,0
candDIR_L9_64,74,46,2,1,0
candDIR_L9_64,74,47,1,0,1
candDIR_L9_64,74,48,2,1,0
candDIR_L9_64,74,49,2,0,0
candDIR_L9_64,74,50,2,0,0
candDIR_L9_64,74,51,2,0,0
candDIR_L9_64,74,52,1,0,1
candDIR_L9_64,74,53,1,0,0
candDIR_L9_64,74,54,1,0,0
candDIR_L9_64,74,55,1,0,0
candDIR_L9_64,74,56,1,0,0
candDIR_L9_64,74,57,2,1,0
candDIR_L9_64,74,58,2,0,0
candDIR_L9_64,74,59,2,0,0
candDIR_L9_64,74,60,2,0,0
candDIR_L9_64,74,61,2,0,0
candDIR_L9_64,74,62,2,0,0
candDIR_L9_64,74,63,2,0,0
candDIR_L9_64,74,64,2,0,0
candDIR_L9_64,75,1,1,0,0
candDIR_L9_64,75,2,2,1,0
candDIR_L9_64,75,3,2,0,0
candDIR_L9_64,75,4,2,0,0
candDIR_L9_64,75,5,2,0,0
candDIR_L9_64,75,6,2,0,0
candDIR_L9_64,75,7,1,0,1
candDIR_L9_64,75,8,1,0,0
candDIR_L9_64,75,9,1,0,0
candDIR_L9_64,75,10,1,0,0
candDIR_L9_64,75,11,1,0,0
candDIR_L9_64,75,12,3,2,0
candDIR_L9_64,75,13,3,0,0
candDIR_L9_64,75,14,4,1,0
candDIR_L9_64,75,15,2,0,2
candDIR_L9_64,75,16,2,0,0
candDIR_L9_64,75,17,1,0,1
candDIR_L9_64,75,18,1,0,0
candDIR_L9_64,75,19,2,1,0
candDIR_L9_64,75,20,2,0,0
candDIR_L9_64,75,21,1,0,1
candDIR_L9_64,75,22,1,0,0
candDIR_L9_64,75,23,2,1,0
candDIR_L9_64,75,24,3,1,0
candDIR_L9_64,75,25,1,0,2
candDIR_L9_64,75,26,1,0,0
candDIR_L9_64,75,27,2,1,0
candDIR_L9_64,75,28,2,0,0
candDIR_L9_64,75,29,1,0,1
candDIR_L9_64,75,30,1,0,0
candDIR_L9_64,75,31,2,1,0
candDIR_L9_64,75,32,3,1,0
candDIR_L9_64,75,33,2,0,1
candDIR_L9_64,75,34,1,0,1
candDIR_L9_64,75,35,1,0,0
candDIR_L9_64,75,36,2,1,0
candDIR_L9_64,75,37,1,0,1
candDIR_L9_64,75,38,3,2,0
candDIR_L9_64,75,39,3,0,0
candDIR_L9_64,75,40,1,0,2
candDIR_L9_64,75,41,3,2,0
candDIR_L9_64,75,42,3,0,0
candDIR_L9_64,75,43,2,0,1
candDIR_L9_64,75,44,2,0,0
candDIR_L9_64,75,45,3,1,0
candDIR_L9_64,75,46,3,0,0
candDIR_L9_64,75,47,2,0,1
candDIR_L9_64,75,48,3,1,0
candDIR_L9_64,75,49,3,0,0
candDIR_L9_64,75,50,3,0,0
candDIR_L9_64,75,51,5,2,0
candDIR_L9_64,75,52,4,0,1
candDIR_L9_64,75,53,5,1,0
candDIR_L9_64,75,54,1,0,4
candDIR_L9_64,75,55,3,2,0
candDIR_L9_64,75,56,2,0,1
candDIR_L9_64,75,57,2,0,0
candDIR_L9_64,75,58,1,0,1
candDIR_L9_64,75,59,1,0,0
candDIR_L9_64,75,60,1,0,0
candDIR_L9_64,75,61,3,2,0
candDIR_L9_64,75,62,5,2,0
candDIR_L9_64,75,63,4,0,1
candDIR_L9_64,75,64,5,1,0
candDIR_L9_64,76,1,1,0,0
candDIR_L9_64,76,2,2,1,0
candDIR_L9_64,76,3,2,0,0
candDIR_L9_64,76,4,2,0,0
candDIR_L9_64,76,5,2,0,0
candDIR_L9_64,76,6,2,0,0
candDIR_L9_64,76,7,1,0,1
candDIR_L9_64,76,8,3,2,0
candDIR_L9_64,76,9,1,0,2
candDIR_L9_64,76,10,2,1,0
candDIR_L9_64,76,11,2,0,0
candDIR_L9_64,76,12,2,0,0
candDIR_L9_64,76,13,2,0,0
candDIR_L9_64,76,14,1,0,1
candDIR_L9_64,76,15,2,1,0
candDIR_L9_64,76,16,2,0,0
candDIR_L9_64,76,17,1,0,1
candDIR_L9_64,76,18,1,0,0
candDIR_L9_64,76,19,2,1,0
candDIR_L9_64,76,20,2,0,0
candDIR_L9_64,76,21,2,0,0
candDIR_L9_64,76,22,2,0,0
candDIR_L9_64,76,23,2,0,0
candDIR_L9_64,76,24,1,0,1
candDIR_L9_64,76,25,1,0,0
candDIR_L9_64,76,26,2,1,0
candDIR_L9_64,76,27,2,0,0
candDIR_L9_64,76,28,2,0,0
candDIR_L9_64,76,29,1,0,1
candDIR_L9_64,76,30,1,0,0
candDIR_L9_64,76,31,2,1,0
candDIR_L9_64,76,32,1,0,1
candDIR_L9_64,76,33,3,2,0
candDIR_L9_64,76,34,1,0,2
candDIR_L9_64,76,35,1,0,0
candDIR_L9_64,76,36,3,2,0
candDIR_L9_64,76,37,1,0,2
candDIR_L9_64,76,38,1,0,0
candDIR_L9_64,76,39,1,0,0
candDIR_L9_64,76,40,1,0,0
candDIR_L9_64,76,41,1,0,0
candDIR_L9_64,76,42,1,0,0
candDIR_L9_64,76,43,2,1,0
candDIR_L9_64,76,44,2,0,0
candDIR_L9_64,76,45,2,0,0
candDIR_L9_64,76,46,2,0,0
candDIR_L9_64,76,47,2,0,0
candDIR_L9_64,76,48,1,0,1
candDIR_L9_64,76,49,1,0,0
candDIR_L9_64,76,50,1,0,0
candDIR_L9_64,76,51,1,0,0
candDIR_L9_64,76,52,2,1,0
candDIR_L9_64,76,53,1,0,1
candDIR_L9_64,76,54,1,0,0
candDIR_L9_64,76,55,1,0,0
candDIR_L9_64,76,56,2,1,0
candDIR_L9_64,76,57,2,0,0
candDIR_L9_64,76,58,4,2,0
candDIR_L9_64,76,59,3,0,1
candDIR_L9_64,76,60,3,0,0
candDIR_L9_64,76,61,2,0,1
candDIR_L9_64,76,62,1,0,1
candDIR_L9_64,76,63,1,0,0
candDIR_L9_64,76,64,1,0,0
candDIR_L9_64,77,1,1,0,0
candDIR_L9_64,77,2,2,1,0
candDIR_L9_64,77,3,2,0,0
candDIR_L9_64,77,4,2,0,0
candDIR_L9_64,77,5,2,0,0
candDIR_L9_64,77,6,2,0,0
candDIR_L9_64,77,7,1,0,1
candDIR_L9_64,77,8,1,0,0
candDIR_L9_64,77,9,1,0,0
candDIR_L9_64,77,10,2,1,0
candDIR_L9_64,77,11,2,0,0
candDIR_L9_64,77,12,2,0,0
candDIR_L9_64,77,13,2,0,0
candDIR_L9_64,77,14,2,0,0
candDIR_L9_64,77,15,1,0,1
candDIR_L9_64,77,16,1,0,0
candDIR_L9_64,77,17,2,1,0
candDIR_L9_64,77,18,2,0,0
candDIR_L9_64,77,19,1,0,1
candDIR_L9_64,77,20,2,1,0
candDIR_L9_64,77,21,2,0,0
candDIR_L9_64,77,22,1,0,1
candDIR_L9_64,77,23,1,0,0
candDIR_L9_64,77,24,1,0,0
candDIR_L9_64,77,25,1,0,0
candDIR_L9_64,77,26,1,0,0
candDIR_L9_64,77,27,2,1,0
candDIR_L9_64,77,28,2,0,0
candDIR_L9_64,77,29,1,0,1
candDIR_L9_64,77,30,2,1,0
candDIR_L9_64,77,31,2,0,0
candDIR_L9_64,77,32,1,0,1
candDIR_L9_64,77,33,1,0,0
candDIR_L9_64,77,34,1,0,0
candDIR_L9_64,77,35,1,0,0
candDIR_L9_64,77,36,1,0,0
candDIR_L9_64,77,37,1,0,0
candDIR_L9_64,77,38,1,0,0
candDIR_L9_64,77,39,1,0,0
candDIR_L9_64,77,40,2,1,0
candDIR_L9_64,77,41,2,0,0
candDIR_L9_64,77,42,2,0,0
candDIR_L9_64,77,43,2,0,0
candDIR_L9_64,77,44,2,0,0
candDIR_L9_64,77,45,1,0,1
candDIR_L9_64,77,46,1,0,0
candDIR_L9_64,77,47,2,1,0
candDIR_L9_64,77,48,2,0,0
candDIR_L9_64,77,49,2,0,0
candDIR_L9_64,77,50,2,0,0
candDIR_L9_64,77,51,1,0,1
candDIR_L9_64,77,52,1,0,0
candDIR_L9_64,77,53,1,0,0
candDIR_L9_64,77,54,2,1,0
candDIR_L9_64,77,55,1,0,1
candDIR_L9_64,77,56,1,0,0
candDIR_L9_64,77,57,2,1,0
candDIR_L9_64,77,58,1,0,1
candDIR_L9_64,77,59,1,0,0
candDIR_L9_64,77,60,1,0,0
candDIR_L9_64,77,61,2,1,0
candDIR_L9_64,77,62,2,0,0
candDIR_L9_64,77,63,2,0,0
candDIR_L9_64,77,64,1,0,1
candDIR_L9_64,78,1,1,0,0
candDIR_L9_64,78,2,2,1,0
candDIR_L9_64,78,3,2,0,0
candDIR_L9_64,78,4,2,0,0
candDIR_L9_64,78,5,2,0,0
candDIR_L9_64,78,6,2,0,0
candDIR_L9_64,78,7,4,2,0
candDIR_L9_64,78,8,1,0,3
candDIR_L9_64,78,9,1,0,0
candDIR_L9_64,78,10,2,1,0
candDIR_L9_64,78,11,2,0,0
candDIR_L9_64,78,12,3,1,0
candDIR_L9_64,78,13,2,0,1
candDIR_L9_64,78,14,3,1,0
candDIR_L9_64,78,15,3,0,0
candDIR_L9_64,78,16,4,1,0
candDIR_L9_64,78,17,1,0,3
candDIR_L9_64,78,18,1,0,0
candDIR_L9_64,78,19,1,0,0
candDIR_L9_64,78,20,1,0,0
candDIR_L9_64,78,21,1,0,0
candDIR_L9_64,78,22,1,0,0
candDIR_L9_64,78,23,2,1,0
candDIR_L9_64,78,24,1,0,1
candDIR_L9_64,78,25,3,2,0
candDIR_L9_64,78,26,3,0,0
candDIR_L9_64,78,27,2,0,1
candDIR_L9_64,78,28,2,0,0
candDIR_L9_64,78,29,3,1,0
candDIR_L9_64,78,30,4,1,0
candDIR_L9_64,78,31,2,0,2
candDIR_L9_64,78,32,1,0,1
candDIR_L9_64,78,33,1,0,0
candDIR_L9_64,78,34,1,0,0
candDIR_L9_64,78,35,2,1,0
candDIR_L9_64,78,36,3,1,0
candDIR_L9_64,78,37,3,0,0
candDIR_L9_64,78,38,3,0,0
candDIR_L9_64,78,39,3,0,0
candDIR_L9_64,78,40,3,0,0
candDIR_L9_64,78,41,2,0,1
candDIR_L9_64,78,42,3,1,0
candDIR_L9_64,78,43,3,1,1
candDIR_L9_64,78,44,5,2,0
candDIR_L9_64,78,45,4,0,1
candDIR_L9_64,78,46,4,0,0
candDIR_L9_64,78,47,4,0,0
candDIR_L9_64,78,48,3,0,1
candDIR_L9_64,78,49,3,0,0
candDIR_L9_64,78,50,2,0,1
candDIR_L9_64,78,51,2,0,0
candDIR_L9_64,78,52,2,0,0
candDIR_L9_64,78,53,1,0,1
candDIR_L9_64,78,54,2,1,0
candDIR_L9_64,78,55,4,2,0
candDIR_L9_64,78,56,4,0,0
candDIR_L9_64,78,57,2,0,2
candDIR_L9_64,78,58,3,1,0
candDIR_L9_64,78,59,2,0,1
candDIR_L9_64,78,60,3,1,0
candDIR_L9_64,78,61,2,0,1
candDIR_L9_64,78,62,2,0,0
candDIR_L9_64,78,63,3,1,0
candDIR_L9_64,78,64,2,0,1
candDIR_L9_64,79,1,1,0,0
candDIR_L9_64,79,2,2,1,0
candDIR_L9_64,79,3,2,0,0
candDIR_L9_64,79,4,2,0,0
candDIR_L9_64,79,5,2,0,0
candDIR_L9_64,79,6,2,0,0
candDIR_L9_64,79,7,1,0,1
candDIR_L9_64,79,8,3,2,0
candDIR_L9_64,79,9,1,0,2
candDIR_L9_64,79,10,1,0,0
candDIR_L9_64,79,11,3,2,0
candDIR_L9_64,79,12,1,0,2
candDIR_L9_64,79,13,2,1,0
candDIR_L9_64,79,14,1,0,1
candDIR_L9_64,79,15,1,0,0
candDIR_L9_64,79,16,1,0,0
candDIR_L9_64,79,17,1,0,0
candDIR_L9_64,79,18,2,1,0
candDIR_L9_64,79,19,3,1,0
candDIR_L9_64,79,20,2,0,1
candDIR_L9_64,79,21,4,2,0
candDIR_L9_64,79,22,5,2,1
candDIR_L9_64,79,23,4,0,1
candDIR_L9_64,79,24,1,0,3
candDIR_L9_64,79,25,1,0,0
candDIR_L9_64,79,26,1,0,0
candDIR_L9_64,79,27,4,3,0
candDIR_L9_64,79,28,3,0,1
candDIR_L9_64,79,29,3,0,0
candDIR_L9_64,79,30,1,0,2
candDIR_L9_64,79,31,3,2,0
candDIR_L9_64,79,32,2,0,1
candDIR_L9_64,79,33,2,0,0
candDIR_L9_64,79,34,2,0,0
candDIR_L9_64,79,35,3,1,0
candDIR_L9_64,79,36,1,0,2
candDIR_L9_64,79,37,1,0,0
candDIR_L9_64,79,38,1,0,0
candDIR_L9_64,79,39,1,0,0
candDIR_L9_64,79,40,1,0,0
candDIR_L9_64,79,41,2,1,0
candDIR_L9_64,79,42,1,0,1
candDIR_L9_64,79,43,2,1,0
candDIR_L9_64,79,44,1,0,1
candDIR_L9_64,79,45,2,1,0
candDIR_L9_64,79,46,2,0,0
candDIR_L9_64,79,47,2,0,0
candDIR_L9_64,79,48,2,0,0
candDIR_L9_64,79,49,3,1,0
candDIR_L9_64,79,50,2,0,1
candDIR_L9_64,79,51,3,1,0
candDIR_L9_64,79,52,3,0,0
candDIR_L9_64,79,53,3,0,0
candDIR_L9_64,79,54,2,0,1
candDIR_L9_64,79,55,1,0,1
candDIR_L9_64,79,56,1,0,0
candDIR_L9_64,79,57,2,1,0
candDIR_L9_64,79,58,2,0,0
candDIR_L9_64,79,59,2,0,0
candDIR_L9_64,79,60,1,0,1
candDIR_L9_64,79,61,2,1,0
candDIR_L9_64,79,62,3,1,0
candDIR_L9_64,79,63,1,0,2
candDIR_L9_64,79,64,4,3,0
candDIR_L9_64,80,1,1,0,0
candDIR_L9_64,80,2,2,1,0
candDIR_L9_64,80,3,2,0,0
candDIR_L9_64,80,4,2,0,0
candDIR_L9_64,80,5,2,0,0
candDIR_L9_64,80,6,2,0,0
candDIR_L9_64,80,7,1,0,1
candDIR_L9_64,80,8,1,0,0
candDIR_L9_64,80,9,1,0,0
candDIR_L9_64,80,10,1,0,0
candDIR_L9_64,80,11,1,0,0
candDIR_L9_64,80,12,2,1,0
candDIR_L9_64,80,13,2,0,0
candDIR_L9_64,80,14,2,0,0
candDIR_L9_64,80,15,2,0,0
candDIR_L9_64,80,16,1,0,1
candDIR_L9_64,80,17,1,0,0
candDIR_L9_64,80,18,2,1,0
candDIR_L9_64,80,19,2,0,0
candDIR_L9_64,80,20,2,0,0
candDIR_L9_64,80,21,1,0,1
candDIR_L9_64,80,22,1,0,0
candDIR_L9_64,80,23,2,1,0
candDIR_L9_64,80,24,1,0,1
candDIR_L9_64,80,25,1,0,0
candDIR_L9_64,80,26,1,0,0
candDIR_L9_64,80,27,1,0,0
candDIR_L9_64,80,28,2,1,0
candDIR_L9_64,80,29,1,0,1
candDIR_L9_64,80,30,1,0,0
candDIR_L9_64,80,31,3,2,0
candDIR_L9_64,80,32,3,0,0
candDIR_L9_64,80,33,3,0,0
candDIR_L9_64,80,34,3,0,0
candDIR_L9_64,80,35,1,0,2
candDIR_L9_64,80,36,1,0,0
candDIR_L9_64,80,37,1,0,0
candDIR_L9_64,80,38,1,0,0
candDIR_L9_64,80,39,1,0,0
candDIR_L9_64,80,40,2,1,0
candDIR_L9_64,80,41,2,0,0
candDIR_L9_64,80,42,1,0,1
candDIR_L9_64,80,43,2,1,0
candDIR_L9_64,80,44,1,0,1
candDIR_L9_64,80,45,2,1,0
candDIR_L9_64,80,46,2,0,0
candDIR_L9_64,80,47,2,0,0
candDIR_L9_64,80,48,2,0,0
candDIR_L9_64,80,49,1,0,1
candDIR_L9_64,80,50,2,1,0
candDIR_L9_64,80,51,1,0,1
candDIR_L9_64,80,52,1,0,0
candDIR_L9_64,80,53,1,0,0
candDIR_L9_64,80,54,2,1,0
candDIR_L9_64,80,55,1,0,1
candDIR_L9_64,80,56,2,1,0
candDIR_L9_64,80,57,2,0,0
candDIR_L9_64,80,58,2,0,0
candDIR_L9_64,80,59,2,0,0
candDIR_L9_64,80,60,2,0,0
candDIR_L9_64,80,61,2,0,0
candDIR_L9_64,80,62,3,1,0
candDIR_L9_64,80,63,1,0,2
candDIR_L9_64,80,64,1,0,0
candDIR_L9_64,81,1,1,0,0
candDIR_L9_64,81,2,2,1,0
candDIR_L9_64,81,3,2,0,0
candDIR_L9_64,81,4,2,0,0
candDIR_L9_64,81,5,2,0,0
candDIR_L9_64,81,6,2,0,0
candDIR_L9_64,81,7,1,0,1
candDIR_L9_64,81,8,1,0,0
candDIR_L9_64,81,9,1,0,0
candDIR_L9_64,81,10,1,0,0
candDIR_L9_64,81,11,2,1,0
candDIR_L9_64,81,12,2,0,0
candDIR_L9_64,81,13,3,1,0
candDIR_L9_64,81,14,2,0,1
candDIR_L9_64,81,15,2,0,0
candDIR_L9_64,81,16,2,0,0
candDIR_L9_64,81,17,2,0,0
candDIR_L9_64,81,18,3,1,0
candDIR_L9_64,81,19,3,0,0
candDIR_L9_64,81,20,3,1,1
candDIR_L9_64,81,21,3,0,0
candDIR_L9_64,81,22,3,0,0
candDIR_L9_64,81,23,3,0,0
candDIR_L9_64,81,24,3,0,0
candDIR_L9_64,81,25,1,0,2
candDIR_L9_64,81,26,2,1,0
candDIR_L9_64,81,27,2,0,0
candDIR_L9_64,81,28,2,0,0
candDIR_L9_64,81,29,4,2,0
candDIR_L9_64,81,30,1,0,3
candDIR_L9_64,81,31,2,1,0
candDIR_L9_64,81,32,1,0,1
candDIR_L9_64,81,33,1,0,0
candDIR_L9_64,81,34,1,0,0
candDIR_L9_64,81,35,2,1,0
candDIR_L9_64,81,36,2,0,0
candDIR_L9_64,81,37,2,0,0
candDIR_L9_64,81,38,2,0,0
candDIR_L9_64,81,39,1,0,1
candDIR_L9_64,81,40,1,0,0
candDIR_L9_64,81,41,1,0,0
candDIR_L9_64,81,42,1,0,0
candDIR_L9_64,81,43,2,1,0
candDIR_L9_64,81,44,3,1,0
candDIR_L9_64,81,45,3,0,0
candDIR_L9_64,81,46,3,1,1
candDIR_L9_64,81,47,3,1,1
candDIR_L9_64,81,48,2,0,1
candDIR_L9_64,81,49,2,0,0
candDIR_L9_64,81,50,2,0,0
candDIR_L9_64,81,51,3,1,0
candDIR_L9_64,81,52,3,1,1
candDIR_L9_64,81,53,2,0,1
candDIR_L9_64,81,54,3,1,0
candDIR_L9_64,81,55,1,0,2
candDIR_L9_64,81,56,1,0,0
candDIR_L9_64,81,57,2,1,0
candDIR_L9_64,81,58,3,1,0
candDIR_L9_64,81,59,3,0,0
candDIR_L9_64,81,60,3,0,0
candDIR_L9_64,81,61,2,0,1
candDIR_L9_64,81,62,1,0,1
candDIR_L9_64,81,63,1,0,0
candDIR_L9_64,81,64,1,0,0
candDIR_L9_64,82,1,1,0,0
candDIR_L9_64,82,2,2,1,0
candDIR_L9_64,82,3,2,0,0
candDIR_L9_64,82,4,2,0,0
candDIR_L9_64,82,5,2,0,0
candDIR_L9_64,82,6,2,0,0
candDIR_L9_64,82,7,3,1,0
candDIR_L9_64,82,8,3,0,0
candDIR_L9_64,82,9,1,0,2
candDIR_L9_64,82,10,4,3,0
candDIR_L9_64,82,11,2,0,2
candDIR_L9_64,82,12,2,0,0
candDIR_L9_64,82,13,2,0,0
candDIR_L9_64,82,14,2,0,0
candDIR_L9_64,82,15,3,1,0
candDIR_L9_64,82,16,2,0,1
candDIR_L9_64,82,17,2,0,0
candDIR_L9_64,82,18,1,0,1
candDIR_L9_64,82,19,1,0,0
candDIR_L9_64,82,20,2,1,0
candDIR_L9_64,82,21,2,0,0
candDIR_L9_64,82,22,2,0,0
candDIR_L9_64,82,23,2,0,0
candDIR_L9_64,82,24,2,0,0
candDIR_L9_64,82,25,2,0,0
candDIR_L9_64,82,26,3,1,0
candDIR_L9_64,82,27,3,0,0
candDIR_L9_64,82,28,3,0,0
candDIR_L9_64,82,29,1,0,2
candDIR_L9_64,82,30,1,0,0
candDIR_L9_64,82,31,2,1,0
candDIR_L9_64,82,32,1,0,1
candDIR_L9_64,82,33,1,0,0
candDIR_L9_64,82,34,2,1,0
candDIR_L9_64,82,35,2,0,0
candDIR_L9_64,82,36,2,0,0
candDIR_L9_64,82,37,3,1,0
candDIR_L9_64,82,38,2,0,1
candDIR_L9_64,82,39,2,0,0
candDIR_L9_64,82,40,2,0,0
candDIR_L9_64,82,41,3,1,0
candDIR_L9_64,82,42,3,0,0
candDIR_L9_64,82,43,2,0,1
candDIR_L9_64,82,44,3,1,0
candDIR_L9_64,82,45,2,0,1
candDIR_L9_64,82,46,1,0,1
candDIR_L9_64,82,47,2,1,0
candDIR_L9_64,82,48,2,0,0
candDIR_L9_64,82,49,2,0,0
candDIR_L9_64,82,50,2,0,0
candDIR_L9_64,82,51,1,0,1
candDIR_L9_64,82,52,2,1,0
candDIR_L9_64,82,53,2,0,0
candDIR_L9_64,82,54,2,0,0
candDIR_L9_64,82,55,2,0,0
candDIR_L9_64,82,56,3,1,0
candDIR_L9_64,82,57,2,0,1
candDIR_L9_64,82,58,1,0,1
candDIR_L9_64,82,59,1,0,0
candDIR_L9_64,82,60,1,0,0
candDIR_L9_64,82,61,2,1,0
candDIR_L9_64,82,62,2,0,0
candDIR_L9_64,82,63,2,0,0
candDIR_L9_64,82,64,1,0,1
candDIR_L9_64,83,1,1,0,0
candDIR_L9_64,83,2,2,1,0
candDIR_L9_64,83,3,2,0,0
candDIR_L9_64,83,4,2,0,0
candDIR_L9_64,83,5,2,0,0
candDIR_L9_64,83,6,2,0,0
candDIR_L9_64,83,7,1,0,1
candDIR_L9_64,83,8,1,0,0
candDIR_L9_64,83,9,1,0,0
candDIR_L9_64,83,10,1,0,0
candDIR_L9_64,83,11,2,1,0
candDIR_L9_64,83,12,2,0,0
candDIR_L9_64,83,13,2,0,0
candDIR_L9_64,83,14,2,0,0
candDIR_L9_64,83,15,1,0,1
candDIR_L9_64,83,16,2,1,0
candDIR_L9_64,83,17,2,0,0
candDIR_L9_64,83,18,1,0,1
candDIR_L9_64,83,19,2,1,0
candDIR_L9_64,83,20,1,0,1
candDIR_L9_64,83,21,1,0,0
candDIR_L9_64,83,22,1,0,0
candDIR_L9_64,83,23,1,0,0
candDIR_L9_64,83,24,1,0,0
candDIR_L9_64,83,25,2,1,0
candDIR_L9_64,83,26,1,0,1
candDIR_L9_64,83,27,1,0,0
candDIR_L9_64,83,28,1,0,0
candDIR_L9_64,83,29,2,1,0
candDIR_L9_64,83,30,2,0,0
candDIR_L9_64,83,31,2,0,0
candDIR_L9_64,83,32,2,0,0
candDIR_L9_64,83,33,2,0,0
candDIR_L9_64,83,34,3,1,0
candDIR_L9_64,83,35,3,0,0
candDIR_L9_64,83,36,2,0,1
candDIR_L9_64,83,37,1,0,1
candDIR_L9_64,83,38,2,1,0
candDIR_L9_64,83,39,2,0,0
candDIR_L9_64,83,40,2,0,0
candDIR_L9_64,83,41,1,0,1
candDIR_L9_64,83,42,1,0,0
candDIR_L9_64,83,43,2,1,0
candDIR_L9_64,83,44,1,0,1
candDIR_L9_64,83,45,2,1,0
candDIR_L9_64,83,46,2,0,0
candDIR_L9_64,83,47,1,0,1
candDIR_L9_64,83,48,2,1,0
candDIR_L9_64,83,49,2,0,0
candDIR_L9_64,83,50,2,0,0
candDIR_L9_64,83,51,2,0,0
candDIR_L9_64,83,52,1,0,1
candDIR_L9_64,83,53,2,1,0
candDIR_L9_64,83,54,2,0,0
candDIR_L9_64,83,55,2,0,0
candDIR_L9_64,83,56,1,0,1
candDIR_L9_64,83,57,2,1,0
candDIR_L9_64,83,58,2,0,0
candDIR_L9_64,83,59,2,0,0
candDIR_L9_64,83,60,2,0,0
candDIR_L9_64,83,61,3,1,0
candDIR_L9_64,83,62,4,1,0
candDIR_L9_64,83,63,1,0,3
candDIR_L9_64,83,64,1,0,0
candDIR_L9_64,84,1,1,0,0
candDIR_L9_64,84,2,2,1,0
candDIR_L9_64,84,3,2,0,0
candDIR_L9_64,84,4,2,0,0
candDIR_L9_64,84,5,2,0,0
candDIR_L9_64,84,6,2,0,0
candDIR_L9_64,84,7,3,1,0
candDIR_L9_64,84,8,3,1,1
candDIR_L9_64,84,9,1,0,2
candDIR_L9_64,84,10,1,0,0
candDIR_L9_64,84,11,3,2,0
candDIR_L9_64,84,12,3,0,0
candDIR_L9_64,84,13,2,0,1
candDIR_L9_64,84,14,2,0,0
candDIR_L9_64,84,15,2,0,0
candDIR_L9_64,84,16,2,0,0
candDIR_L9_64,84,17,3,1,0
candDIR_L9_64,84,18,3,0,0
candDIR_L9_64,84,19,1,0,2
candDIR_L9_64,84,20,1,0,0
candDIR_L9_64,84,21,1,0,0
candDIR_L9_64,84,22,1,0,0
candDIR_L9_64,84,23,1,0,0
candDIR_L9_64,84,24,1,0,0
candDIR_L9_64,84,25,2,1,0
candDIR_L9_64,84,26,2,0,0
candDIR_L9_64,84,27,3,1,0
candDIR_L9_64,84,28,3,0,0
candDIR_L9_64,84,29,4,1,0
candDIR_L9_64,84,30,4,0,0
candDIR_L9_64,84,31,2,0,2
candDIR_L9_64,84,32,1,0,1
candDIR_L9_64,84,33,1,0,0
candDIR_L9_64,84,34,1,0,0
candDIR_L9_64,84,35,1,0,0
candDIR_L9_64,84,36,1,0,0
candDIR_L9_64,84,37,1,0,0
candDIR_L9_64,84,38,4,3,0
candDIR_L9_64,84,39,4,1,1
candDIR_L9_64,84,40,1,0,3
candDIR_L9_64,84,41,2,1,0
candDIR_L9_64,84,42,4,2,0
candDIR_L9_64,84,43,3,0,1
candDIR_L9_64,84,44,1,0,2
candDIR_L9_64,84,45,1,0,0
candDIR_L9_64,84,46,1,0,0
candDIR_L9_64,84,47,2,1,0
candDIR_L9_64,84,48,3,1,0
candDIR_L9_64,84,49,2,0,1
candDIR_L9_64,84,50,2,0,0
candDIR_L9_64,84,51,1,0,1
candDIR_L9_64,84,52,2,1,0
candDIR_L9_64,84,53,2,0,0
candDIR_L9_64,84,54,2,0,0
candDIR_L9_64,84,55,2,0,0
candDIR_L9_64,84,56,2,0,0
candDIR_L9_64,84,57,2,0,0
candDIR_L9_64,84,58,2,0,0
candDIR_L9_64,84,59,2,0,0
candDIR_L9_64,84,60,3,1,0
candDIR_L9_64,84,61,2,0,1
candDIR_L9_64,84,62,1,0,1
candDIR_L9_64,84,63,1,0,0
candDIR_L9_64,84,64,1,0,0
candDIR_L9_64,85,1,1,0,0
candDIR_L9_64,85,2,2,1,0
candDIR_L9_64,85,3,2,0,0
candDIR_L9_64,85,4,2,0,0
candDIR_L9_64,85,5,2,0,0
candDIR_L9_64,85,6,2,0,0
candDIR_L9_64,85,7,1,0,1
candDIR_L9_64,85,8,2,1,0
candDIR_L9_64,85,9,1,0,1
candDIR_L9_64,85,10,1,0,0
candDIR_L9_64,85,11,3,2,0
candDIR_L9_64,85,12,3,0,0
candDIR_L9_64,85,13,3,0,0
candDIR_L9_64,85,14,3,0,0
candDIR_L9_64,85,15,3,0,0
candDIR_L9_64,85,16,2,0,1
candDIR_L9_64,85,17,1,0,1
candDIR_L9_64,85,18,1,0,0
candDIR_L9_64,85,19,3,2,0
candDIR_L9_64,85,20,1,0,2
candDIR_L9_64,85,21,1,0,0
candDIR_L9_64,85,22,1,0,0
candDIR_L9_64,85,23,1,0,0
candDIR_L9_64,85,24,1,0,0
candDIR_L9_64,85,25,1,0,0
candDIR_L9_64,85,26,2,1,0
candDIR_L9_64,85,27,2,0,0
candDIR_L9_64,85,28,3,1,0
candDIR_L9_64,85,29,1,0,2
candDIR_L9_64,85,30,1,0,0
candDIR_L9_64,85,31,2,1,0
candDIR_L9_64,85,32,1,0,1
candDIR_L9_64,85,33,1,0,0
candDIR_L9_64,85,34,1,0,0
candDIR_L9_64,85,35,1,0,0
candDIR_L9_64,85,36,1,0,0
candDIR_L9_64,85,37,1,0,0
candDIR_L9_64,85,38,1,0,0
candDIR_L9_64,85,39,2,1,0
candDIR_L9_64,85,40,2,0,0
candDIR_L9_64,85,41,2,0,0
candDIR_L9_64,85,42,1,0,1
candDIR_L9_64,85,43,1,0,0
candDIR_L9_64,85,44,1,0,0
candDIR_L9_64,85,45,2,1,0
candDIR_L9_64,85,46,2,0,0
candDIR_L9_64,85,47,2,0,0
candDIR_L9_64,85,48,2,0,0
candDIR_L9_64,85,49,2,0,0
candDIR_L9_64,85,50,2,0,0
candDIR_L9_64,85,51,3,1,0
candDIR_L9_64,85,52,4,1,0
candDIR_L9_64,85,53,4,0,0
candDIR_L9_64,85,54,2,0,2
candDIR_L9_64,85,55,3,1,0
candDIR_L9_64,85,56,3,0,0
candDIR_L9_64,85,57,2,0,1
candDIR_L9_64,85,58,2,0,0
candDIR_L9_64,85,59,2,0,0
candDIR_L9_64,85,60,1,0,1
candDIR_L9_64,85,61,2,1,0
candDIR_L9_64,85,62,3,1,0
candDIR_L9_64,85,63,4,1,0
candDIR_L9_64,85,64,1,0,3
candDIR_L9_64,86,1,1,0,0
candDIR_L9_64,86,2,2,1,0
candDIR_L9_64,86,3,2,0,0
candDIR_L9_64,86,4,2,0,0
candDIR_L9_64,86,5,2,0,0
candDIR_L9_64,86,6,2,0,0
candDIR_L9_64,86,7,2,0,0
candDIR_L9_64,86,8,2,0,0
candDIR_L9_64,86,9,1,0,1
candDIR_L9_64,86,10,1,0,0
candDIR_L9_64,86,11,1,0,0
candDIR_L9_64,86,12,1,0,0
candDIR_L9_64,86,13,1,0,0
candDIR_L9_64,86,14,1,0,0
candDIR_L9_64,86,15,1,0,0
candDIR_L9_64,86,16,2,1,0
candDIR_L9_64,86,17,1,0,1
candDIR_L9_64,86,18,1,0,0
candDIR_L9_64,86,19,1,0,0
candDIR_L9_64,86,20,1,0,0
candDIR_L9_64,86,21,2,1,0
candDIR_L9_64,86,22,1,0,1
candDIR_L9_64,86,23,1,0,0
candDIR_L9_64,86,24,1,0,0
candDIR_L9_64,86,25,2,1,0
candDIR_L9_64,86,26,2,0,0
candDIR_L9_64,86,27,2,0,0
candDIR_L9_64,86,28,1,0,1
candDIR_L9_64,86,29,1,0,0
candDIR_L9_64,86,30,1,0,0
candDIR_L9_64,86,31,2,1,0
candDIR_L9_64,86,32,2,0,0
candDIR_L9_64,86,33,1,0,1
candDIR_L9_64,86,34,1,0,0
candDIR_L9_64,86,35,1,0,0
candDIR_L9_64,86,36,1,0,0
candDIR_L9_64,86,37,2,1,0
candDIR_L9_64,86,38,2,0,0
candDIR_L9_64,86,39,1,0,1
candDIR_L9_64,86,40,2,1,0
candDIR_L9_64,86,41,2,0,0
candDIR_L9_64,86,42,1,0,1
candDIR_L9_64,86,43,2,1,0
candDIR_L9_64,86,44,1,0,1
candDIR_L9_64,86,45,1,0,0
candDIR_L9_64,86,46,1,0,0
candDIR_L9_64,86,47,2,1,0
candDIR_L9_64,86,48,2,0,0
candDIR_L9_64,86,49,3,1,0
candDIR_L9_64,86,50,3,0,0
candDIR_L9_64,86,51,3,0,0
candDIR_L9_64,86,52,1,0,2
candDIR_L9_64,86,53,1,0,0
candDIR_L9_64,86,54,2,1,0
candDIR_L9_64,86,55,1,0,1
candDIR_L9_64,86,56,1,0,0
candDIR_L9_64,86,57,2,1,0
candDIR_L9_64,86,58,2,0,0
candDIR_L9_64,86,59,2,0,0
candDIR_L9_64,86,60,2,0,0
candDIR_L9_64,86,61,2,0,0
candDIR_L9_64,86,62,1,0,1
candDIR_L9_64,86,63,2,1,0
candDIR_L9_64,86,64,1,0,1
candDIR_L9_64,87,1,1,0,0
candDIR_L9_64,87,2,2,1,0
candDIR_L9_64,87,3,2,0,0
candDIR_L9_64,87,4,2,0,0
candDIR_L9_64,87,5,2,0,0
candDIR_L9_64,87,6,2,0,0
candDIR_L9_64,87,7,1,0,1
candDIR_L9_64,87,8,4,3,0
candDIR_L9_64,87,9,1,0,3
candDIR_L9_64,87,10,4,3,0
candDIR_L9_64,87,11,3,0,1
candDIR_L9_64,87,12,4,1,0
candDIR_L9_64,87,13,3,0,1
candDIR_L9_64,87,14,1,0,2
candDIR_L9_64,87,15,4,3,0
candDIR_L9_64,87,16,3,0,1
candDIR_L9_64,87,17,4,2,1
candDIR_L9_64,87,18,4,1,1
candDIR_L9_64,87,19,5,1,0
candDIR_L9_64,87,20,3,0,2
candDIR_L9_64,87,21,3,1,1
candDIR_L9_64,87,22,3,0,0
candDIR_L9_64,87,23,3,0,0
candDIR_L9_64,87,24,3,0,0
candDIR_L9_64,87,25,3,0,0
candDIR_L9_64,87,26,2,0,1
candDIR_L9_64,87,27,2,0,0
candDIR_L9_64,87,28,3,1,0
candDIR_L9_64,87,29,3,0,0
candDIR_L9_64,87,30,3,0,0
candDIR_L9_64,87,31,2,0,1
candDIR_L9_64,87,32,2,0,0
candDIR_L9_64,87,33,1,0,1
candDIR_L9_64,87,34,3,2,0
candDIR_L9_64,87,35,3,0,0
candDIR_L9_64,87,36,4,2,1
candDIR_L9_64,87,37,4,0,0
candDIR_L9_64,87,38,4,0,0
candDIR_L9_64,87,39,3,0,1
candDIR_L9_64,87,40,4,1,0
candDIR_L9_64,87,41,1,0,3
candDIR_L9_64,87,42,1,0,0
candDIR_L9_64,87,43,2,1,0
candDIR_L9_64,87,44,1,0,1
candDIR_L9_64,87,45,2,1,0
candDIR_L9_64,87,46,2,0,0
candDIR_L9_64,87,47,2,0,0
candDIR_L9_64,87,48,3,1,0
candDIR_L9_64,87,49,3,1,1
candDIR_L9_64,87,50,3,0,0
candDIR_L9_64,87,51,3,0,0
candDIR_L9_64,87,52,2,0,1
candDIR_L9_64,87,53,3,1,0
candDIR_L9_64,87,54,2,0,1
candDIR_L9_64,87,55,3,1,0
candDIR_L9_64,87,56,2,0,1
candDIR_L9_64,87,57,2,0,0
candDIR_L9_64,87,58,3,1,0
candDIR_L9_64,87,59,3,0,0
candDIR_L9_64,87,60,4,1,0
candDIR_L9_64,87,61,3,1,2
candDIR_L9_64,87,62,3,0,0
candDIR_L9_64,87,63,1,0,2
candDIR_L9_64,87,64,2,1,0
candDIR_L9_64,88,1,1,0,0
candDIR_L9_64,88,2,2,1,0
candDIR_L9_64,88,3,2,0,0
candDIR_L9_64,88,4,2,0,0
candDIR_L9_64,88,5,2,0,0
candDIR_L9_64,88,6,2,0,0
candDIR_L9_64,88,7,1,0,1
candDIR_L9_64,88,8,1,0,0
candDIR_L9_64,88,9,1,0,0
candDIR_L9_64,88,10,1,0,0
candDIR_L9_64,88,11,1,0,0
candDIR_L9_64,88,12,1,0,0
candDIR_L9_64,88,13,1,0,0
candDIR_L9_64,88,14,1,0,0
candDIR_L9_64,88,15,1,0,0
candDIR_L9_64,88,16,1,0,0
candDIR_L9_64,88,17,2,1,0
candDIR_L9_64,88,18,1,0,1
candDIR_L9_64,88,19,1,0,0
candDIR_L9_64,88,20,1,0,0
candDIR_L9_64,88,21,2,1,0
candDIR_L9_64,88,22,1,0,1
candDIR_L9_64,88,23,3,2,0
candDIR_L9_64,88,24,3,0,0
candDIR_L9_64,88,25,3,1,1
candDIR_L9_64,88,26,2,0,1
candDIR_L9_64,88,27,3,1,0
candDIR_L9_64,88,28,1,0,2
candDIR_L9_64,88,29,1,0,0
candDIR_L9_64,88,30,1,0,0
candDIR_L9_64,88,31,2,1,0
candDIR_L9_64,88,32,3,1,0
candDIR_L9_64,88,33,1,0,2
candDIR_L9_64,88,34,1,0,0
candDIR_L9_64,88,35,1,0,0
candDIR_L9_64,88,36,2,1,0
candDIR_L9_64,88,37,1,0,1
candDIR_L9_64,88,38,1,0,0
candDIR_L9_64,88,39,2,1,0
candDIR_L9_64,88,40,1,0,1
candDIR_L9_64,88,41,1,0,0
candDIR_L9_64,88,42,2,1,0
candDIR_L9_64,88,43,2,0,0
candDIR_L9_64,88,44,3,1,0
candDIR_L9_64,88,45,2,0,1
candDIR_L9_64,88,46,2,0,0
candDIR_L9_64,88,47,2,0,0
candDIR_L9_64,88,48,1,0,1
candDIR_L9_64,88,49,2,1,0
candDIR_L9_64,88,50,2,0,0
candDIR_L9_64,88,51,2,0,0
candDIR_L9_64,88,52,2,0,0
candDIR_L9_64,88,53,1,0,1
candDIR_L9_64,88,54,2,1,0
candDIR_L9_64,88,55,1,0,1
candDIR_L9_64,88,56,3,2,0
candDIR_L9_64,88,57,2,0,1
candDIR_L9_64,88,58,1,0,1
candDIR_L9_64,88,59,1,0,0
candDIR_L9_64,88,60,1,0,0
candDIR_L9_64,88,61,2,1,0
candDIR_L9_64,88,62,2,0,0
candDIR_L9_64,88,63,3,1,0
candDIR_L9_64,88,64,3,0,0
candDIR_L9_64,89,1,1,0,0
candDIR_L9_64,89,2,2,1,0
candDIR_L9_64,89,3,2,0,0
candDIR_L9_64,89,4,2,0,0
candDIR_L9_64,89,5,2,0,0
candDIR_L9_64,89,6,2,0,0
candDIR_L9_64,89,7,1,0,1
candDIR_L9_64,89,8,1,0,0
candDIR_L9_64,89,9,1,0,0
candDIR_L9_64,89,10,1,0,0
candDIR_L9_64,89,11,2,1,0
candDIR_L9_64,89,12,1,0,1
candDIR_L9_64,89,13,2,1,0
candDIR_L9_64,89,14,2,0,0
candDIR_L9_64,89,15,2,0,0
candDIR_L9_64,89,16,2,0,0
candDIR_L9_64,89,17,1,0,1
candDIR_L9_64,89,18,2,1,0
candDIR_L9_64,89,19,2,0,0
candDIR_L9_64,89,20,2,0,0
candDIR_L9_64,89,21,2,0,0
candDIR_L9_64,89,22,1,0,1
candDIR_L9_64,89,23,1,0,0
candDIR_L9_64,89,24,1,0,0
candDIR_L9_64,89,25,2,1,0
candDIR_L9_64,89,26,2,0,0
candDIR_L9_64,89,27,1,0,1
candDIR_L9_64,89,28,1,0,0
candDIR_L9_64,89,29,1,0,0
candDIR_L9_64,89,30,1,0,0
candDIR_L9_64,89,31,2,1,0
candDIR_L9_64,89,32,2,0,0
candDIR_L9_64,89,33,2,0,0
candDIR_L9_64,89,34,3,1,0
candDIR_L9_64,89,35,3,0,0
candDIR_L9_64,89,36,1,0,2
candDIR_L9_64,89,37,1,0,0
candDIR_L9_64,89,38,1,0,0
candDIR_L9_64,89,39,3,2,0
candDIR_L9_64,89,40,3,0,0
candDIR_L9_64,89,41,3,0,0
candDIR_L9_64,89,42,4,1,0
candDIR_L9_64,89,43,4,1,1
candDIR_L9_64,89,44,1,0,3
candDIR_L9_64,89,45,3,2,0
candDIR_L9_64,89,46,3,0,0
candDIR_L9_64,89,47,3,0,0
candDIR_L9_64,89,48,3,0,0
candDIR_L9_64,89,49,1,0,2
candDIR_L9_64,89,50,1,0,0
candDIR_L9_64,89,51,1,0,0
candDIR_L9_64,89,52,2,1,0
candDIR_L9_64,89,53,1,0,1
candDIR_L9_64,89,54,2,1,0
candDIR_L9_64,89,55,1,0,1
candDIR_L9_64,89,56,1,0,0
candDIR_L9_64,89,57,2,1,0
candDIR_L9_64,89,58,2,0,0
candDIR_L9_64,89,59,2,0,0
candDIR_L9_64,89,60,1,0,1
candDIR_L9_64,89,61,2,1,0
candDIR_L9_64,89,62,2,0,0
candDIR_L9_64,89,63,1,0,1
candDIR_L9_64,89,64,1,0,0
candDIR_L9_64,90,1,1,0,0
candDIR_L9_64,90,2,2,1,0
candDIR_L9_64,90,3,2,0,0
candDIR_L9_64,90,4,2,0,0
candDIR_L9_64,90,5,2,0,0
candDIR_L9_64,90,6,2,0,0
candDIR_L9_64,90,7,1,0,1
candDIR_L9_64,90,8,1,0,0
candDIR_L9_64,90,9,1,0,0
candDIR_L9_64,90,10,1,0,0
candDIR_L9_64,90,11,1,0,0
candDIR_L9_64,90,12,2,1,0
candDIR_L9_64,90,13,2,0,0
candDIR_L9_64,90,14,1,0,1
candDIR_L9_64,90,15,1,0,0
candDIR_L9_64,90,16,1,0,0
candDIR_L9_64,90,17,1,0,0
candDIR_L9_64,90,18,1,0,0
candDIR_L9_64,90,19,1,0,0
candDIR_L9_64,90,20,1,0,0
candDIR_L9_64,90,21,1,0,0
candDIR_L9_64,90,22,1,0,0
candDIR_L9_64,90,23,1,0,0
candDIR_L9_64,90,24,2,1,0
candDIR_L9_64,90,25,2,0,0
candDIR_L9_64,90,26,2,0,0
candDIR_L9_64,90,27,2,0,0
candDIR_L9_64,90,28,2,0,0
candDIR_L9_64,90,29,2,0,0
candDIR_L9_64,90,30,3,1,0
candDIR_L9_64,90,31,2,0,1
candDIR_L9_64,90,32,3,1,0
candDIR_L9_64,90,33,3,0,0
candDIR_L9_64,90,34,1,0,2
candDIR_L9_64,90,35,2,1,0
candDIR_L9_64,90,36,4,2,0
candDIR_L9_64,90,37,2,0,2
candDIR_L9_64,90,38,3,1,0
candDIR_L9_64,90,39,1,0,2
candDIR_L9_64,90,40,1,0,0
candDIR_L9_64,90,41,1,0,0
candDIR_L9_64,90,42,1,0,0
candDIR_L9_64,90,43,1,0,0
candDIR_L9_64,90,44,1,0,0
candDIR_L9_64,90,45,2,1,0
candDIR_L9_64,90,46,2,0,0
candDIR_L9_64,90,47,2,0,0
candDIR_L9_64,90,48,3,1,0
candDIR_L9_64,90,49,2,0,1
candDIR_L9_64,90,50,3,1,0
candDIR_L9_64,90,51,1,0,2
candDIR_L9_64,90,52,1,0,0
candDIR_L9_64,90,53,1,0,0
candDIR_L9_64,90,54,2,1,0
candDIR_L9_64,90,55,1,0,1
candDIR_L9_64,90,56,1,0,0
candDIR_L9_64,90,57,2,1,0
candDIR_L9_64,90,58,2,0,0
candDIR_L9_64,90,59,4,2,0
candDIR_L9_64,90,60,4,0,0
candDIR_L9_64,90,61,3,0,1
candDIR_L9_64,90,62,1,0,2
candDIR_L9_64,90,63,1,0,0
candDIR_L9_64,90,64,2,1,0
candDIR_L9_64,91,1,1,0,0
candDIR_L9_64,91,2,2,1,0
candDIR_L9_64,91,3,2,0,0
candDIR_L9_64,91,4,2,0,0
candDIR_L9_64,91,5,2,0,0
candDIR_L9_64,91,6,2,0,0
candDIR_L9_64,91,7,1,0,1
candDIR_L9_64,91,8,1,0,0
candDIR_L9_64,91,9,1,0,0
candDIR_L9_64,91,10,1,0,0
candDIR_L9_64,91,11,3,2,0
candDIR_L9_64,91,12,3,0,0
candDIR_L9_64,91,13,2,0,1
candDIR_L9_64,91,14,3,1,0
candDIR_L9_64,91,15,4,1,0
candDIR_L9_64,91,16,4,0,0
candDIR_L9_64,91,17,1,0,3
candDIR_L9_64,91,18,1,0,0
candDIR_L9_64,91,19,1,0,0
candDIR_L9_64,91,20,1,0,0
candDIR_L9_64,91,21,1,0,0
candDIR_L9_64,91,22,1,0,0
candDIR_L9_64,91,23,1,0,0
candDIR_L9_64,91,24,1,0,0
candDIR_L9_64,91,25,1,0,0
candDIR_L9_64,91,26,1,0,0
candDIR_L9_64,91,27,1,0,0
candDIR_L9_64,91,28,1,0,0
candDIR_L9_64,91,29,1,0,0
candDIR_L9_64,91,30,1,0,0
candDIR_L9_64,91,31,2,1,0
candDIR_L9_64,91,32,1,0,1
candDIR_L9_64,91,33,1,0,0
candDIR_L9_64,91,34,1,0,0
candDIR_L9_64,91,35,3,2,0
candDIR_L9_64,91,36,1,0,2
candDIR_L9_64,91,37,2,1,0
candDIR_L9_64,91,38,2,0,0
candDIR_L9_64,91,39,1,0,1
candDIR_L9_64,91,40,1,0,0
candDIR_L9_64,91,41,2,1,0
candDIR_L9_64,91,42,3,1,0
candDIR_L9_64,91,43,4,1,0
candDIR_L9_64,91,44,3,0,1
candDIR_L9_64,91,45,3,0,0
candDIR_L9_64,91,46,4,1,0
candDIR_L9_64,91,47,4,0,0
candDIR_L9_64,91,48,1,0,3
candDIR_L9_64,91,49,4,3,0
candDIR_L9_64,91,50,1,0,3
candDIR_L9_64,91,51,1,0,0
candDIR_L9_64,91,52,1,0,0
candDIR_L9_64,91,53,1,0,0
candDIR_L9_64,91,54,2,1,0
candDIR_L9_64,91,55,1,0,1
candDIR_L9_64,91,56,2,1,0
candDIR_L9_64,91,57,3,1,0
candDIR_L9_64,91,58,3,0,0
candDIR_L9_64,91,59,3,0,0
candDIR_L9_64,91,60,2,0,1
candDIR_L9_64,91,61,2,0,0
candDIR_L9_64,91,62,2,0,0
candDIR_L9_64,91,63,1,0,1
candDIR_L9_64,91,64,1,0,0
candDIR_L9_64,92,1,1,0,0
candDIR_L9_64,92,2,2,1,0
candDIR_L9_64,92,3,2,0,0
candDIR_L9_64,92,4,2,0,0
candDIR_L9_64,92,5,2,0,0
candDIR_L9_64,92,6,2,0,0
candDIR_L9_64,92,7,1,0,1
candDIR_L9_64,92,8,1,0,0
candDIR_L9_64,92,9,1,0,0
candDIR_L9_64,92,10,1,0,0
candDIR_L9_64,92,11,1,0,0
candDIR_L9_64,92,12,1,0,0
candDIR_L9_64,92,13,3,2,0
candDIR_L9_64,92,14,1,0,2
candDIR_L9_64,92,15,1,0,0
candDIR_L9_64,92,16,1,0,0
candDIR_L9_64,92,17,1,0,0
candDIR_L9_64,92,18,1,0,0
candDIR_L9_64,92,19,2,1,0
candDIR_L9_64,92,20,3,1,0
candDIR_L9_64,92,21,2,0,1
candDIR_L9_64,92,22,2,0,0
candDIR_L9_64,92,23,2,0,0
candDIR_L9_64,92,24,2,0,0
candDIR_L9_64,92,25,3,1,0
candDIR_L9_64,92,26,2,0,1
candDIR_L9_64,92,27,2,0,0
candDIR_L9_64,92,28,2,0,0
candDIR_L9_64,92,29,2,0,0
candDIR_L9_64,92,30,1,0,1
candDIR_L9_64,92,31,2,1,0
candDIR_L9_64,92,32,1,0,1
candDIR_L9_64,92,33,1,0,0
candDIR_L9_64,92,34,1,0,0
candDIR_L9_64,92,35,1,0,0
candDIR_L9_64,92,36,2,1,0
candDIR_L9_64,92,37,2,0,0
candDIR_L9_64,92,38,2,0,0
candDIR_L9_64,92,39,2,0,0
candDIR_L9_64,92,40,2,0,0
candDIR_L9_64,92,41,3,1,0
candDIR_L9_64,92,42,3,0,0
candDIR_L9_64,92,43,3,0,0
candDIR_L9_64,92,44,4,1,0
candDIR_L9_64,92,45,3,0,1
candDIR_L9_64,92,46,1,0,2
candDIR_L9_64,92,47,1,0,0
candDIR_L9_64,92,48,1,0,0
candDIR_L9_64,92,49,1,0,0
candDIR_L9_64,92,50,1,0,0
candDIR_L9_64,92,51,1,0,0
candDIR_L9_64,92,52,2,1,0
candDIR_L9_64,92,53,2,0,0
candDIR_L9_64,92,54,2,0,0
candDIR_L9_64,92,55,3,1,0
candDIR_L9_64,92,56,3,0,0
candDIR_L9_64,92,57,2,0,1
candDIR_L9_64,92,58,2,0,0
candDIR_L9_64,92,59,1,0,1
candDIR_L9_64,92,60,1,0,0
candDIR_L9_64,92,61,1,0,0
candDIR_L9_64,92,62,1,0,0
candDIR_L9_64,92,63,1,0,0
candDIR_L9_64,92,64,2,1,0
candDIR_L9_64,93,1,1,0,0
candDIR_L9_64,93,2,2,1,0
candDIR_L9_64,93,3,2,0,0
candDIR_L9_64,93,4,2,0,0
candDIR_L9_64,93,5,2,0,0
candDIR_L9_64,93,6,2,0,0
candDIR_L9_64,93,7,1,0,1
candDIR_L9_64,93,8,1,0,0
candDIR_L9_64,93,9,1,0,0
candDIR_L9_64,93,10,1,0,0
candDIR_L9_64,93,11,3,2,0
candDIR_L9_64,93,12,4,1,0
candDIR_L9_64,93,13,1,0,3
candDIR_L9_64,93,14,3,2,0
candDIR_L9_64,93,15,3,0,0
candDIR_L9_64,93,16,2,0,1
candDIR_L9_64,93,17,2,0,0
candDIR_L9_64,93,18,3,1,0
candDIR_L9_64,93,19,3,0,0
candDIR_L9_64,93,20,5,2,0
candDIR_L9_64,93,21,1,0,4
candDIR_L9_64,93,22,1,0,0
candDIR_L9_64,93,23,3,2,0
candDIR_L9_64,93,24,1,0,2
candDIR_L9_64,93,25,1,0,0
candDIR_L9_64,93,26,3,2,0
candDIR_L9_64,93,27,3,0,0
candDIR_L9_64,93,28,3,0,0
candDIR_L9_64,93,29,4,1,0
candDIR_L9_64,93,30,1,0,3
candDIR_L9_64,93,31,1,0,0
candDIR_L9_64,93,32,2,1,0
candDIR_L9_64,93,33,4,2,0
candDIR_L9_64,93,34,1,0,3
candDIR_L9_64,93,35,1,0,0
candDIR_L9_64,93,36,2,1,0
candDIR_L9_64,93,37,2,0,0
candDIR_L9_64,93,38,2,0,0
candDIR_L9_64,93,39,2,0,0
candDIR_L9_64,93,40,2,0,0
candDIR_L9_64,93,41,2,0,0
candDIR_L9_64,93,42,2,0,0
candDIR_L9_64,93,43,3,1,0
candDIR_L9_64,93,44,1,0,2
candDIR_L9_64,93,45,1,0,0
candDIR_L9_64,93,46,1,0,0
candDIR_L9_64,93,47,1,0,0
candDIR_L9_64,93,48,1,0,0
candDIR_L9_64,93,49,1,0,0
candDIR_L9_64,93,50,1,0,0
candDIR_L9_64,93,51,2,1,0
candDIR_L9_64,93,52,3,1,0
candDIR_L9_64,93,53,2,0,1
candDIR_L9_64,93,54,2,0,0
candDIR_L9_64,93,55,4,2,0
candDIR_L9_64,93,56,4,1,1
candDIR_L9_64,93,57,2,0,2
candDIR_L9_64,93,58,2,0,0
candDIR_L9_64,93,59,1,0,1
candDIR_L9_64,93,60,1,0,0
candDIR_L9_64,93,61,2,1,0
candDIR_L9_64,93,62,4,2,0
candDIR_L9_64,93,63,1,0,3
candDIR_L9_64,93,64,5,4,0
candDIR_L9_64,94,1,1,0,0
candDIR_L9_64,94,2,2,1,0
candDIR_L9_64,94,3,2,0,0
candDIR_L9_64,94,4,2,0,0
candDIR_L9_64,94,5,2,0,0
candDIR_L9_64,94,6,2,0,0
candDIR_L9_64,94,7,1,0,1
candDIR_L9_64,94,8,2,1,0
candDIR_L9_64,94,9,1,0,1
candDIR_L9_64,94,10,1,0,0
candDIR_L9_64,94,11,3,2,0
candDIR_L9_64,94,12,1,0,2
candDIR_L9_64,94,13,3,2,0
candDIR_L9_64,94,14,2,0,1
candDIR_L9_64,94,15,1,0,1
candDIR_L9_64,94,16,4,3,0
candDIR_L9_64,94,17,4,1,1
candDIR_L9_64,94,18,1,0,3
candDIR_L9_64,94,19,1,0,0
candDIR_L9_64,94,20,1,0,0
candDIR_L9_64,94,21,1,0,0
candDIR_L9_64,94,22,2,1,0
candDIR_L9_64,94,23,3,1,0
candDIR_L9_64,94,24,3,0,0
candDIR_L9_64,94,25,2,0,1
candDIR_L9_64,94,26,2,0,0
candDIR_L9_64,94,27,2,0,0
candDIR_L9_64,94,28,2,0,0
candDIR_L9_64,94,29,2,0,0
candDIR_L9_64,94,30,2,0,0
candDIR_L9_64,94,31,2,0,0
candDIR_L9_64,94,32,3,1,0
candDIR_L9_64,94,33,1,0,2
candDIR_L9_64,94,34,4,3,0
candDIR_L9_64,94,35,4,0,0
candDIR_L9_64,94,36,2,0,2
candDIR_L9_64,94,37,2,0,0
candDIR_L9_64,94,38,2,0,0
candDIR_L9_64,94,39,3,1,0
candDIR_L9_64,94,40,3,0,0
candDIR_L9_64,94,41,2,0,1
candDIR_L9_64,94,42,2,0,0
candDIR_L9_64,94,43,1,0,1
candDIR_L9_64,94,44,3,2,0
candDIR_L9_64,94,45,3,0,0
candDIR_L9_64,94,46,4,1,0
candDIR_L9_64,94,47,4,0,0
candDIR_L9_64,94,48,5,1,0
candDIR_L9_64,94,49,5,1,1
candDIR_L9_64,94,50,3,0,2
candDIR_L9_64,94,51,3,1,1
candDIR_L9_64,94,52,1,0,2
candDIR_L9_64,94,53,3,2,0
candDIR_L9_64,94,54,2,0,1
candDIR_L9_64,94,55,1,0,1
candDIR_L9_64,94,56,2,1,0
candDIR_L9_64,94,57,2,0,0
candDIR_L9_64,94,58,2,0,0
candDIR_L9_64,94,59,3,1,0
candDIR_L9_64,94,60,6,3,0
candDIR_L9_64,94,61,2,0,4
candDIR_L9_64,94,62,1,0,1
candDIR_L9_64,94,63,1,0,0
candDIR_L9_64,94,64,1,0,0
candDIR_L9_64,95,1,1,0,0
candDIR_L9_64,95,2,2,1,0
candDIR_L9_64,95,3,2,0,0
candDIR_L9_64,95,4,2,0,0
candDIR_L9_64,95,5,2,0,0
candDIR_L9_64,95,6,2,0,0
candDIR_L9_64,95,7,1,0,1
candDIR_L9_64,95,8,2,1,0
candDIR_L9_64,95,9,1,0,1
candDIR_L9_64,95,10,1,0,0
candDIR_L9_64,95,11,1,0,0
candDIR_L9_64,95,12,1,0,0
candDIR_L9_64,95,13,1,0,0
candDIR_L9_64,95,14,2,1,0
candDIR_L9_64,95,15,1,0,1
candDIR_L9_64,95,16,1,0,0
candDIR_L9_64,95,17,1,0,0
candDIR_L9_64,95,18,1,0,0
candDIR_L9_64,95,19,2,1,0
candDIR_L9_64,95,20,1,0,1
candDIR_L9_64,95,21,1,0,0
candDIR_L9_64,95,22,2,1,0
candDIR_L9_64,95,23,1,0,1
candDIR_L9_64,95,24,1,0,0
candDIR_L9_64,95,25,2,1,0
candDIR_L9_64,95,26,2,0,0
candDIR_L9_64,95,27,2,0,0
candDIR_L9_64,95,28,2,0,0
candDIR_L9_64,95,29,2,0,0
candDIR_L9_64,95,30,2,0,0
candDIR_L9_64,95,31,2,0,0
candDIR_L9_64,95,32,2,0,0
candDIR_L9_64,95,33,1,0,1
candDIR_L9_64,95,34,1,0,0
candDIR_L9_64,95,35,1,0,0
candDIR_L9_64,95,36,2,1,0
candDIR_L9_64,95,37,2,0,0
candDIR_L9_64,95,38,2,0,0
candDIR_L9_64,95,39,1,0,1
candDIR_L9_64,95,40,1,0,0
candDIR_L9_64,95,41,2,1,0
candDIR_L9_64,95,42,2,0,0
candDIR_L9_64,95,43,2,0,0
candDIR_L9_64,95,44,1,0,1
candDIR_L9_64,95,45,1,0,0
candDIR_L9_64,95,46,1,0,0
candDIR_L9_64,95,47,2,1,0
candDIR_L9_64,95,48,1,0,1
candDIR_L9_64,95,49,1,0,0
candDIR_L9_64,95,50,2,1,0
candDIR_L9_64,95,51,1,0,1
candDIR_L9_64,95,52,1,0,0
candDIR_L9_64,95,53,1,0,0
candDIR_L9_64,95,54,2,1,0
candDIR_L9_64,95,55,2,0,0
candDIR_L9_64,95,56,1,0,1
candDIR_L9_64,95,57,2,1,0
candDIR_L9_64,95,58,2,0,0
candDIR_L9_64,95,59,2,0,0
candDIR_L9_64,95,60,1,0,1
candDIR_L9_64,95,61,3,2,0
candDIR_L9_64,95,62,3,0,0
candDIR_L9_64,95,63,1,0,2
candDIR_L9_64,95,64,1,0,0
candDIR_L9_64,96,1,1,0,0
candDIR_L9_64,96,2,2,1,0
candDIR_L9_64,96,3,2,0,0
candDIR_L9_64,96,4,2,0,0
candDIR_L9_64,96,5,2,0,0
candDIR_L9_64,96,6,2,0,0
candDIR_L9_64,96,7,1,0,1
candDIR_L9_64,96,8,2,1,0
candDIR_L9_64,96,9,1,0,1
candDIR_L9_64,96,10,1,0,0
candDIR_L9_64,96,11,1,0,0
candDIR_L9_64,96,12,1,0,0
candDIR_L9_64,96,13,2,1,0
candDIR_L9_64,96,14,1,0,1
candDIR_L9_64,96,15,2,1,0
candDIR_L9_64,96,16,2,0,0
candDIR_L9_64,96,17,1,0,1
candDIR_L9_64,96,18,3,2,0
candDIR_L9_64,96,19,1,0,2
candDIR_L9_64,96,20,1,0,0
candDIR_L9_64,96,21,1,0,0
candDIR_L9_64,96,22,1,0,0
candDIR_L9_64,96,23,1,0,0
candDIR_L9_64,96,24,1,0,0
candDIR_L9_64,96,25,1,0,0
candDIR_L9_64,96,26,2,1,0
candDIR_L9_64,96,27,1,0,1
candDIR_L9_64,96,28,1,0,0
candDIR_L9_64,96,29,1,0,0
candDIR_L9_64,96,30,1,0,0
candDIR_L9_64,96,31,1,0,0
candDIR_L9_64,96,32,2,1,0
candDIR_L9_64,96,33,3,1,0
candDIR_L9_64,96,34,1,0,2
candDIR_L9_64,96,35,2,1,0
candDIR_L9_64,96,36,1,0,1
candDIR_L9_64,96,37,1,0,0
candDIR_L9_64,96,38,1,0,0
candDIR_L9_64,96,39,3,2,0
candDIR_L9_64,96,40,1,0,2
candDIR_L9_64,96,41,1,0,0
candDIR_L9_64,96,42,2,1,0
candDIR_L9_64,96,43,3,1,0
candDIR_L9_64,96,44,2,0,1
candDIR_L9_64,96,45,2,0,0
candDIR_L9_64,96,46,2,0,0
candDIR_L9_64,96,47,2,0,0
candDIR_L9_64,96,48,2,0,0
candDIR_L9_64,96,49,2,0,0
candDIR_L9_64,96,50,2,0,0
candDIR_L9_64,96,51,3,1,0
candDIR_L9_64,96,52,4,1,0
candDIR_L9_64,96,53,4,0,0
candDIR_L9_64,96,54,2,0,2
candDIR_L9_64,96,55,3,1,0
candDIR_L9_64,96,56,3,0,0
candDIR_L9_64,96,57,2,0,1
candDIR_L9_64,96,58,2,0,0
candDIR_L9_64,96,59,2,0,0
candDIR_L9_64,96,60,3,1,0
candDIR_L9_64,96,61,2,0,1
candDIR_L9_64,96,62,3,1,0
candDIR_L9_64,96,63,1,0,2
candDIR_L9_64,96,64,1,0,0
candDIR_L9_64,97,1,1,0,0
candDIR_L9_64,97,2,2,1,0
candDIR_L9_64,97,3,2,0,0
candDIR_L9_64,97,4,2,0,0
candDIR_L9_64,97,5,2,0,0
candDIR_L9_64,97,6,2,0,0
candDIR_L9_64,97,7,1,0,1
candDIR_L9_64,97,8,4,3,0
candDIR_L9_64,97,9,1,0,3
candDIR_L9_64,97,10,1,0,0
candDIR_L9_64,97,11,3,2,0
candDIR_L9_64,97,12,4,1,0
candDIR_L9_64,97,13,3,0,1
candDIR_L9_64,97,14,4,1,0
candDIR_L9_64,97,15,3,0,1
candDIR_L9_64,97,16,4,1,0
candDIR_L9_64,97,17,1,0,3
candDIR_L9_64,97,18,1,0,0
candDIR_L9_64,97,19,1,0,0
candDIR_L9_64,97,20,1,0,0
candDIR_L9_64,97,21,1,0,0
candDIR_L9_64,97,22,1,0,0
candDIR_L9_64,97,23,1,0,0
candDIR_L9_64,97,24,1,0,0
candDIR_L9_64,97,25,2,1,0
candDIR_L9_64,97,26,2,0,0
candDIR_L9_64,97,27,2,0,0
candDIR_L9_64,97,28,2,0,0
candDIR_L9_64,97,29,3,1,0
candDIR_L9_64,97,30,1,0,2
candDIR_L9_64,97,31,1,0,0
candDIR_L9_64,97,32,1,0,0
candDIR_L9_64,97,33,1,0,0
candDIR_L9_64,97,34,1,0,0
candDIR_L9_64,97,35,2,1,0
candDIR_L9_64,97,36,1,0,1
candDIR_L9_64,97,37,1,0,0
candDIR_L9_64,97,38,1,0,0
candDIR_L9_64,97,39,1,0,0
candDIR_L9_64,97,40,2,1,0
candDIR_L9_64,97,41,1,0,1
candDIR_L9_64,97,42,1,0,0
candDIR_L9_64,97,43,2,1,0
candDIR_L9_64,97,44,2,0,0
candDIR_L9_64,97,45,2,0,0
candDIR_L9_64,97,46,2,0,0
candDIR_L9_64,97,47,3,1,0
candDIR_L9_64,97,48,2,0,1
candDIR_L9_64,97,49,3,1,0
candDIR_L9_64,97,50,2,0,1
candDIR_L9_64,97,51,1,0,1
candDIR_L9_64,97,52,1,0,0
candDIR_L9_64,97,53,1,0,0
candDIR_L9_64,97,54,2,1,0
candDIR_L9_64,97,55,1,0,1
candDIR_L9_64,97,56,1,0,0
candDIR_L9_64,97,57,3,2,0
candDIR_L9_64,97,58,3,0,0
candDIR_L9_64,97,59,3,0,0
candDIR_L9_64,97,60,1,0,2
candDIR_L9_64,97,61,2,1,0
candDIR_L9_64,97,62,1,0,1
candDIR_L9_64,97,63,1,0,0
candDIR_L9_64,97,64,1,0,0
candDIR_L9_64,98,1,1,0,0
candDIR_L9_64,98,2,2,1,0
candDIR_L9_64,98,3,2,0,0
candDIR_L9_64,98,4,2,0,0
candDIR_L9_64,98,5,2,0,0
candDIR_L9_64,98,6,2,0,0
candDIR_L9_64,98,7,1,0,1
candDIR_L9_64,98,8,1,0,0
candDIR_L9_64,98,9,1,0,0
candDIR_L9_64,98,10,1,0,0
candDIR_L9_64,98,11,1,0,0
candDIR_L9_64,98,12,1,0,0
candDIR_L9_64,98,13,2,1,0
candDIR_L9_64,98,14,1,0,1
candDIR_L9_64,98,15,2,1,0
candDIR_L9_64,98,16,1,0,1
candDIR_L9_64,98,17,2,1,0
candDIR_L9_64,98,18,2,0,0
candDIR_L9_64,98,19,2,0,0
candDIR_L9_64,98,20,2,0,0
candDIR_L9_64,98,21,2,0,0
candDIR_L9_64,98,22,2,0,0
candDIR_L9_64,98,23,2,0,0
candDIR_L9_64,98,24,2,0,0
candDIR_L9_64,98,25,2,0,0
candDIR_L9_64,98,26,2,0,0
candDIR_L9_64,98,27,2,0,0
candDIR_L9_64,98,28,1,0,1
candDIR_L9_64,98,29,1,0,0
candDIR_L9_64,98,30,1,0,0
candDIR_L9_64,98,31,1,0,0
candDIR_L9_64,98,32,2,1,0
candDIR_L9_64,98,33,1,0,1
candDIR_L9_64,98,34,1,0,0
candDIR_L9_64,98,35,2,1,0
candDIR_L9_64,98,36,2,0,0
candDIR_L9_64,98,37,4,2,0
candDIR_L9_64,98,38,2,0,2
candDIR_L9_64,98,39,3,1,0
candDIR_L9_64,98,40,3,0,0
candDIR_L9_64,98,41,2,0,1
candDIR_L9_64,98,42,2,0,0
candDIR_L9_64,98,43,1,0,1
candDIR_L9_64,98,44,2,1,0
candDIR_L9_64,98,45,3,1,0
candDIR_L9_64,98,46,2,0,1
candDIR_L9_64,98,47,1,0,1
candDIR_L9_64,98,48,2,1,0
candDIR_L9_64,98,49,1,0,1
candDIR_L9_64,98,50,2,1,0
candDIR_L9_64,98,51,2,0,0
candDIR_L9_64,98,52,1,0,1
candDIR_L9_64,98,53,1,0,0
candDIR_L9_64,98,54,2,1,0
candDIR_L9_64,98,55,1,0,1
candDIR_L9_64,98,56,1,0,0
candDIR_L9_64,98,57,2,1,0
candDIR_L9_64,98,58,2,0,0
candDIR_L9_64,98,59,2,0,0
candDIR_L9_64,98,60,2,0,0
candDIR_L9_64,98,61,2,0,0
candDIR_L9_64,98,62,3,1,0
candDIR_L9_64,98,63,1,0,2
candDIR_L9_64,98,64,1,0,0
candDIR_L9_64,99,1,1,0,0
candDIR_L9_64,99,2,2,1,0
candDIR_L9_64,99,3,2,0,0
candDIR_L9_64,99,4,2,0,0
candDIR_L9_64,99,5,2,0,0
candDIR_L9_64,99,6,2,0,0
candDIR_L9_64,99,7,1,0,1
candDIR_L9_64,99,8,1,0,0
candDIR_L9_64,99,9,1,0,0
candDIR_L9_64,99,10,1,0,0
candDIR_L9_64,99,11,1,0,0
candDIR_L9_64,99,12,1,0,0
candDIR_L9_64,99,13,1,0,0
candDIR_L9_64,99,14,1,0,0
candDIR_L9_64,99,15,3,2,0
candDIR_L9_64,99,16,3,0,0
candDIR_L9_64,99,17,3,1,1
candDIR_L9_64,99,18,4,2,1
candDIR_L9_64,99,19,3,0,1
candDIR_L9_64,99,20,4,2,1
candDIR_L9_64,99,21,5,1,0
candDIR_L9_64,99,22,4,0,1
candDIR_L9_64,99,23,2,0,2
candDIR_L9_64,99,24,3,1,0
candDIR_L9_64,99,25,4,1,0
candDIR_L9_64,99,26,4,1,1
candDIR_L9_64,99,27,4,0,0
candDIR_L9_64,99,28,3,0,1
candDIR_L9_64,99,29,2,0,1
candDIR_L9_64,99,30,2,0,0
candDIR_L9_64,99,31,2,0,0
candDIR_L9_64,99,32,3,1,0
candDIR_L9_64,99,33,1,0,2
candDIR_L9_64,99,34,1,0,0
candDIR_L9_64,99,35,3,2,0
candDIR_L9_64,99,36,3,1,1
candDIR_L9_64,99,37,3,0,0
candDIR_L9_64,99,38,3,0,0
candDIR_L9_64,99,39,3,0,0
candDIR_L9_64,99,40,2,0,1
candDIR_L9_64,99,41,3,1,0
candDIR_L9_64,99,42,3,0,0
candDIR_L9_64,99,43,3,1,1
candDIR_L9_64,99,44,4,1,0
candDIR_L9_64,99,45,1,0,3
candDIR_L9_64,99,46,1,0,0
candDIR_L9_64,99,47,1,0,0
candDIR_L9_64,99,48,1,0,0
candDIR_L9_64,99,49,1,0,0
candDIR_L9_64,99,50,2,1,0
candDIR_L9_64,99,51,1,0,1
candDIR_L9_64,99,52,1,0,0
candDIR_L9_64,99,53,1,0,0
candDIR_L9_64,99,54,1,0,0
candDIR_L9_64,99,55,2,1,0
candDIR_L9_64,99,56,2,0,0
candDIR_L9_64,99,57,2,0,0
candDIR_L9_64,99,58,2,0,0
candDIR_L9_64,99,59,2,0,0
candDIR_L9_64,99,60,2,0,0
candDIR_L9_64,99,61,3,1,0
candDIR_L9_64,99,62,1,0,2
candDIR_L9_64,99,63,4,3,0
candDIR_L9_64,99,64,1,0,3
candDIR_L9_64,100,1,1,0,0
candDIR_L9_64,100,2,2,1,0
candDIR_L9_64,100,3,2,0,0
candDIR_L9_64,100,4,2,0,0
candDIR_L9_64,100,5,2,0,0
candDIR_L9_64,100,6,2,0,0
candDIR_L9_64,100,7,1,0,1
candDIR_L9_64,100,8,1,0,0
candDIR_L9_64,100,9,1,0,0
candDIR_L9_64,100,10,1,0,0
candDIR_L9_64,100,11,1,0,0
candDIR_L9_64,100,12,1,0,0
candDIR_L9_64,100,13,1,0,0
candDIR_L9_64,100,14,1,0,0
candDIR_L9_64,100,15,1,0,0
candDIR_L9_64,100,16,1,0,0
candDIR_L9_64,100,17,2,1,0
candDIR_L9_64,100,18,1,0,1
candDIR_L9_64,100,19,1,0,0
candDIR_L9_64,100,20,2,1,0
candDIR_L9_64,100,21,1,0,1
candDIR_L9_64,100,22,2,1,0
candDIR_L9_64,100,23,2,0,0
candDIR_L9_64,100,24,1,0,1
candDIR_L9_64,100,25,1,0,0
candDIR_L9_64,100,26,1,0,0
candDIR_L9_64,100,27,1,0,0
candDIR_L9_64,100,28,2,1,0
candDIR_L9_64,100,29,2,0,0
candDIR_L9_64,100,30,3,1,0
candDIR_L9_64,100,31,2,0,1
candDIR_L9_64,100,32,2,0,0
candDIR_L9_64,100,33,3,1,0
candDIR_L9_64,100,34,3,0,0
candDIR_L9_64,100,35,3,0,0
candDIR_L9_64,100,36,3,0,0
candDIR_L9_64,100,37,4,1,0
candDIR_L9_64,100,38,4,0,0
candDIR_L9_64,100,39,4,0,0
candDIR_L9_64,100,40,3,0,1
candDIR_L9_64,100,41,1,0,2
candDIR_L9_64,100,42,1,0,0
candDIR_L9_64,100,43,2,1,0
candDIR_L9_64,100,44,1,0,1
candDIR_L9_64,100,45,2,1,0
candDIR_L9_64,100,46,2,0,0
candDIR_L9_64,100,47,2,0,0
candDIR_L9_64,100,48,4,2,0
candDIR_L9_64,100,49,4,0,0
candDIR_L9_64,100,50,2,0,2
candDIR_L9_64,100,51,3,1,0
candDIR_L9_64,100,52,3,0,0
candDIR_L9_64,100,53,3,0,0
candDIR_L9_64,100,54,2,0,1
candDIR_L9_64,100,55,1,0,1
candDIR_L9_64,100,56,2,1,0
candDIR_L9_64,100,57,2,0,0
candDIR_L9_64,100,58,2,0,0
candDIR_L9_64,100,59,2,0,0
candDIR_L9_64,100,60,2,0,0
candDIR_L9_64,100,61,1,0,1
candDIR_L9_64,100,62,1,0,0
candDIR_L9_64,100,63,1,0,0
candDIR_L9_64,100,64,2,1,0
candDIR_L9_64,101,1,1,0,0
candDIR_L9_64,101,2,2,1,0
candDIR_L9_64,101,3,2,0,0
candDIR_L9_64,101,4,2,0,0
candDIR_L9_64,101,5,2,0,0
candDIR_L9_64,101,6,2,0,0
candDIR_L9_64,101,7,1,0,1
candDIR_L9_64,101,8,1,0,0
candDIR_L9_64,101,9,1,0,0
candDIR_L9_64,101,10,1,0,0
candDIR_L9_64,101,11,2,1,0
candDIR_L9_64,101,12,2,0,0
candDIR_L9_64,101,13,2,0,0
candDIR_L9_64,101,14,2,0,0
candDIR_L9_64,101,15,2,0,0
candDIR_L9_64,101,16,2,0,0
candDIR_L9_64,101,17,3,1,0
candDIR_L9_64,101,18,3,0,0
candDIR_L9_64,101,19,3,0,0
candDIR_L9_64,101,20,1,0,2
candDIR_L9_64,101,21,1,0,0
candDIR_L9_64,101,22,1,0,0
candDIR_L9_64,101,23,2,1,0
candDIR_L9_64,101,24,1,0,1
candDIR_L9_64,101,25,1,0,0
candDIR_L9_64,101,26,2,1,0
candDIR_L9_64,101,27,2,0,0
candDIR_L9_64,101,28,2,0,0
candDIR_L9_64,101,29,2,0,0
candDIR_L9_64,101,30,1,0,1
candDIR_L9_64,101,31,2,1,0
candDIR_L9_64,101,32,2,0,0
candDIR_L9_64,101,33,2,0,0
candDIR_L9_64,101,34,2,0,0
candDIR_L9_64,101,35,2,0,0
candDIR_L9_64,101,36,2,0,0
candDIR_L9_64,101,37,1,0,1
candDIR_L9_64,101,38,1,0,0
candDIR_L9_64,101,39,1,0,0
candDIR_L9_64,101,40,1,0,0
candDIR_L9_64,101,41,1,0,0
candDIR_L9_64,101,42,2,1,0
candDIR_L9_64,101,43,1,0,1
candDIR_L9_64,101,44,1,0,0
candDIR_L9_64,101,45,1,0,0
candDIR_L9_64,101,46,2,1,0
candDIR_L9_64,101,47,2,0,0
candDIR_L9_64,101,48,1,0,1
candDIR_L9_64,101,49,1,0,0
candDIR_L9_64,101,50,2,1,0
candDIR_L9_64,101,51,1,0,1
candDIR_L9_64,101,52,1,0,0
candDIR_L9_64,101,53,1,0,0
candDIR_L9_64,101,54,2,1,0
candDIR_L9_64,101,55,1,0,1
candDIR_L9_64,101,56,2,1,0
candDIR_L9_64,101,57,2,0,0
candDIR_L9_64,101,58,2,0,0
candDIR_L9_64,101,59,2,0,0
candDIR_L9_64,101,60,2,0,0
candDIR_L9_64,101,61,2,0,0
candDIR_L9_64,101,62,2,0,0
candDIR_L9_64,101,63,1,0,1
candDIR_L9_64,101,64,1,0,0
candDIR_L9_64,102,1,1,0,0
candDIR_L9_64,102,2,2,1,0
candDIR_L9_64,102,3,2,0,0
candDIR_L9_64,102,4,2,0,0
candDIR_L9_64,102,5,2,0,0
candDIR_L9_64,102,6,2,0,0
candDIR_L9_64,102,7,1,0,1
candDIR_L9_64,102,8,4,3,0
candDIR_L9_64,102,9,4,1,1
candDIR_L9_64,102,10,3,0,1
candDIR_L9_64,102,11,3,0,0
candDIR_L9_64,102,12,3,0,0
candDIR_L9_64,102,13,1,0,2
candDIR_L9_64,102,14,1,0,0
candDIR_L9_64,102,15,1,0,0
candDIR_L9_64,102,16,2,1,0
candDIR_L9_64,102,17,3,1,0
candDIR_L9_64,102,18,3,0,0
candDIR_L9_64,102,19,1,0,2
candDIR_L9_64,102,20,2,1,0
candDIR_L9_64,102,21,1,0,1
candDIR_L9_64,102,22,2,1,0
candDIR_L9_64,102,23,3,1,0
candDIR_L9_64,102,24,4,1,0
candDIR_L9_64,102,25,4,1,1
candDIR_L9_64,102,26,5,2,1
candDIR_L9_64,102,27,4,0,1
candDIR_L9_64,102,28,3,0,1
candDIR_L9_64,102,29,3,0,0
candDIR_L9_64,102,30,3,0,0
candDIR_L9_64,102,31,3,1,1
candDIR_L9_64,102,32,3,0,0
candDIR_L9_64,102,33,3,0,0
candDIR_L9_64,102,34,3,0,0
candDIR_L9_64,102,35,3,0,0
candDIR_L9_64,102,36,3,0,0
candDIR_L9_64,102,37,3,0,0
candDIR_L9_64,102,38,4,1,0
candDIR_L9_64,102,39,3,0,1
candDIR_L9_64,102,40,3,0,0
candDIR_L9_64,102,41,2,0,1
candDIR_L9_64,102,42,2,0,0
candDIR_L9_64,102,43,2,0,0
candDIR_L9_64,102,44,3,1,0
candDIR_L9_64,102,45,4,1,0
candDIR_L9_64,102,46,3,0,1
candDIR_L9_64,102,47,3,1,1
candDIR_L9_64,102,48,3,0,0
candDIR_L9_64,102,49,3,0,0
candDIR_L9_64,102,50,3,0,0
candDIR_L9_64,102,51,3,0,0
candDIR_L9_64,102,52,4,1,0
candDIR_L9_64,102,53,1,0,3
candDIR_L9_64,102,54,3,2,0
candDIR_L9_64,102,55,1,0,2
candDIR_L9_64,102,56,1,0,0
candDIR_L9_64,102,57,2,1,0
candDIR_L9_64,102,58,1,0,1
candDIR_L9_64,102,59,2,1,0
candDIR_L9_64,102,60,3,1,0
candDIR_L9_64,102,61,2,0,1
candDIR_L9_64,102,62,2,0,0
candDIR_L9_64,102,63,1,0,1
candDIR_L9_64,102,64,1,0,0
candDIR_L9_64,103,1,1,0,0
candDIR_L9_64,103,2,2,1,0
candDIR_L9_64,103,3,2,0,0
candDIR_L9_64,103,4,2,0,0
candDIR_L9_64,103,5,2,0,0
candDIR_L9_64,103,6,2,0,0
candDIR_L9_64,103,7,1,0,1
candDIR_L9_64,103,8,1,0,0
candDIR_L9_64,103,9,3,2,0
candDIR_L9_64,103,10,3,0,0
candDIR_L9_64,103,11,3,0,0
candDIR_L9_64,103,12,3,0,0
candDIR_L9_64,103,13,1,0,2
candDIR_L9_64,103,14,3,2,0
candDIR_L9_64,103,15,3,0,0
candDIR_L9_64,103,16,3,0,0
candDIR_L9_64,103,17,3,0,0
candDIR_L9_64,103,18,4,1,0
candDIR_L9_64,103,19,2,0,2
candDIR_L9_64,103,20,3,1,0
candDIR_L9_64,103,21,2,0,1
candDIR_L9_64,103,22,2,0,0
candDIR_L9_64,103,23,1,0,1
candDIR_L9_64,103,24,1,0,0
candDIR_L9_64,103,25,1,0,0
candDIR_L9_64,103,26,2,1,0
candDIR_L9_64,103,27,2,0,0
candDIR_L9_64,103,28,3,1,0
candDIR_L9_64,103,29,2,0,1
candDIR_L9_64,103,30,1,0,1
candDIR_L9_64,103,31,3,2,0
candDIR_L9_64,103,32,3,1,1
candDIR_L9_64,103,33,3,0,0
candDIR_L9_64,103,34,3,0,0
candDIR_L9_64,103,35,3,0,0
candDIR_L9_64,103,36,2,0,1
candDIR_L9_64,103,37,2,0,0
candDIR_L9_64,103,38,1,0,1
candDIR_L9_64,103,39,2,1,0
candDIR_L9_64,103,40,1,0,1
candDIR_L9_64,103,41,1,0,0
candDIR_L9_64,103,42,1,0,0
candDIR_L9_64,103,43,2,1,0
candDIR_L9_64,103,44,1,0,1
candDIR_L9_64,103,45,1,0,0
candDIR_L9_64,103,46,1,0,0
candDIR_L9_64,103,47,3,2,0
candDIR_L9_64,103,48,2,0,1
candDIR_L9_64,103,49,2,0,0
candDIR_L9_64,103,50,2,0,0
candDIR_L9_64,103,51,3,1,0
candDIR_L9_64,103,52,1,0,2
candDIR_L9_64,103,53,1,0,0
candDIR_L9_64,103,54,1,0,0
candDIR_L9_64,103,55,1,0,0
candDIR_L9_64,103,56,2,1,0
candDIR_L9_64,103,57,2,0,0
candDIR_L9_64,103,58,2,0,0
candDIR_L9_64,103,59,3,1,0
candDIR_L9_64,103,60,1,0,2
candDIR_L9_64,103,61,2,1,0
candDIR_L9_64,103,62,2,0,0
candDIR_L9_64,103,63,1,0,1
candDIR_L9_64,103,64,3,2,0
candDIR_L9_64,104,1,1,0,0
candDIR_L9_64,104,2,2,1,0
candDIR_L9_64,104,3,2,0,0
candDIR_L9_64,104,4,2,0,0
candDIR_L9_64,104,5,2,0,0
candDIR_L9_64,104,6,2,0,0
candDIR_L9_64,104,7,1,0,1
candDIR_L9_64,104,8,1,0,0
candDIR_L9_64,104,9,1,0,0
candDIR_L9_64,104,10,1,0,0
candDIR_L9_64,104,11,1,0,0
candDIR_L9_64,104,12,1,0,0
candDIR_L9_64,104,13,1,0,0
candDIR_L9_64,104,14,2,1,0
candDIR_L9_64,104,15,2,0,0
candDIR_L9_64,104,16,2,0,0
candDIR_L9_64,104,17,2,0,0
candDIR_L9_64,104,18,1,0,1
candDIR_L9_64,104,19,2,1,0
candDIR_L9_64,104,20,2,0,0
candDIR_L9_64,104,21,2,0,0
candDIR_L9_64,104,22,2,0,0
candDIR_L9_64,104,23,2,0,0
candDIR_L9_64,104,24,1,0,1
candDIR_L9_64,104,25,2,1,0
candDIR_L9_64,104,26,1,0,1
candDIR_L9_64,104,27,1,0,0
candDIR_L9_64,104,28,2,1,0
candDIR_L9_64,104,29,2,0,0
candDIR_L9_64,104,30,2,0,0
candDIR_L9_64,104,31,1,0,1
candDIR_L9_64,104,32,1,0,0
candDIR_L9_64,104,33,1,0,0
candDIR_L9_64,104,34,1,0,0
candDIR_L9_64,104,35,1,0,0
candDIR_L9_64,104,36,1,0,0
candDIR_L9_64,104,37,1,0,0
candDIR_L9_64,104,38,1,0,0
candDIR_L9_64,104,39,1,0,0
candDIR_L9_64,104,40,1,0,0
candDIR_L9_64,104,41,2,1,0
candDIR_L9_64,104,42,2,0,0
candDIR_L9_64,104,43,2,0,0
candDIR_L9_64,104,44,1,0,1
candDIR_L9_64,104,45,1,0,0
candDIR_L9_64,104,46,1,0,0
candDIR_L9_64,104,47,1,0,0
candDIR_L9_64,104,48,2,1,0
candDIR_L9_64,104,49,2,0,0
candDIR_L9_64,104,50,2,0,0
candDIR_L9_64,104,51,1,0,1
candDIR_L9_64,104,52,2,1,0
candDIR_L9_64,104,53,3,1,0
candDIR_L9_64,104,54,2,0,1
candDIR_L9_64,104,55,2,0,0
candDIR_L9_64,104,56,2,0,0
candDIR_L9_64,104,57,2,0,0
candDIR_L9_64,104,58,2,0,0
candDIR_L9_64,104,59,2,0,0
candDIR_L9_64,104,60,2,0,0
candDIR_L9_64,104,61,2,0,0
candDIR_L9_64,104,62,2,0,0
candDIR_L9_64,104,63,1,0,1
candDIR_L9_64,104,64,1,0,0
candDIR_L9_64,105,1,1,0,0
candDIR_L9_64,105,2,2,1,0
candDIR_L9_64,105,3,2,0,0
candDIR_L9_64,105,4,2,0,0
candDIR_L9_64,105,5,2,0,0
candDIR_L9_64,105,6,2,0,0
candDIR_L9_64,105,7,1,0,1
candDIR_L9_64,105,8,4,3,0
candDIR_L9_64,105,9,1,0,3
candDIR_L9_64,105,10,1,0,0
candDIR_L9_64,105,11,3,2,0
candDIR_L9_64,105,12,3,0,0
candDIR_L9_64,105,13,1,0,2
candDIR_L9_64,105,14,2,1,0
candDIR_L9_64,105,15,3,1,0
candDIR_L9_64,105,16,4,1,0
candDIR_L9_64,105,17,4,1,1
candDIR_L9_64,105,18,4,1,1
candDIR_L9_64,105,19,3,0,1
candDIR_L9_64,105,20,4,1,0
candDIR_L9_64,105,21,4,0,0
candDIR_L9_64,105,22,5,2,1
candDIR_L9_64,105,23,4,0,1
candDIR_L9_64,105,24,5,1,0
candDIR_L9_64,105,25,3,0,2
candDIR_L9_64,105,26,3,0,0
candDIR_L9_64,105,27,3,0,0
candDIR_L9_64,105,28,4,2,1
candDIR_L9_64,105,29,1,0,3
candDIR_L9_64,105,30,3,2,0
candDIR_L9_64,105,31,4,1,0
candDIR_L9_64,105,32,3,0,1
candDIR_L9_64,105,33,4,1,0
candDIR_L9_64,105,34,1,0,3
candDIR_L9_64,105,35,1,0,0
candDIR_L9_64,105,36,4,3,0
candDIR_L9_64,105,37,4,0,0
candDIR_L9_64,105,38,2,0,2
candDIR_L9_64,105,39,1,0,1
candDIR_L9_64,105,40,1,0,0
candDIR_L9_64,105,41,1,0,0
candDIR_L9_64,105,42,1,0,0
candDIR_L9_64,105,43,2,1,0
candDIR_L9_64,105,44,1,0,1
candDIR_L9_64,105,45,1,0,0
candDIR_L9_64,105,46,2,1,0
candDIR_L9_64,105,47,3,1,0
candDIR_L9_64,105,48,5,2,0
candDIR_L9_64,105,49,5,0,0
candDIR_L9_64,105,50,3,0,2
candDIR_L9_64,105,51,3,0,0
candDIR_L9_64,105,52,3,0,0
candDIR_L9_64,105,53,4,1,0
candDIR_L9_64,105,54,1,0,3
candDIR_L9_64,105,55,1,0,0
candDIR_L9_64,105,56,2,1,0
candDIR_L9_64,105,57,2,0,0
candDIR_L9_64,105,58,2,0,0
candDIR_L9_64,105,59,3,1,0
candDIR_L9_64,105,60,3,0,0
candDIR_L9_64,105,61,1,0,2
candDIR_L9_64,105,62,1,0,0
candDIR_L9_64,105,63,2,1,0
candDIR_L9_64,105,64,1,0,1
candDIR_L9_64,106,1,1,0,0
candDIR_L9_64,106,2,2,1,0
candDIR_L9_64,106,3,2,0,0
candDIR_L9_64,106,4,2,0,0
candDIR_L9_64,106,5,2,0,0
candDIR_L9_64,106,6,2,0,0
candDIR_L9_64,106,7,1,0,1
candDIR_L9_64,106,8,1,0,0
candDIR_L9_64,106,9,1,0,0
candDIR_L9_64,106,10,1,0,0
candDIR_L9_64,106,11,1,0,0
candDIR_L9_64,106,12,1,0,0
candDIR_L9_64,106,13,2,1,0
candDIR_L9_64,106,14,2,0,0
candDIR_L9_64,106,15,1,0,1
candDIR_L9_64,106,16,1,0,0
candDIR_L9_64,106,17,1,0,0
candDIR_L9_64,106,18,1,0,0
candDIR_L9_64,106,19,2,1,0
candDIR_L9_64,106,20,1,0,1
candDIR_L9_64,106,21,1,0,0
candDIR_L9_64,106,22,1,0,0
candDIR_L9_64,106,23,1,0,0
candDIR_L9_64,106,24,1,0,0
candDIR_L9_64,106,25,1,0,0
candDIR_L9_64,106,26,1,0,0
candDIR_L9_64,106,27,1,0,0
candDIR_L9_64,106,28,2,1,0
candDIR_L9_64,106,29,1,0,1
candDIR_L9_64,106,30,1,0,0
candDIR_L9_64,106,31,1,0,0
candDIR_L9_64,106,32,1,0,0
candDIR_L9_64,106,33,1,0,0
candDIR_L9_64,106,34,1,0,0
candDIR_L9_64,106,35,1,0,0
candDIR_L9_64,106,36,1,0,0
candDIR_L9_64,106,37,1,0,0
candDIR_L9_64,106,38,2,1,0
candDIR_L9_64,106,39,3,1,0
candDIR_L9_64,106,40,3,0,0
candDIR_L9_64,106,41,3,0,0
candDIR_L9_64,106,42,1,0,2
candDIR_L9_64,106,43,2,1,0
candDIR_L9_64,106,44,2,0,0
candDIR_L9_64,106,45,3,1,0
candDIR_L9_64,106,46,3,0,0
candDIR_L9_64,106,47,1,0,2
candDIR_L9_64,106,48,1,0,0
candDIR_L9_64,106,49,1,0,0
candDIR_L9_64,106,50,2,1,0
candDIR_L9_64,106,51,2,0,0
candDIR_L9_64,106,52,3,1,0
candDIR_L9_64,106,53,1,0,2
candDIR_L9_64,106,54,1,0,0
candDIR_L9_64,106,55,1,0,0
candDIR_L9_64,106,56,2,1,0
candDIR_L9_64,106,57,2,0,0
candDIR_L9_64,106,58,2,0,0
candDIR_L9_64,106,59,1,0,1
candDIR_L9_64,106,60,1,0,0
candDIR_L9_64,106,61,1,0,0
candDIR_L9_64,106,62,2,1,0
candDIR_L9_64,106,63,3,1,0
candDIR_L9_64,106,64,2,0,1
candDIR_L9_64,107,1,1,0,0
candDIR_L9_64,107,2,2,1,0
candDIR_L9_64,107,3,2,0,0
candDIR_L9_64,107,4,2,0,0
candDIR_L9_64,107,5,2,0,0
candDIR_L9_64,107,6,2,0,0
candDIR_L9_64,107,7,1,0,1
candDIR_L9_64,107,8,1,0,0
candDIR_L9_64,107,9,1,0,0
candDIR_L9_64,107,10,1,0,0
candDIR_L9_64,107,11,1,0,0
candDIR_L9_64,107,12,2,1,0
candDIR_L9_64,107,13,2,0,0
candDIR_L9_64,107,14,2,0,0
candDIR_L9_64,107,15,2,0,0
candDIR_L9_64,107,16,2,0,0
candDIR_L9_64,107,17,1,0,1
candDIR_L9_64,107,18,2,1,0
candDIR_L9_64,107,19,2,0,0
candDIR_L9_64,107,20,2,0,0
candDIR_L9_64,107,21,3,1,0
candDIR_L9_64,107,22,1,0,2
candDIR_L9_64,107,23,3,2,0
candDIR_L9_64,107,24,1,0,2
candDIR_L9_64,107,25,3,2,0
candDIR_L9_64,107,26,2,0,1
candDIR_L9_64,107,27,2,0,0
candDIR_L9_64,107,28,1,0,1
candDIR_L9_64,107,29,1,0,0
candDIR_L9_64,107,30,2,1,0
candDIR_L9_64,107,31,1,0,1
candDIR_L9_64,107,32,2,1,0
candDIR_L9_64,107,33,1,0,1
candDIR_L9_64,107,34,1,0,0
candDIR_L9_64,107,35,1,0,0
candDIR_L9_64,107,36,1,0,0
candDIR_L9_64,107,37,1,0,0
candDIR_L9_64,107,38,2,1,0
candDIR_L9_64,107,39,1,0,1
candDIR_L9_64,107,40,1,0,0
candDIR_L9_64,107,41,1,0,0
candDIR_L9_64,107,42,2,1,0
candDIR_L9_64,107,43,3,1,0
candDIR_L9_64,107,44,3,0,0
candDIR_L9_64,107,45,1,0,2
candDIR_L9_64,107,46,1,0,0
candDIR_L9_64,107,47,2,1,0
candDIR_L9_64,107,48,1,0,1
candDIR_L9_64,107,49,1,0,0
candDIR_L9_64,107,50,2,1,0
candDIR_L9_64,107,51,2,0,0
candDIR_L9_64,107,52,1,0,1
candDIR_L9_64,107,53,2,1,0
candDIR_L9_64,107,54,2,0,0
candDIR_L9_64,107,55,4,2,0
candDIR_L9_64,107,56,4,0,0
candDIR_L9_64,107,57,2,0,2
candDIR_L9_64,107,58,2,0,0
candDIR_L9_64,107,59,1,0,1
candDIR_L9_64,107,60,2,1,0
candDIR_L9_64,107,61,2,0,0
candDIR_L9_64,107,62,3,1,0
candDIR_L9_64,107,63,1,0,2
candDIR_L9_64,107,64,3,2,0
candDIR_L9_64,108,1,1,0,0
candDIR_L9_64,108,2,2,1,0
candDIR_L9_64,108,3,2,0,0
candDIR_L9_64,108,4,2,0,0
candDIR_L9_64,108,5,2,0,0
candDIR_L9_64,108,6,2,0,0
candDIR_L9_64,108,7,3,1,0
candDIR_L9_64,108,8,1,0,2
candDIR_L9_64,108,9,1,0,0
candDIR_L9_64,108,10,1,0,0
candDIR_L9_64,108,11,1,0,0
candDIR_L9_64,108,12,1,0,0
candDIR_L9_64,108,13,3,2,0
candDIR_L9_64,108,14,4,1,0
candDIR_L9_64,108,15,3,0,1
candDIR_L9_64,108,16,2,0,1
candDIR_L9_64,108,17,1,0,1
candDIR_L9_64,108,18,1,0,0
candDIR_L9_64,108,19,2,1,0
candDIR_L9_64,108,20,2,0,0
candDIR_L9_64,108,21,2,0,0
candDIR_L9_64,108,22,2,0,0
candDIR_L9_64,108,23,1,0,1
candDIR_L9_64,108,24,1,0,0
candDIR_L9_64,108,25,2,1,0
candDIR_L9_64,108,26,2,0,0
candDIR_L9_64,108,27,1,0,1
candDIR_L9_64,108,28,1,0,0
candDIR_L9_64,108,29,1,0,0
candDIR_L9_64,108,30,1,0,0
candDIR_L9_64,108,31,2,1,0
candDIR_L9_64,108,32,1,0,1
candDIR_L9_64,108,33,1,0,0
candDIR_L9_64,108,34,1,0,0
candDIR_L9_64,108,35,1,0,0
candDIR_L9_64,108,36,1,0,0
candDIR_L9_64,108,37,1,0,0
candDIR_L9_64,108,38,1,0,0
candDIR_L9_64,108,39,1,0,0
candDIR_L9_64,108,40,2,1,0
candDIR_L9_64,108,41,2,0,0
candDIR_L9_64,108,42,2,0,0
candDIR_L9_64,108,43,2,0,0
candDIR_L9_64,108,44,3,1,0
candDIR_L9_64,108,45,1,0,2
candDIR_L9_64,108,46,1,0,0
candDIR_L9_64,108,47,1,0,0
candDIR_L9_64,108,48,1,0,0
candDIR_L9_64,108,49,1,0,0
candDIR_L9_64,108,50,1,0,0
candDIR_L9_64,108,51,1,0,0
candDIR_L9_64,108,52,1,0,0
candDIR_L9_64,108,53,1,0,0
candDIR_L9_64,108,54,2,1,0
candDIR_L9_64,108,55,3,1,0
candDIR_L9_64,108,56,3,0,0
candDIR_L9_64,108,57,2,0,1
candDIR_L9_64,108,58,2,0,0
candDIR_L9_64,108,59,3,1,0
candDIR_L9_64,108,60,4,1,0
candDIR_L9_64,108,61,3,0,1
candDIR_L9_64,108,62,3,0,0
candDIR_L9_64,108,63,4,1,0
candDIR_L9_64,108,64,1,0,3
candDIR_L9_64,109,1,1,0,0
candDIR_L9_64,109,2,2,1,0
candDIR_L9_64,109,3,2,0,0
candDIR_L9_64,109,4,2,0,0
candDIR_L9_64,109,5,2,0,0
candDIR_L9_64,109,6,2,0,0
candDIR_L9_64,109,7,1,0,1
candDIR_L9_64,109,8,1,0,0
candDIR_L9_64,109,9,1,0,0
candDIR_L9_64,109,10,1,0,0
candDIR_L9_64,109,11,1,0,0
candDIR_L9_64,109,12,2,1,0
candDIR_L9_64,109,13,4,2,0
candDIR_L9_64,109,14,1,0,3
candDIR_L9_64,109,15,1,0,0
candDIR_L9_64,109,16,5,4,0
candDIR_L9_64,109,17,7,2,0
candDIR_L9_64,109,18,7,0,0
candDIR_L9_64,109,19,5,0,2
candDIR_L9_64,109,20,5,0,0
candDIR_L9_64,109,21,6,1,0
candDIR_L9_64,109,22,5,0,1
candDIR_L9_64,109,23,4,0,1
candDIR_L9_64,109,24,5,1,0
candDIR_L9_64,109,25,1,0,4
candDIR_L9_64,109,26,1,0,0
candDIR_L9_64,109,27,4,3,0
candDIR_L9_64,109,28,2,0,2
candDIR_L9_64,109,29,2,0,0
candDIR_L9_64,109,30,4,2,0
candDIR_L9_64,109,31,3,0,1
candDIR_L9_64,109,32,1,0,2
candDIR_L9_64,109,33,3,2,0
candDIR_L9_64,109,34,3,0,0
candDIR_L9_64,109,35,4,1,0
candDIR_L9_64,109,36,4,0,0
candDIR_L9_64,109,37,6,2,0
candDIR_L9_64,109,38,6,0,0
candDIR_L9_64,109,39,3,0,3
candDIR_L9_64,109,40,3,0,0
candDIR_L9_64,109,41,3,0,0
candDIR_L9_64,109,42,3,0,0
candDIR_L9_64,109,43,2,0,1
candDIR_L9_64,109,44,1,0,1
candDIR_L9_64,109,45,1,0,0
candDIR_L9_64,109,46,1,0,0
candDIR_L9_64,109,47,2,1,0
candDIR_L9_64,109,48,1,0,1
candDIR_L9_64,109,49,2,1,0
candDIR_L9_64,109,50,2,0,0
candDIR_L9_64,109,51,1,0,1
candDIR_L9_64,109,52,1,0,0
candDIR_L9_64,109,53,1,0,0
candDIR_L9_64,109,54,2,1,0
candDIR_L9_64,109,55,3,1,0
candDIR_L9_64,109,56,3,0,0
candDIR_L9_64,109,57,2,0,1
candDIR_L9_64,109,58,2,0,0
candDIR_L9_64,109,59,2,0,0
candDIR_L9_64,109,60,1,0,1
candDIR_L9_64,109,61,2,1,0
candDIR_L9_64,109,62,2,0,0
candDIR_L9_64,109,63,1,0,1
candDIR_L9_64,109,64,1,0,0
candDIR_L9_64,110,1,1,0,0
candDIR_L9_64,110,2,2,1,0
candDIR_L9_64,110,3,2,0,0
candDIR_L9_64,110,4,2,0,0
candDIR_L9_64,110,5,2,0,0
candDIR_L9_64,110,6,2,0,0
candDIR_L9_64,110,7,2,0,0
candDIR_L9_64,110,8,1,0,1
candDIR_L9_64,110,9,2,1,0
candDIR_L9_64,110,10,2,0,0
candDIR_L9_64,110,11,2,0,0
candDIR_L9_64,110,12,2,0,0
candDIR_L9_64,110,13,2,0,0
candDIR_L9_64,110,14,1,0,1
candDIR_L9_64,110,15,1,0,0
candDIR_L9_64,110,16,1,0,0
candDIR_L9_64,110,17,1,0,0
candDIR_L9_64,110,18,1,0,0
candDIR_L9_64,110,19,2,1,0
candDIR_L9_64,110,20,2,0,0
candDIR_L9_64,110,21,1,0,1
candDIR_L9_64,110,22,1,0,0
candDIR_L9_64,110,23,1,0,0
candDIR_L9_64,110,24,1,0,0
candDIR_L9_64,110,25,1,0,0
candDIR_L9_64,110,26,1,0,0
candDIR_L9_64,110,27,1,0,0
candDIR_L9_64,110,28,2,1,0
candDIR_L9_64,110,29,2,0,0
candDIR_L9_64,110,30,1,0,1
candDIR_L9_64,110,31,2,1,0
candDIR_L9_64,110,32,2,0,0
candDIR_L9_64,110,33,2,0,0
candDIR_L9_64,110,34,2,0,0
candDIR_L9_64,110,35,1,0,1
candDIR_L9_64,110,36,1,0,0
candDIR_L9_64,110,37,1,0,0
candDIR_L9_64,110,38,1,0,0
candDIR_L9_64,110,39,1,0,0
candDIR_L9_64,110,40,1,0,0
candDIR_L9_64,110,41,1,0,0
candDIR_L9_64,110,42,1,0,0
candDIR_L9_64,110,43,2,1,0
candDIR_L9_64,110,44,1,0,1
candDIR_L9_64,110,45,1,0,0
candDIR_L9_64,110,46,1,0,0
candDIR_L9_64,110,47,2,1,0
candDIR_L9_64,110,48,2,0,0
candDIR_L9_64,110,49,2,0,0
candDIR_L9_64,110,50,2,0,0
candDIR_L9_64,110,51,1,0,1
candDIR_L9_64,110,52,1,0,0
candDIR_L9_64,110,53,1,0,0
candDIR_L9_64,110,54,2,1,0
candDIR_L9_64,110,55,1,0,1
candDIR_L9_64,110,56,1,0,0
candDIR_L9_64,110,57,2,1,0
candDIR_L9_64,110,58,2,0,0
candDIR_L9_64,110,59,2,0,0
candDIR_L9_64,110,60,2,0,0
candDIR_L9_64,110,61,2,0,0
candDIR_L9_64,110,62,2,0,0
candDIR_L9_64,110,63,1,0,1
candDIR_L9_64,110,64,1,0,0
candDIR_L9_64,111,1,1,0,0
candDIR_L9_64,111,2,2,1,0
candDIR_L9_64,111,3,2,0,0
candDIR_L9_64,111,4,2,0,0
candDIR_L9_64,111,5,2,0,0
candDIR_L9_64,111,6,2,0,0
candDIR_L9_64,111,7,1,0,1
candDIR_L9_64,111,8,3,2,0
candDIR_L9_64,111,9,3,0,0
candDIR_L9_64,111,10,3,0,0
candDIR_L9_64,111,11,3,0,0
candDIR_L9_64,111,12,3,0,0
candDIR_L9_64,111,13,3,1,1
candDIR_L9_64,111,14,1,0,2
candDIR_L9_64,111,15,1,0,0
candDIR_L9_64,111,16,4,3,0
candDIR_L9_64,111,17,4,0,0
candDIR_L9_64,111,18,6,2,0
candDIR_L9_64,111,19,1,0,5
candDIR_L9_64,111,20,3,2,0
candDIR_L9_64,111,21,1,0,2
candDIR_L9_64,111,22,1,0,0
candDIR_L9_64,111,23,1,0,0
candDIR_L9_64,111,24,1,0,0
candDIR_L9_64,111,25,1,0,0
candDIR_L9_64,111,26,2,1,0
candDIR_L9_64,111,27,2,0,0
candDIR_L9_64,111,28,2,0,0
candDIR_L9_64,111,29,1,0,1
candDIR_L9_64,111,30,1,0,0
candDIR_L9_64,111,31,2,1,0
candDIR_L9_64,111,32,3,1,0
candDIR_L9_64,111,33,1,0,2
candDIR_L9_64,111,34,3,2,0
candDIR_L9_64,111,35,2,0,1
candDIR_L9_64,111,36,1,0,1
candDIR_L9_64,111,37,1,0,0
candDIR_L9_64,111,38,1,0,0
candDIR_L9_64,111,39,1,0,0
candDIR_L9_64,111,40,1,0,0
candDIR_L9_64,111,41,2,1,0
candDIR_L9_64,111,42,1,0,1
candDIR_L9_64,111,43,1,0,0
candDIR_L9_64,111,44,2,1,0
candDIR_L9_64,111,45,1,0,1
candDIR_L9_64,111,46,3,2,0
candDIR_L9_64,111,47,3,0,0
candDIR_L9_64,111,48,2,0,1
candDIR_L9_64,111,49,3,1,0
candDIR_L9_64,111,50,2,0,1
candDIR_L9_64,111,51,3,1,0
candDIR_L9_64,111,52,2,0,1
candDIR_L9_64,111,53,2,0,0
candDIR_L9_64,111,54,2,0,0
candDIR_L9_64,111,55,2,0,0
candDIR_L9_64,111,56,2,0,0
candDIR_L9_64,111,57,2,0,0
candDIR_L9_64,111,58,2,0,0
candDIR_L9_64,111,59,3,1,0
candDIR_L9_64,111,60,3,0,0
candDIR_L9_64,111,61,1,0,2
candDIR_L9_64,111,62,1,0,0
candDIR_L9_64,111,63,1,0,0
candDIR_L9_64,111,64,2,1,0
candDIR_L9_64,112,1,1,0,0
candDIR_L9_64,112,2,2,1,0
candDIR_L9_64,112,3,2,0,0
candDIR_L9_64,112,4,2,0,0
candDIR_L9_64,112,5,2,0,0
candDIR_L9_64,112,6,2,0,0
candDIR_L9_64,112,7,3,1,0
candDIR_L9_64,112,8,3,1,1
candDIR_L9_64,112,9,1,0,2
candDIR_L9_64,112,10,1,0,0
candDIR_L9_64,112,11,4,3,0
candDIR_L9_64,112,12,3,0,1
candDIR_L9_64,112,13,1,0,2
candDIR_L9_64,112,14,1,0,0
candDIR_L9_64,112,15,1,0,0
candDIR_L9_64,112,16,1,0,0
candDIR_L9_64,112,17,1,0,0
candDIR_L9_64,112,18,1,0,0
candDIR_L9_64,112,19,1,0,0
candDIR_L9_64,112,20,1,0,0
candDIR_L9_64,112,21,1,0,0
candDIR_L9_64,112,22,1,0,0
candDIR_L9_64,112,23,1,0,0
candDIR_L9_64,112,24,1,0,0
candDIR_L9_64,112,25,1,0,0
candDIR_L9_64,112,26,2,1,0
candDIR_L9_64,112,27,3,1,0
candDIR_L9_64,112,28,3,0,0
candDIR_L9_64,112,29,2,0,1
candDIR_L9_64,112,30,4,2,0
candDIR_L9_64,112,31,3,1,2
candDIR_L9_64,112,32,1,0,2
candDIR_L9_64,112,33,1,0,0
candDIR_L9_64,112,34,1,0,0
candDIR_L9_64,112,35,2,1,0
candDIR_L9_64,112,36,1,0,1
candDIR_L9_64,112,37,2,1,0
candDIR_L9_64,112,38,2,0,0
candDIR_L9_64,112,39,2,0,0
candDIR_L9_64,112,40,1,0,1
candDIR_L9_64,112,41,1,0,0
candDIR_L9_64,112,42,1,0,0
candDIR_L9_64,112,43,2,1,0
candDIR_L9_64,112,44,3,1,0
candDIR_L9_64,112,45,3,0,0
candDIR_L9_64,112,46,3,0,0
candDIR_L9_64,112,47,3,0,0
candDIR_L9_64,112,48,2,0,1
candDIR_L9_64,112,49,1,0,1
candDIR_L9_64,112,50,2,1,0
candDIR_L9_64,112,51,1,0,1
candDIR_L9_64,112,52,2,1,0
candDIR_L9_64,112,53,3,1,0
candDIR_L9_64,112,54,4,1,0
candDIR_L9_64,112,55,1,0,3
candDIR_L9_64,112,56,2,1,0
candDIR_L9_64,112,57,2,0,0
candDIR_L9_64,112,58,2,0,0
candDIR_L9_64,112,59,1,0,1
candDIR_L9_64,112,60,1,0,0
candDIR_L9_64,112,61,2,1,0
candDIR_L9_64,112,62,3,1,0
candDIR_L9_64,112,63,4,1,0
candDIR_L9_64,112,64,3,0,1
candDIR_L9_64,113,1,1,0,0
candDIR_L9_64,113,2,2,1,0
candDIR_L9_64,113,3,2,0,0
candDIR_L9_64,113,4,2,0,0
candDIR_L9_64,113,5,2,0,0
candDIR_L9_64,113,6,2,0,0
candDIR_L9_64,113,7,1,0,1
candDIR_L9_64,113,8,2,1,0
candDIR_L9_64,113,9,1,0,1
candDIR_L9_64,113,10,1,0,0
candDIR_L9_64,113,11,1,0,0
candDIR_L9_64,113,12,1,0,0
candDIR_L9_64,113,13,2,1,0
candDIR_L9_64,113,14,1,0,1
candDIR_L9_64,113,15,2,1,0
candDIR_L9_64,113,16,2,0,0
candDIR_L9_64,113,17,2,0,0
candDIR_L9_64,113,18,1,0,1
candDIR_L9_64,113,19,2,1,0
candDIR_L9_64,113,20,3,1,0
candDIR_L9_64,113,21,3,0,0
candDIR_L9_64,113,22,1,0,2
candDIR_L9_64,113,23,3,2,0
candDIR_L9_64,113,24,2,0,1
candDIR_L9_64,113,25,1,0,1
candDIR_L9_64,113,26,2,1,0
candDIR_L9_64,113,27,1,0,1
candDIR_L9_64,113,28,1,0,0
candDIR_L9_64,113,29,2,1,0
candDIR_L9_64,113,30,2,0,0
candDIR_L9_64,113,31,1,0,1
candDIR_L9_64,113,32,1,0,0
candDIR_L9_64,113,33,1,0,0
candDIR_L9_64,113,34,1,0,0
candDIR_L9_64,113,35,2,1,0
candDIR_L9_64,113,36,2,0,0
candDIR_L9_64,113,37,2,0,0
candDIR_L9_64,113,38,2,0,0
candDIR_L9_64,113,39,2,0,0
candDIR_L9_64,113,40,2,0,0
candDIR_L9_64,113,41,2,0,0
candDIR_L9_64,113,42,1,0,1
candDIR_L9_64,113,43,2,1,0
candDIR_L9_64,113,44,1,0,1
candDIR_L9_64,113,45,1,0,0
candDIR_L9_64,113,46,1,0,0
candDIR_L9_64,113,47,1,0,0
candDIR_L9_64,113,48,2,1,0
candDIR_L9_64,113,49,2,0,0
candDIR_L9_64,113,50,2,0,0
candDIR_L9_64,113,51,2,0,0
candDIR_L9_64,113,52,2,0,0
candDIR_L9_64,113,53,2,0,0
candDIR_L9_64,113,54,2,0,0
candDIR_L9_64,113,55,2,0,0
candDIR_L9_64,113,56,2,0,0
candDIR_L9_64,113,57,2,0,0
candDIR_L9_64,113,58,2,0,0
candDIR_L9_64,113,59,2,0,0
candDIR_L9_64,113,60,2,0,0
candDIR_L9_64,113,61,2,0,0
candDIR_L9_64,113,62,2,0,0
candDIR_L9_64,113,63,2,0,0
candDIR_L9_64,113,64,2,0,0
candDIR_L9_64,114,1,1,0,0
candDIR_L9_64,114,2,2,1,0
candDIR_L9_64,114,3,2,0,0
candDIR_L9_64,114,4,2,0,0
candDIR_L9_64,114,5,2,0,0
candDIR_L9_64,114,6,2,0,0
candDIR_L9_64,114,7,1,0,1
candDIR_L9_64,114,8,1,0,0
candDIR_L9_64,114,9,1,0,0
candDIR_L9_64,114,10,1,0,0
candDIR_L9_64,114,11,1,0,0
candDIR_L9_64,114,12,2,1,0
candDIR_L9_64,114,13,2,0,0
candDIR_L9_64,114,14,2,0,0
candDIR_L9_64,114,15,2,0,0
candDIR_L9_64,114,16,2,0,0
candDIR_L9_64,114,17,1,0,1
candDIR_L9_64,114,18,1,0,0
candDIR_L9_64,114,19,1,0,0
candDIR_L9_64,114,20,1,0,0
candDIR_L9_64,114,21,1,0,0
candDIR_L9_64,114,22,1,0,0
candDIR_L9_64,114,23,1,0,0
candDIR_L9_64,114,24,1,0,0
candDIR_L9_64,114,25,1,0,0
candDIR_L9_64,114,26,1,0,0
candDIR_L9_64,114,27,3,2,0
candDIR_L9_64,114,28,3,1,1
candDIR_L9_64,114,29,4,1,0
candDIR_L9_64,114,30,4,1,1
candDIR_L9_64,114,31,2,0,2
candDIR_L9_64,114,32,3,1,0
candDIR_L9_64,114,33,5,3,1
candDIR_L9_64,114,34,1,0,4
candDIR_L9_64,114,35,4,3,0
candDIR_L9_64,114,36,1,0,3
candDIR_L9_64,114,37,3,2,0
candDIR_L9_64,114,38,1,0,2
candDIR_L9_64,114,39,1,0,0
candDIR_L9_64,114,40,3,2,0
candDIR_L9_64,114,41,3,0,0
candDIR_L9_64,114,42,2,0,1
candDIR_L9_64,114,43,2,0,0
candDIR_L9_64,114,44,2,0,0
candDIR_L9_64,114,45,2,0,0
candDIR_L9_64,114,46,2,0,0
candDIR_L9_64,114,47,2,0,0
candDIR_L9_64,114,48,2,0,0
candDIR_L9_64,114,49,3,1,0
candDIR_L9_64,114,50,3,1,1
candDIR_L9_64,114,51,1,0,2
candDIR_L9_64,114,52,1,0,0
candDIR_L9_64,114,53,3,2,0
candDIR_L9_64,114,54,2,0,1
candDIR_L9_64,114,55,1,0,1
candDIR_L9_64,114,56,1,0,0
candDIR_L9_64,114,57,2,1,0
candDIR_L9_64,114,58,2,0,0
candDIR_L9_64,114,59,1,0,1
candDIR_L9_64,114,60,1,0,0
candDIR_L9_64,114,61,2,1,0
candDIR_L9_64,114,62,3,1,0
candDIR_L9_64,114,63,1,0,2
candDIR_L9_64,114,64,1,0,0
candDIR_L9_64,115,1,1,0,0
candDIR_L9_64,115,2,2,1,0
candDIR_L9_64,115,3,2,0,0
candDIR_L9_64,115,4,2,0,0
candDIR_L9_64,115,5,2,0,0
candDIR_L9_64,115,6,2,0,0
candDIR_L9_64,115,7,1,0,1
candDIR_L9_64,115,8,1,0,0
candDIR_L9_64,115,9,1,0,0
candDIR_L9_64,115,10,1,0,0
candDIR_L9_64,115,11,3,2,0
candDIR_L9_64,115,12,2,0,1
candDIR_L9_64,115,13,1,0,1
candDIR_L9_64,115,14,1,0,0
candDIR_L9_64,115,15,2,1,0
candDIR_L9_64,115,16,3,1,0
candDIR_L9_64,115,17,1,0,2
candDIR_L9_64,115,18,1,0,0
candDIR_L9_64,115,19,1,0,0
candDIR_L9_64,115,20,1,0,0
candDIR_L9_64,115,21,1,0,0
candDIR_L9_64,115,22,1,0,0
candDIR_L9_64,115,23,1,0,0
candDIR_L9_64,115,24,1,0,0
candDIR_L9_64,115,25,1,0,0
candDIR_L9_64,115,26,1,0,0
candDIR_L9_64,115,27,1,0,0
candDIR_L9_64,115,28,2,1,0
candDIR_L9_64,115,29,1,0,1
candDIR_L9_64,115,30,2,1,0
candDIR_L9_64,115,31,2,0,0
candDIR_L9_64,115,32,2,0,0
candDIR_L9_64,115,33,1,0,1
candDIR_L9_64,115,34,1,0,0
candDIR_L9_64,115,35,3,2,0
candDIR_L9_64,115,36,2,0,1
candDIR_L9_64,115,37,3,1,0
candDIR_L9_64,115,38,3,0,0
candDIR_L9_64,115,39,3,1,1
candDIR_L9_64,115,40,2,0,1
candDIR_L9_64,115,41,2,0,0
candDIR_L9_64,115,42,3,1,0
candDIR_L9_64,115,43,1,0,2
candDIR_L9_64,115,44,3,2,0
candDIR_L9_64,115,45,3,0,0
candDIR_L9_64,115,46,3,0,0
candDIR_L9_64,115,47,3,0,0
candDIR_L9_64,115,48,3,0,0
candDIR_L9_64,115,49,2,0,1
candDIR_L9_64,115,50,1,0,1
candDIR_L9_64,115,51,1,0,0
candDIR_L9_64,115,52,1,0,0
candDIR_L9_64,115,53,2,1,0
candDIR_L9_64,115,54,2,0,0
candDIR_L9_64,115,55,1,0,1
candDIR_L9_64,115,56,2,1,0
candDIR_L9_64,115,57,2,0,0
candDIR_L9_64,115,58,2,0,0
candDIR_L9_64,115,59,2,0,0
candDIR_L9_64,115,60,2,0,0
candDIR_L9_64,115,61,2,0,0
candDIR_L9_64,115,62,1,0,1
candDIR_L9_64,115,63,1,0,0
candDIR_L9_64,115,64,1,0,0
candDIR_L9_64,116,1,1,0,0
candDIR_L9_64,116,2,2,1,0
candDIR_L9_64,116,3,2,0,0
candDIR_L9_64,116,4,2,0,0
candDIR_L9_64,116,5,2,0,0
candDIR_L9_64,116,6,2,0,0
candDIR_L9_64,116,7,1,0,1
candDIR_L9_64,116,8,1,0,0
candDIR_L9_64,116,9,1,0,0
candDIR_L9_64,116,10,1,0,0
candDIR_L9_64,116,11,1,0,0
candDIR_L9_64,116,12,2,1,0
candDIR_L9_64,116,13,2,0,0
candDIR_L9_64,116,14,2,0,0
candDIR_L9_64,116,15,2,0,0
candDIR_L9_64,116,16,1,0,1
candDIR_L9_64,116,17,1,0,0
candDIR_L9_64,116,18,1,0,0
candDIR_L9_64,116,19,2,1,0
candDIR_L9_64,116,20,1,0,1
candDIR_L9_64,116,21,3,2,0
candDIR_L9_64,116,22,4,1,0
candDIR_L9_64,116,23,4,0,0
candDIR_L9_64,116,24,4,0,0
candDIR_L9_64,116,25,1,0,3
candDIR_L9_64,116,26,2,1,0
candDIR_L9_64,116,27,2,0,0
candDIR_L9_64,116,28,1,0,1
candDIR_L9_64,116,29,1,0,0
candDIR_L9_64,116,30,1,0,0
candDIR_L9_64,116,31,2,1,0
candDIR_L9_64,116,32,2,0,0
candDIR_L9_64,116,33,1,0,1
candDIR_L9_64,116,34,1,0,0
candDIR_L9_64,116,35,1,0,0
candDIR_L9_64,116,36,2,1,0
candDIR_L9_64,116,37,1,0,1
candDIR_L9_64,116,38,1,0,0
candDIR_L9_64,116,39,2,1,0
candDIR_L9_64,116,40,2,0,0
candDIR_L9_64,116,41,2,0,0
candDIR_L9_64,116,42,1,0,1
candDIR_L9_64,116,43,2,1,0
candDIR_L9_64,116,44,1,0,1
candDIR_L9_64,116,45,2,1,0
candDIR_L9_64,116,46,2,0,0
candDIR_L9_64,116,47,2,0,0
candDIR_L9_64,116,48,2,0,0
candDIR_L9_64,116,49,2,0,0
candDIR_L9_64,116,50,2,0,0
candDIR_L9_64,116,51,2,0,0
candDIR_L9_64,116,52,2,0,0
candDIR_L9_64,116,53,2,0,0
candDIR_L9_64,116,54,2,0,0
candDIR_L9_64,116,55,2,0,0
candDIR_L9_64,116,56,2,0,0
candDIR_L9_64,116,57,2,0,0
candDIR_L9_64,116,58,2,0,0
candDIR_L9_64,116,59,2,0,0
candDIR_L9_64,116,60,2,0,0
candDIR_L9_64,116,61,2,0,0
candDIR_L9_64,116,62,2,0,0
candDIR_L9_64,116,63,2,0,0
candDIR_L9_64,116,64,2,0,0
candDIR_L9_64,117,1,1,0,0
candDIR_L9_64,117,2,2,1,0
candDIR_L9_64,117,3,2,0,0
candDIR_L9_64,117,4,2,0,0
candDIR_L9_64,117,5,2,0,0
candDIR_L9_64,117,6,2,0,0
candDIR_L9_64,117,7,1,0,1
candDIR_L9_64,117,8,1,0,0
candDIR_L9_64,117,9,1,0,0
candDIR_L9_64,117,10,1,0,0
candDIR_L9_64,117,11,1,0,0
candDIR_L9_64,117,12,1,0,0
candDIR_L9_64,117,13,1,0,0
candDIR_L9_64,117,14,1,0,0
candDIR_L9_64,117,15,1,0,0
candDIR_L9_64,117,16,2,1,0
candDIR_L9_64,117,17,1,0,1
candDIR_L9_64,117,18,1,0,0
candDIR_L9_64,117,19,1,0,0
candDIR_L9_64,117,20,2,1,0
candDIR_L9_64,117,21,2,0,0
candDIR_L9_64,117,22,1,0,1
candDIR_L9_64,117,23,1,0,0
candDIR_L9_64,117,24,1,0,0
candDIR_L9_64,117,25,1,0,0
candDIR_L9_64,117,26,1,0,0
candDIR_L9_64,117,27,1,0,0
candDIR_L9_64,117,28,2,1,0
candDIR_L9_64,117,29,1,0,1
candDIR_L9_64,117,30,3,2,0
candDIR_L9_64,117,31,2,0,1
candDIR_L9_64,117,32,2,0,0
candDIR_L9_64,117,33,1,0,1
candDIR_L9_64,117,34,2,1,0
candDIR_L9_64,117,35,3,1,0
candDIR_L9_64,117,36,3,0,0
candDIR_L9_64,117,37,3,1,1
candDIR_L9_64,117,38,3,0,0
candDIR_L9_64,117,39,3,0,0
candDIR_L9_64,117,40,2,0,1
candDIR_L9_64,117,41,2,0,0
candDIR_L9_64,117,42,2,0,0
candDIR_L9_64,117,43,2,0,0
candDIR_L9_64,117,44,1,0,1
candDIR_L9_64,117,45,2,1,0
candDIR_L9_64,117,46,1,0,1
candDIR_L9_64,117,47,1,0,0
candDIR_L9_64,117,48,1,0,0
candDIR_L9_64,117,49,1,0,0
candDIR_L9_64,117,50,2,1,0
candDIR_L9_64,117,51,2,0,0
candDIR_L9_64,117,52,3,1,0
candDIR_L9_64,117,53,3,0,0
candDIR_L9_64,117,54,4,1,0
candDIR_L9_64,117,55,1,0,3
candDIR_L9_64,117,56,1,0,0
candDIR_L9_64,117,57,2,1,0
candDIR_L9_64,117,58,3,1,0
candDIR_L9_64,117,59,1,0,2
candDIR_L9_64,117,60,1,0,0
candDIR_L9_64,117,61,2,1,0
candDIR_L9_64,117,62,1,0,1
candDIR_L9_64,117,63,1,0,0
candDIR_L9_64,117,64,1,0,0
candDIR_L9_64,118,1,1,0,0
candDIR_L9_64,118,2,2,1,0
candDIR_L9_64,118,3,2,0,0
candDIR_L9_64,118,4,2,0,0
candDIR_L9_64,118,5,2,0,0
candDIR_L9_64,118,6,2,0,0
candDIR_L9_64,118,7,1,0,1
candDIR_L9_64,118,8,1,0,0
candDIR_L9_64,118,9,1,0,0
candDIR_L9_64,118,10,1,0,0
candDIR_L9_64,118,11,1,0,0
candDIR_L9_64,118,12,3,2,0
candDIR_L9_64,118,13,3,0,0
candDIR_L9_64,118,14,3,0,0
candDIR_L9_64,118,15,1,0,2
candDIR_L9_64,118,16,1,0,0
candDIR_L9_64,118,17,2,1,0
candDIR_L9_64,118,18,3,1,0
candDIR_L9_64,118,19,4,2,1
candDIR_L9_64,118,20,1,0,3
candDIR_L9_64,118,21,1,0,0
candDIR_L9_64,118,22,1,0,0
candDIR_L9_64,118,23,1,0,0
candDIR_L9_64,118,24,1,0,0
candDIR_L9_64,118,25,1,0,0
candDIR_L9_64,118,26,1,0,0
candDIR_L9_64,118,27,1,0,0
candDIR_L9_64,118,28,1,0,0
candDIR_L9_64,118,29,1,0,0
candDIR_L9_64,118,30,1,0,0
candDIR_L9_64,118,31,2,1,0
candDIR_L9_64,118,32,3,1,0
candDIR_L9_64,118,33,3,0,0
candDIR_L9_64,118,34,3,0,0
candDIR_L9_64,118,35,1,0,2
candDIR_L9_64,118,36,1,0,0
candDIR_L9_64,118,37,3,2,0
candDIR_L9_64,118,38,2,0,1
candDIR_L9_64,118,39,2,0,0
candDIR_L9_64,118,40,2,0,0
candDIR_L9_64,118,41,2,0,0
candDIR_L9_64,118,42,2,0,0
candDIR_L9_64,118,43,2,0,0
candDIR_L9_64,118,44,1,0,1
candDIR_L9_64,118,45,3,2,0
candDIR_L9_64,118,46,1,0,2
candDIR_L9_64,118,47,2,1,0
candDIR_L9_64,118,48,3,1,0
candDIR_L9_64,118,49,1,0,2
candDIR_L9_64,118,50,1,0,0
candDIR_L9_64,118,51,2,1,0
candDIR_L9_64,118,52,1,0,1
candDIR_L9_64,118,53,1,0,0
candDIR_L9_64,118,54,1,0,0
candDIR_L9_64,118,55,2,1,0
candDIR_L9_64,118,56,2,0,0
candDIR_L9_64,118,57,2,0,0
candDIR_L9_64,118,58,2,0,0
candDIR_L9_64,118,59,2,0,0
candDIR_L9_64,118,60,2,0,0
candDIR_L9_64,118,61,2,0,0
candDIR_L9_64,118,62,3,1,0
candDIR_L9_64,118,63,1,0,2
candDIR_L9_64,118,64,1,0,0
candDIR_L9_64,119,1,1,0,0
candDIR_L9_64,119,2,2,1,0
candDIR_L9_64,119,3,2,0,0
candDIR_L9_64,119,4,2,0,0
candDIR_L9_64,119,5,2,0,0
candDIR_L9_64,119,6,2,0,0
candDIR_L9_64,119,7,1,0,1
candDIR_L9_64,119,8,1,0,0
candDIR_L9_64,119,9,1,0,0
candDIR_L9_64,119,10,1,0,0
candDIR_L9_64,119,11,1,0,0
candDIR_L9_64,119,12,1,0,0
candDIR_L9_64,119,13,1,0,0
candDIR_L9_64,119,14,1,0,0
candDIR_L9_64,119,15,2,1,0
candDIR_L9_64,119,16,2,0,0
candDIR_L9_64,119,17,2,0,0
candDIR_L9_64,119,18,2,0,0
candDIR_L9_64,119,19,1,0,1
candDIR_L9_64,119,20,1,0,0
candDIR_L9_64,119,21,2,1,0
candDIR_L9_64,119,22,1,0,1
candDIR_L9_64,119,23,1,0,0
candDIR_L9_64,119,24,1,0,0
candDIR_L9_64,119,25,1,0,0
candDIR_L9_64,119,26,2,1,0
candDIR_L9_64,119,27,2,0,0
candDIR_L9_64,119,28,4,2,0
candDIR_L9_64,119,29,1,0,3
candDIR_L9_64,119,30,1,0,0
candDIR_L9_64,119,31,2,1,0
candDIR_L9_64,119,32,1,0,1
candDIR_L9_64,119,33,1,0,0
candDIR_L9_64,119,34,1,0,0
candDIR_L9_64,119,35,1,0,0
candDIR_L9_64,119,36,1,0,0
candDIR_L9_64,119,37,1,0,0
candDIR_L9_64,119,38,2,1,0
candDIR_L9_64,119,39,2,0,0
candDIR_L9_64,119,40,2,0,0
candDIR_L9_64,119,41,2,0,0
candDIR_L9_64,119,42,2,0,0
candDIR_L9_64,119,43,2,0,0
candDIR_L9_64,119,44,1,0,1
candDIR_L9_64,119,45,2,1,0
candDIR_L9_64,119,46,2,0,0
candDIR_L9_64,119,47,3,1,0
candDIR_L9_64,119,48,2,0,1
candDIR_L9_64,119,49,2,0,0
candDIR_L9_64,119,50,2,0,0
candDIR_L9_64,119,51,2,0,0
candDIR_L9_64,119,52,1,0,1
candDIR_L9_64,119,53,1,0,0
candDIR_L9_64,119,54,2,1,0
candDIR_L9_64,119,55,1,0,1
candDIR_L9_64,119,56,2,1,0
candDIR_L9_64,119,57,2,0,0
candDIR_L9_64,119,58,2,0,0
candDIR_L9_64,119,59,2,0,0
candDIR_L9_64,119,60,2,0,0
candDIR_L9_64,119,61,2,0,0
candDIR_L9_64,119,62,1,0,1
candDIR_L9_64,119,63,1,0,0
candDIR_L9_64,119,64,1,0,0
candDIR_L9_64,120,1,1,0,0
candDIR_L9_64,120,2,2,1,0
candDIR_L9_64,120,3,2,0,0
candDIR_L9_64,120,4,2,0,0
candDIR_L9_64,120,5,2,0,0
candDIR_L9_64,120,6,2,0,0
candDIR_L9_64,120,7,1,0,1
candDIR_L9_64,120,8,3,2,0
candDIR_L9_64,120,9,1,0,2
candDIR_L9_64,120,10,1,0,0
candDIR_L9_64,120,11,2,1,0
candDIR_L9_64,120,12,1,0,1
candDIR_L9_64,120,13,1,0,0
candDIR_L9_64,120,14,1,0,0
candDIR_L9_64,120,15,1,0,0
candDIR_L9_64,120,16,1,0,0
candDIR_L9_64,120,17,1,0,0
candDIR_L9_64,120,18,1,0,0
candDIR_L9_64,120,19,2,1,0
candDIR_L9_64,120,20,3,1,0
candDIR_L9_64,120,21,4,1,0
candDIR_L9_64,120,22,4,0,0
candDIR_L9_64,120,23,2,0,2
candDIR_L9_64,120,24,2,0,0
candDIR_L9_64,120,25,2,0,0
candDIR_L9_64,120,26,2,0,0
candDIR_L9_64,120,27,2,0,0
candDIR_L9_64,120,28,2,0,0
candDIR_L9_64,120,29,3,1,0
candDIR_L9_64,120,30,2,0,1
candDIR_L9_64,120,31,2,0,0
candDIR_L9_64,120,32,4,2,0
candDIR_L9_64,120,33,3,0,1
candDIR_L9_64,120,34,4,1,0
candDIR_L9_64,120,35,4,0,0
candDIR_L9_64,120,36,3,0,1
candDIR_L9_64,120,37,1,0,2
candDIR_L9_64,120,38,2,1,0
candDIR_L9_64,120,39,1,0,1
candDIR_L9_64,120,40,1,0,0
candDIR_L9_64,120,41,2,1,0
candDIR_L9_64,120,42,2,0,0
candDIR_L9_64,120,43,2,0,0
candDIR_L9_64,120,44,3,1,0
candDIR_L9_64,120,45,1,0,2
candDIR_L9_64,120,46,3,2,0
candDIR_L9_64,120,47,2,0,1
candDIR_L9_64,120,48,3,1,0
candDIR_L9_64,120,49,4,1,0
candDIR_L9_64,120,50,4,0,0
candDIR_L9_64,120,51,4,0,0
candDIR_L9_64,120,52,3,0,1
candDIR_L9_64,120,53,3,1,1
candDIR_L9_64,120,54,2,0,1
candDIR_L9_64,120,55,2,0,0
candDIR_L9_64,120,56,2,0,0
candDIR_L9_64,120,57,2,0,0
candDIR_L9_64,120,58,2,0,0
candDIR_L9_64,120,59,1,0,1
candDIR_L9_64,120,60,2,1,0
candDIR_L9_64,120,61,2,0,0
candDIR_L9_64,120,62,2,0,0
candDIR_L9_64,120,63,3,1,0
candDIR_L9_64,120,64,1,0,2
candDIR_L9_64,121,1,1,0,0
candDIR_L9_64,121,2,2,1,0
candDIR_L9_64,121,3,2,0,0
candDIR_L9_64,121,4,2,0,0
candDIR_L9_64,121,5,2,0,0
candDIR_L9_64,121,6,2,0,0
candDIR_L9_64,121,7,1,0,1
candDIR_L9_64,121,8,2,1,0
candDIR_L9_64,121,9,1,0,1
candDIR_L9_64,121,10,1,0,0
candDIR_L9_64,121,11,2,1,0
candDIR_L9_64,121,12,2,0,0
candDIR_L9_64,121,13,2,0,0
candDIR_L9_64,121,14,2,0,0
candDIR_L9_64,121,15,2,0,0
candDIR_L9_64,121,16,3,1,0
candDIR_L9_64,121,17,1,0,2
candDIR_L9_64,121,18,1,0,0
candDIR_L9_64,121,19,2,1,0
candDIR_L9_64,121,20,1,0,1
candDIR_L9_64,121,21,1,0,0
candDIR_L9_64,121,22,1,0,0
candDIR_L9_64,121,23,2,1,0
candDIR_L9_64,121,24,3,1,0
candDIR_L9_64,121,25,3,0,0
candDIR_L9_64,121,26,3,0,0
candDIR_L9_64,121,27,2,0,1
candDIR_L9_64,121,28,3,1,0
candDIR_L9_64,121,29,1,0,2
candDIR_L9_64,121,30,2,1,0
candDIR_L9_64,121,31,2,0,0
candDIR_L9_64,121,32,1,0,1
candDIR_L9_64,121,33,1,0,0
candDIR_L9_64,121,34,1,0,0
candDIR_L9_64,121,35,1,0,0
candDIR_L9_64,121,36,2,1,0
candDIR_L9_64,121,37,2,0,0
candDIR_L9_64,121,38,2,0,0
candDIR_L9_64,121,39,2,0,0
candDIR_L9_64,121,40,2,0,0
candDIR_L9_64,121,41,1,0,1
candDIR_L9_64,121,42,1,0,0
candDIR_L9_64,121,43,2,1,0
candDIR_L9_64,121,44,1,0,1
candDIR_L9_64,121,45,1,0,0
candDIR_L9_64,121,46,1,0,0
candDIR_L9_64,121,47,3,2,0
candDIR_L9_64,121,48,1,0,2
candDIR_L9_64,121,49,1,0,0
candDIR_L9_64,121,50,1,0,0
candDIR_L9_64,121,51,1,0,0
candDIR_L9_64,121,52,1,0,0
candDIR_L9_64,121,53,2,1,0
candDIR_L9_64,121,54,2,0,0
candDIR_L9_64,121,55,2,0,0
candDIR_L9_64,121,56,2,0,0
candDIR_L9_64,121,57,2,0,0
candDIR_L9_64,121,58,2,0,0
candDIR_L9_64,121,59,1,0,1
candDIR_L9_64,121,60,2,1,0
candDIR_L9_64,121,61,3,1,0
candDIR_L9_64,121,62,3,0,0
candDIR_L9_64,121,63,4,1,0
candDIR_L9_64,121,64,2,0,2
candDIR_L9_64,122,1,1,0,0
candDIR_L9_64,122,2,2,1,0
candDIR_L9_64,122,3,2,0,0
candDIR_L9_64,122,4,2,0,0
candDIR_L9_64,122,5,2,0,0
candDIR_L9_64,122,6,2,0,0
candDIR_L9_64,122,7,1,0,1
candDIR_L9_64,122,8,2,1,0
candDIR_L9_64,122,9,1,0,1
candDIR_L9_64,122,10,1,0,0
candDIR_L9_64,122,11,1,0,0
candDIR_L9_64,122,12,1,0,0
candDIR_L9_64,122,13,2,1,0
candDIR_L9_64,122,14,1,0,1
candDIR_L9_64,122,15,2,1,0
candDIR_L9_64,122,16,1,0,1
candDIR_L9_64,122,17,1,0,0
candDIR_L9_64,122,18,2,1,0
candDIR_L9_64,122,19,3,1,0
candDIR_L9_64,122,20,3,0,0
candDIR_L9_64,122,21,1,0,2
candDIR_L9_64,122,22,1,0,0
candDIR_L9_64,122,23,3,2,0
candDIR_L9_64,122,24,1,0,2
candDIR_L9_64,122,25,1,0,0
candDIR_L9_64,122,26,1,0,0
candDIR_L9_64,122,27,3,2,0
candDIR_L9_64,122,28,1,0,2
candDIR_L9_64,122,29,2,1,0
candDIR_L9_64,122,30,3,1,0
candDIR_L9_64,122,31,2,0,1
candDIR_L9_64,122,32,1,0,1
candDIR_L9_64,122,33,2,1,0
candDIR_L9_64,122,34,1,0,1
candDIR_L9_64,122,35,1,0,0
candDIR_L9_64,122,36,1,0,0
candDIR_L9_64,122,37,1,0,0
candDIR_L9_64,122,38,2,1,0
candDIR_L9_64,122,39,2,0,0
candDIR_L9_64,122,40,2,0,0
candDIR_L9_64,122,41,2,0,0
candDIR_L9_64,122,42,2,0,0
candDIR_L9_64,122,43,2,0,0
candDIR_L9_64,122,44,1,0,1
candDIR_L9_64,122,45,1,0,0
candDIR_L9_64,122,46,1,0,0
candDIR_L9_64,122,47,1,0,0
candDIR_L9_64,122,48,1,0,0
candDIR_L9_64,122,49,2,1,0
candDIR_L9_64,122,50,2,0,0
candDIR_L9_64,122,51,2,0,0
candDIR_L9_64,122,52,2,0,0
candDIR_L9_64,122,53,1,0,1
candDIR_L9_64,122,54,2,1,0
candDIR_L9_64,122,55,2,0,0
candDIR_L9_64,122,56,2,0,0
candDIR_L9_64,122,57,2,0,0
candDIR_L9_64,122,58,2,0,0
candDIR_L9_64,122,59,2,0,0
candDIR_L9_64,122,60,2,0,0
candDIR_L9_64,122,61,1,0,1
candDIR_L9_64,122,62,1,0,0
candDIR_L9_64,122,63,1,0,0
candDIR_L9_64,122,64,2,1,0
candDIR_L9_64,123,1,1,0,0
candDIR_L9_64,123,2,2,1,0
candDIR_L9_64,123,3,2,0,0
candDIR_L9_64,123,4,2,0,0
candDIR_L9_64,123,5,2,0,0
candDIR_L9_64,123,6,2,0,0
candDIR_L9_64,123,7,1,0,1
candDIR_L9_64,123,8,1,0,0
candDIR_L9_64,123,9,1,0,0
candDIR_L9_64,123,10,1,0,0
candDIR_L9_64,123,11,2,1,0
candDIR_L9_64,123,12,2,0,0
candDIR_L9_64,123,13,2,0,0
candDIR_L9_64,123,14,2,0,0
candDIR_L9_64,123,15,2,0,0
candDIR_L9_64,123,16,3,1,0
candDIR_L9_64,123,17,1,0,2
candDIR_L9_64,123,18,2,1,0
candDIR_L9_64,123,19,3,1,0
candDIR_L9_64,123,20,1,0,2
candDIR_L9_64,123,21,1,0,0
candDIR_L9_64,123,22,1,0,0
candDIR_L9_64,123,23,2,1,0
candDIR_L9_64,123,24,3,1,0
candDIR_L9_64,123,25,1,0,2
candDIR_L9_64,123,26,2,1,0
candDIR_L9_64,123,27,3,1,0
candDIR_L9_64,123,28,3,0,0
candDIR_L9_64,123,29,1,0,2
candDIR_L9_64,123,30,3,2,0
candDIR_L9_64,123,31,2,0,1
candDIR_L9_64,123,32,1,0,1
candDIR_L9_64,123,33,1,0,0
candDIR_L9_64,123,34,1,0,0
candDIR_L9_64,123,35,1,0,0
candDIR_L9_64,123,36,2,1,0
candDIR_L9_64,123,37,2,0,0
candDIR_L9_64,123,38,2,0,0
candDIR_L9_64,123,39,2,0,0
candDIR_L9_64,123,40,3,1,0
candDIR_L9_64,123,41,3,0,0
candDIR_L9_64,123,42,3,0,0
candDIR_L9_64,123,43,2,0,1
candDIR_L9_64,123,44,3,1,0
candDIR_L9_64,123,45,3,0,0
candDIR_L9_64,123,46,4,1,0
candDIR_L9_64,123,47,2,0,2
candDIR_L9_64,123,48,2,0,0
candDIR_L9_64,123,49,3,1,0
candDIR_L9_64,123,50,3,0,0
candDIR_L9_64,123,51,3,0,0
candDIR_L9_64,123,52,4,1,0
candDIR_L9_64,123,53,3,0,1
candDIR_L9_64,123,54,3,0,0
candDIR_L9_64,123,55,1,0,2
candDIR_L9_64,123,56,3,2,0
candDIR_L9_64,123,57,2,0,1
candDIR_L9_64,123,58,2,0,0
candDIR_L9_64,123,59,4,2,0
candDIR_L9_64,123,60,4,0,0
candDIR_L9_64,123,61,5,1,0
candDIR_L9_64,123,62,1,0,4
candDIR_L9_64,123,63,1,0,0
candDIR_L9_64,123,64,1,0,0
candDIR_L9_64,124,1,1,0,0
candDIR_L9_64,124,2,2,1,0
candDIR_L9_64,124,3,2,0,0
candDIR_L9_64,124,4,2,0,0
candDIR_L9_64,124,5,2,0,0
candDIR_L9_64,124,6,2,0,0
candDIR_L9_64,124,7,1,0,1
candDIR_L9_64,124,8,1,0,0
candDIR_L9_64,124,9,1,0,0
candDIR_L9_64,124,10,1,0,0
candDIR_L9_64,124,11,2,1,0
candDIR_L9_64,124,12,2,0,0
candDIR_L9_64,124,13,2,0,0
candDIR_L9_64,124,14,2,0,0
candDIR_L9_64,124,15,2,0,0
candDIR_L9_64,124,16,1,0,1
candDIR_L9_64,124,17,2,1,0
candDIR_L9_64,124,18,1,0,1
candDIR_L9_64,124,19,2,1,0
candDIR_L9_64,124,20,1,0,1
candDIR_L9_64,124,21,2,1,0
candDIR_L9_64,124,22,3,1,0
candDIR_L9_64,124,23,2,0,1
candDIR_L9_64,124,24,1,0,1
candDIR_L9_64,124,25,2,1,0
candDIR_L9_64,124,26,1,0,1
candDIR_L9_64,124,27,1,0,0
candDIR_L9_64,124,28,1,0,0
candDIR_L9_64,124,29,2,1,0
candDIR_L9_64,124,30,2,0,0
candDIR_L9_64,124,31,2,0,0
candDIR_L9_64,124,32,2,0,0
candDIR_L9_64,124,33,2,0,0
candDIR_L9_64,124,34,2,0,0
candDIR_L9_64,124,35,2,0,0
candDIR_L9_64,124,36,1,0,1
candDIR_L9_64,124,37,1,0,0
candDIR_L9_64,124,38,1,0,0
candDIR_L9_64,124,39,1,0,0
candDIR_L9_64,124,40,2,1,0
candDIR_L9_64,124,41,2,0,0
candDIR_L9_64,124,42,2,0,0
candDIR_L9_64,124,43,2,0,0
candDIR_L9_64,124,44,1,0,1
candDIR_L9_64,124,45,1,0,0
candDIR_L9_64,124,46,1,0,0
candDIR_L9_64,124,47,2,1,0
candDIR_L9_64,124,48,2,0,0
candDIR_L9_64,124,49,1,0,1
candDIR_L9_64,124,50,1,0,0
candDIR_L9_64,124,51,1,0,0
candDIR_L9_64,124,52,1,0,0
candDIR_L9_64,124,53,1,0,0
candDIR_L9_64,124,54,1,0,0
candDIR_L9_64,124,55,2,1,0
candDIR_L9_64,124,56,3,1,0
candDIR_L9_64,124,57,2,0,1
candDIR_L9_64,124,58,2,0,0
candDIR_L9_64,124,59,3,1,0
candDIR_L9_64,124,60,2,0,1
candDIR_L9_64,124,61,3,1,0
candDIR_L9_64,124,62,2,0,1
candDIR_L9_64,124,63,1,0,1
candDIR_L9_64,124,64,1,0,0
candDIR_L9_64,125,1,1,0,0
candDIR_L9_64,125,2,2,1,0
candDIR_L9_64,125,3,2,0,0
candDIR_L9_64,125,4,2,0,0
candDIR_L9_64,125,5,2,0,0
candDIR_L9_64,125,6,2,0,0
candDIR_L9_64,125,7,1,0,1
candDIR_L9_64,125,8,1,0,0
candDIR_L9_64,125,9,1,0,0
candDIR_L9_64,125,10,1,0,0
candDIR_L9_64,125,11,2,1,0
candDIR_L9_64,125,12,2,0,0
candDIR_L9_64,125,13,2,0,0
candDIR_L9_64,125,14,2,0,0
candDIR_L9_64,125,15,2,0,0
candDIR_L9_64,125,16,2,0,0
candDIR_L9_64,125,17,1,0,1
candDIR_L9_64,125,18,1,0,0
candDIR_L9_64,125,19,1,0,0
candDIR_L9_64,125,20,1,0,0
candDIR_L9_64,125,21,3,2,0
candDIR_L9_64,125,22,3,0,0
candDIR_L9_64,125,23,3,0,0
candDIR_L9_64,125,24,3,0,0
candDIR_L9_64,125,25,2,0,1
candDIR_L9_64,125,26,2,0,0
candDIR_L9_64,125,27,1,0,1
candDIR_L9_64,125,28,1,0,0
candDIR_L9_64,125,29,2,1,0
candDIR_L9_64,125,30,3,1,0
candDIR_L9_64,125,31,3,0,0
candDIR_L9_64,125,32,3,0,0
candDIR_L9_64,125,33,1,0,2
candDIR_L9_64,125,34,1,0,0
candDIR_L9_64,125,35,1,0,0
candDIR_L9_64,125,36,1,0,0
candDIR_L9_64,125,37,1,0,0
candDIR_L9_64,125,38,1,0,0
candDIR_L9_64,125,39,1,0,0
candDIR_L9_64,125,40,3,2,0
candDIR_L9_64,125,41,3,0,0
candDIR_L9_64,125,42,3,0,0
candDIR_L9_64,125,43,3,0,0
candDIR_L9_64,125,44,3,0,0
candDIR_L9_64,125,45,2,0,1
candDIR_L9_64,125,46,1,0,1
candDIR_L9_64,125,47,2,1,0
candDIR_L9_64,125,48,2,0,0
candDIR_L9_64,125,49,2,0,0
candDIR_L9_64,125,50,2,0,0
candDIR_L9_64,125,51,2,0,0
candDIR_L9_64,125,52,1,0,1
candDIR_L9_64,125,53,2,1,0
candDIR_L9_64,125,54,2,0,0
candDIR_L9_64,125,55,1,0,1
candDIR_L9_64,125,56,1,0,0
candDIR_L9_64,125,57,2,1,0
candDIR_L9_64,125,58,2,0,0
candDIR_L9_64,125,59,1,0,1
candDIR_L9_64,125,60,2,1,0
candDIR_L9_64,125,61,1,0,1
candDIR_L9_64,125,62,2,1,0
candDIR_L9_64,125,63,1,0,1
candDIR_L9_64,125,64,1,0,0
candDIR_L9_64,126,1,1,0,0
candDIR_L9_64,126,2,2,1,0
candDIR_L9_64,126,3,2,0,0
candDIR_L9_64,126,4,2,0,0
candDIR_L9_64,126,5,2,0,0
candDIR_L9_64,126,6,2,0,0
candDIR_L9_64,126,7,1,0,1
candDIR_L9_64,126,8,1,0,0
candDIR_L9_64,126,9,1,0,0
candDIR_L9_64,126,10,1,0,0
candDIR_L9_64,126,11,1,0,0
candDIR_L9_64,126,12,1,0,0
candDIR_L9_64,126,13,1,0,0
candDIR_L9_64,126,14,2,1,0
candDIR_L9_64,126,15,2,0,0
candDIR_L9_64,126,16,3,1,0
candDIR_L9_64,126,17,1,0,2
candDIR_L9_64,126,18,1,0,0
candDIR_L9_64,126,19,1,0,0
candDIR_L9_64,126,20,3,2,0
candDIR_L9_64,126,21,3,1,1
candDIR_L9_64,126,22,1,0,2
candDIR_L9_64,126,23,1,0,0
candDIR_L9_64,126,24,2,1,0
candDIR_L9_64,126,25,1,0,1
candDIR_L9_64,126,26,1,0,0
candDIR_L9_64,126,27,1,0,0
candDIR_L9_64,126,28,1,0,0
candDIR_L9_64,126,29,1,0,0
candDIR_L9_64,126,30,1,0,0
candDIR_L9_64,126,31,2,1,0
candDIR_L9_64,126,32,1,0,1
candDIR_L9_64,126,33,1,0,0
candDIR_L9_64,126,34,1,0,0
candDIR_L9_64,126,35,1,0,0
candDIR_L9_64,126,36,2,1,0
candDIR_L9_64,126,37,2,0,0
candDIR_L9_64,126,38,3,1,0
candDIR_L9_64,126,39,2,0,1
candDIR_L9_64,126,40,3,1,0
candDIR_L9_64,126,41,2,0,1
candDIR_L9_64,126,42,2,0,0
candDIR_L9_64,126,43,1,0,1
candDIR_L9_64,126,44,1,0,0
candDIR_L9_64,126,45,1,0,0
candDIR_L9_64,126,46,2,1,0
candDIR_L9_64,126,47,1,0,1
candDIR_L9_64,126,48,1,0,0
candDIR_L9_64,126,49,1,0,0
candDIR_L9_64,126,50,1,0,0
candDIR_L9_64,126,51,1,0,0
candDIR_L9_64,126,52,1,0,0
candDIR_L9_64,126,53,1,0,0
candDIR_L9_64,126,54,2,1,0
candDIR_L9_64,126,55,3,1,0
candDIR_L9_64,126,56,2,0,1
candDIR_L9_64,126,57,2,0,0
candDIR_L9_64,126,58,1,0,1
candDIR_L9_64,126,59,2,1,0
candDIR_L9_64,126,60,2,0,0
candDIR_L9_64,126,61,2,0,0
candDIR_L9_64,126,62,3,1,0
candDIR_L9_64,126,63,1,0,2
candDIR_L9_64,126,64,1,0,0
candDIR_L9_64,127,1,1,0,0
candDIR_L9_64,127,2,2,1,0
candDIR_L9_64,127,3,2,0,0
candDIR_L9_64,127,4,2,0,0
candDIR_L9_64,127,5,2,0,0
candDIR_L9_64,127,6,2,0,0
candDIR_L9_64,127,7,1,0,1
candDIR_L9_64,127,8,1,0,0
candDIR_L9_64,127,9,1,0,0
candDIR_L9_64,127,10,1,0,0
candDIR_L9_64,127,11,1,0,0
candDIR_L9_64,127,12,1,0,0
candDIR_L9_64,127,13,1,0,0
candDIR_L9_64,127,14,2,1,0
candDIR_L9_64,127,15,2,0,0
candDIR_L9_64,127,16,2,0,0
candDIR_L9_64,127,17,2,0,0
candDIR_L9_64,127,18,2,0,0
candDIR_L9_64,127,19,2,0,0
candDIR_L9_64,127,20,1,0,1
candDIR_L9_64,127,21,2,1,0
candDIR_L9_64,127,22,1,0,1
candDIR_L9_64,127,23,1,0,0
candDIR_L9_64,127,24,3,2,0
candDIR_L9_64,127,25,1,0,2
candDIR_L9_64,127,26,1,0,0
candDIR_L9_64,127,27,1,0,0
candDIR_L9_64,127,28,2,1,0
candDIR_L9_64,127,29,2,0,0
candDIR_L9_64,127,30,1,0,1
candDIR_L9_64,127,31,1,0,0
candDIR_L9_64,127,32,2,1,0
candDIR_L9_64,127,33,2,0,0
candDIR_L9_64,127,34,2,0,0
candDIR_L9_64,127,35,3,1,0
candDIR_L9_64,127,36,4,1,0
candDIR_L9_64,127,37,3,0,1
candDIR_L9_64,127,38,1,0,2
candDIR_L9_64,127,39,2,1,0
candDIR_L9_64,127,40,1,0,1
candDIR_L9_64,127,41,2,1,0
candDIR_L9_64,127,42,2,0,0
candDIR_L9_64,127,43,2,0,0
candDIR_L9_64,127,44,3,1,0
candDIR_L9_64,127,45,1,0,2
candDIR_L9_64,127,46,3,2,0
candDIR_L9_64,127,47,3,0,0
candDIR_L9_64,127,48,4,1,0
candDIR_L9_64,127,49,4,0,0
candDIR_L9_64,127,50,3,0,1
candDIR_L9_64,127,51,3,0,0
candDIR_L9_64,127,52,5,2,0
candDIR_L9_64,127,53,1,0,4
candDIR_L9_64,127,54,4,3,0
candDIR_L9_64,127,55,1,0,3
candDIR_L9_64,127,56,4,3,0
candDIR_L9_64,127,57,2,0,2
candDIR_L9_64,127,58,2,0,0
candDIR_L9_64,127,59,2,0,0
candDIR_L9_64,127,60,2,0,0
candDIR_L9_64,127,61,2,0,0
candDIR_L9_64,127,62,1,0,1
candDIR_L9_64,127,63,1,0,0
candDIR_L9_64,127,64,2,1,0
candDIR_L9_64,128,1,1,0,0
candDIR_L9_64,128,2,2,1,0
candDIR_L9_64,128,3,2,0,0
candDIR_L9_64,128,4,2,0,0
candDIR_L9_64,128,5,2,0,0
candDIR_L9_64,128,6,2,0,0
candDIR_L9_64,128,7,1,0,1
candDIR_L9_64,128,8,2,1,0
candDIR_L9_64,128,9,1,0,1
candDIR_L9_64,128,10,2,1,0
candDIR_L9_64,128,11,2,0,0
candDIR_L9_64,128,12,2,0,0
candDIR_L9_64,128,13,3,1,0
candDIR_L9_64,128,14,2,0,1
candDIR_L9_64,128,15,2,0,0
candDIR_L9_64,128,16,1,0,1
candDIR_L9_64,128,17,1,0,0
candDIR_L9_64,128,18,1,0,0
candDIR_L9_64,128,19,1,0,0
candDIR_L9_64,128,20,1,0,0
candDIR_L9_64,128,21,2,1,0
candDIR_L9_64,128,22,1,0,1
candDIR_L9_64,128,23,1,0,0
candDIR_L9_64,128,24,1,0,0
candDIR_L9_64,128,25,2,1,0
candDIR_L9_64,128,26,1,0,1
candDIR_L9_64,128,27,2,1,0
candDIR_L9_64,128,28,1,0,1
candDIR_L9_64,128,29,3,2,0
candDIR_L9_64,128,30,3,0,0
candDIR_L9_64,128,31,2,0,1
candDIR_L9_64,128,32,2,0,0
candDIR_L9_64,128,33,3,1,0
candDIR_L9_64,128,34,3,0,0
candDIR_L9_64,128,35,1,0,2
candDIR_L9_64,128,36,1,0,0
candDIR_L9_64,128,37,1,0,0
candDIR_L9_64,128,38,2,1,0
candDIR_L9_64,128,39,2,0,0
candDIR_L9_64,128,40,2,0,0
candDIR_L9_64,128,41,2,0,0
candDIR_L9_64,128,42,2,0,0
candDIR_L9_64,128,43,2,0,0
candDIR_L9_64,128,44,1,0,1
candDIR_L9_64,128,45,1,0,0
candDIR_L9_64,128,46,1,0,0
candDIR_L9_64,128,47,1,0,0
candDIR_L9_64,128,48,2,1,0
candDIR_L9_64,128,49,2,0,0
candDIR_L9_64,128,50,2,0,0
candDIR_L9_64,128,51,2,0,0
candDIR_L9_64,128,52,1,0,1
candDIR_L9_64,128,53,2,1,0
candDIR_L9_64,128,54,2,0,0
candDIR_L9_64,128,55,1,0,1
candDIR_L9_64,128,56,2,1,0
candDIR_L9_64,128,57,2,0,0
candDIR_L9_64,128,58,2,0,0
candDIR_L9_64,128,59,1,0,1
candDIR_L9_64,128,60,1,0,0
candDIR_L9_64,128,61,2,1,0
candDIR_L9_64,128,62,2,0,0
candDIR_L9_64,128,63,1,0,1
candDIR_L9_64,128,64,1,0,0
candDIR_L9_64,129,1,1,0,0
candDIR_L9_64,129,2,2,1,0
candDIR_L9_64,129,3,2,0,0
candDIR_L9_64,129,4,2,0,0
candDIR_L9_64,129,5,2,0,0
candDIR_L9_64,129,6,2,0,0
candDIR_L9_64,129,7,1,0,1
candDIR_L9_64,129,8,1,0,0
candDIR_L9_64,129,9,1,0,0
candDIR_L9_64,129,10,1,0,0
candDIR_L9_64,129,11,4,3,0
candDIR_L9_64,129,12,3,0,1
candDIR_L9_64,129,13,3,0,0
candDIR_L9_64,129,14,2,0,1
candDIR_L9_64,129,15,2,0,0
candDIR_L9_64,129,16,1,0,1
candDIR_L9_64,129,17,2,1,0
candDIR_L9_64,129,18,2,0,0
candDIR_L9_64,129,19,2,0,0
candDIR_L9_64,129,20,3,1,0
candDIR_L9_64,129,21,1,0,2
candDIR_L9_64,129,22,1,0,0
candDIR_L9_64,129,23,1,0,0
candDIR_L9_64,129,24,1,0,0
candDIR_L9_64,129,25,1,0,0
candDIR_L9_64,129,26,3,2,0
candDIR_L9_64,129,27,3,0,0
candDIR_L9_64,129,28,1,0,2
candDIR_L9_64,129,29,1,0,0
candDIR_L9_64,129,30,2,1,0
candDIR_L9_64,129,31,2,0,0
candDIR_L9_64,129,32,2,0,0
candDIR_L9_64,129,33,2,0,0
candDIR_L9_64,129,34,2,0,0
candDIR_L9_64,129,35,2,0,0
candDIR_L9_64,129,36,2,0,0
candDIR_L9_64,129,37,2,0,0
candDIR_L9_64,129,38,2,0,0
candDIR_L9_64,129,39,2,0,0
candDIR_L9_64,129,40,2,0,0
candDIR_L9_64,129,41,2,0,0
candDIR_L9_64,129,42,2,0,0
candDIR_L9_64,129,43,1,0,1
candDIR_L9_64,129,44,1,0,0
candDIR_L9_64,129,45,2,1,0
candDIR_L9_64,129,46,2,0,0
candDIR_L9_64,129,47,2,0,0
candDIR_L9_64,129,48,1,0,1
candDIR_L9_64,129,49,1,0,0
candDIR_L9_64,129,50,1,0,0
candDIR_L9_64,129,51,1,0,0
candDIR_L9_64,129,52,1,0,0
candDIR_L9_64,129,53,1,0,0
candDIR_L9_64,129,54,2,1,0
candDIR_L9_64,129,55,1,0,1
candDIR_L9_64,129,56,1,0,0
candDIR_L9_64,129,57,2,1,0
candDIR_L9_64,129,58,2,0,0
candDIR_L9_64,129,59,2,0,0
candDIR_L9_64,129,60,2,0,0
candDIR_L9_64,129,61,3,1,0
candDIR_L9_64,129,62,1,0,2
candDIR_L9_64,129,63,1,0,0
candDIR_L9_64,129,64,1,0,0
candDIR_L9_64,130,1,1,0,0
candDIR_L9_64,130,2,2,1,0
candDIR_L9_64,130,3,2,0,0
candDIR_L9_64,130,4,2,0,0
candDIR_L9_64,130,5,2,0,0
candDIR_L9_64,130,6,2,0,0
candDIR_L9_64,130,7,1,0,1
candDIR_L9_64,130,8,1,0,0
candDIR_L9_64,130,9,1,0,0
candDIR_L9_64,130,10,1,0,0
candDIR_L9_64,130,11,1,0,0
candDIR_L9_64,130,12,2,1,0
candDIR_L9_64,130,13,2,0,0
candDIR_L9_64,130,14,2,0,0
candDIR_L9_64,130,15,2,0,0
candDIR_L9_64,130,16,2,0,0
candDIR_L9_64,130,17,4,2,0
candDIR_L9_64,130,18,1,0,3
candDIR_L9_64,130,19,1,0,0
candDIR_L9_64,130,20,1,0,0
candDIR_L9_64,130,21,1,0,0
candDIR_L9_64,130,22,2,1,0
candDIR_L9_64,130,23,2,0,0
candDIR_L9_64,130,24,2,0,0
candDIR_L9_64,130,25,2,0,0
candDIR_L9_64,130,26,3,1,0
candDIR_L9_64,130,27,3,0,0
candDIR_L9_64,130,28,3,0,0
candDIR_L9_64,130,29,2,0,1
candDIR_L9_64,130,30,2,0,0
candDIR_L9_64,130,31,2,0,0
candDIR_L9_64,130,32,2,0,0
candDIR_L9_64,130,33,3,1,0
candDIR_L9_64,130,34,3,0,0
candDIR_L9_64,130,35,4,1,0
candDIR_L9_64,130,36,5,1,0
candDIR_L9_64,130,37,3,0,2
candDIR_L9_64,130,38,2,0,1
candDIR_L9_64,130,39,2,0,0
candDIR_L9_64,130,40,2,0,0
candDIR_L9_64,130,41,2,0,0
candDIR_L9_64,130,42,2,0,0
candDIR_L9_64,130,43,2,0,0
candDIR_L9_64,130,44,5,3,0
candDIR_L9_64,130,45,5,0,0
candDIR_L9_64,130,46,3,0,2
candDIR_L9_64,130,47,2,0,1
candDIR_L9_64,130,48,1,0,1
candDIR_L9_64,130,49,1,0,0
candDIR_L9_64,130,50,2,1,0
candDIR_L9_64,130,51,3,1,0
candDIR_L9_64,130,52,3,0,0
candDIR_L9_64,130,53,3,0,0
candDIR_L9_64,130,54,2,0,1
candDIR_L9_64,130,55,1,0,1
candDIR_L9_64,130,56,1,0,0
candDIR_L9_64,130,57,2,1,0
candDIR_L9_64,130,58,2,0,0
candDIR_L9_64,130,59,3,1,0
candDIR_L9_64,130,60,3,0,0
candDIR_L9_64,130,61,2,0,1
candDIR_L9_64,130,62,3,1,0
candDIR_L9_64,130,63,3,0,0
candDIR_L9_64,130,64,3,1,1
candDIR_L9_64,131,1,1,0,0
candDIR_L9_64,131,2,2,1,0
candDIR_L9_64,131,3,2,0,0
candDIR_L9_64,131,4,2,0,0
candDIR_L9_64,131,5,2,0,0
candDIR_L9_64,131,6,2,0,0
candDIR_L9_64,131,7,1,0,1
candDIR_L9_64,131,8,2,1,0
candDIR_L9_64,131,9,1,0,1
candDIR_L9_64,131,10,1,0,0
candDIR_L9_64,131,11,1,0,0
candDIR_L9_64,131,12,2,1,0
candDIR_L9_64,131,13,2,0,0
candDIR_L9_64,131,14,2,0,0
candDIR_L9_64,131,15,2,0,0
candDIR_L9_64,131,16,2,0,0
candDIR_L9_64,131,17,1,0,1
candDIR_L9_64,131,18,1,0,0
candDIR_L9_64,131,19,2,1,0
candDIR_L9_64,131,20,2,0,0
candDIR_L9_64,131,21,2,0,0
candDIR_L9_64,131,22,1,0,1
candDIR_L9_64,131,23,1,0,0
candDIR_L9_64,131,24,1,0,0
candDIR_L9_64,131,25,2,1,0
candDIR_L9_64,131,26,1,0,1
candDIR_L9_64,131,27,1,0,0
candDIR_L9_64,131,28,1,0,0
candDIR_L9_64,131,29,2,1,0
candDIR_L9_64,131,30,2,0,0
candDIR_L9_64,131,31,2,0,0
candDIR_L9_64,131,32,1,0,1
candDIR_L9_64,131,33,3,2,0
candDIR_L9_64,131,34,3,0,0
candDIR_L9_64,131,35,3,0,0
candDIR_L9_64,131,36,1,0,2
candDIR_L9_64,131,37,1,0,0
candDIR_L9_64,131,38,3,2,0
candDIR_L9_64,131,39,3,0,0
candDIR_L9_64,131,40,2,0,1
candDIR_L9_64,131,41,2,0,0
candDIR_L9_64,131,42,2,0,0
candDIR_L9_64,131,43,2,0,0
candDIR_L9_64,131,44,1,0,1
candDIR_L9_64,131,45,1,0,0
candDIR_L9_64,131,46,2,1,0
candDIR_L9_64,131,47,2,0,0
candDIR_L9_64,131,48,2,0,0
candDIR_L9_64,131,49,2,0,0
candDIR_L9_64,131,50,2,0,0
candDIR_L9_64,131,51,1,0,1
candDIR_L9_64,131,52,1,0,0
candDIR_L9_64,131,53,1,0,0
candDIR_L9_64,131,54,2,1,0
candDIR_L9_64,131,55,1,0,1
candDIR_L9_64,131,56,1,0,0
candDIR_L9_64,131,57,2,1,0
candDIR_L9_64,131,58,2,0,0
candDIR_L9_64,131,59,1,0,1
candDIR_L9_64,131,60,1,0,0
candDIR_L9_64,131,61,2,1,0
candDIR_L9_64,131,62,1,0,1
candDIR_L9_64,131,63,1,0,0
candDIR_L9_64,131,64,2,1,0
candDIR_L9_64,132,1,1,0,0
candDIR_L9_64,132,2,2,1,0
candDIR_L9_64,132,3,2,0,0
candDIR_L9_64,132,4,2,0,0
candDIR_L9_64,132,5,2,0,0
candDIR_L9_64,132,6,2,0,0
candDIR_L9_64,132,7,3,1,0
candDIR_L9_64,132,8,1,0,2
candDIR_L9_64,132,9,1,0,0
candDIR_L9_64,132,10,1,0,0
candDIR_L9_64,132,11,1,0,0
candDIR_L9_64,132,12,1,0,0
candDIR_L9_64,132,13,1,0,0
candDIR_L9_64,132,14,1,0,0
candDIR_L9_64,132,15,3,2,0
candDIR_L9_64,132,16,3,0,0
candDIR_L9_64,132,17,1,0,2
candDIR_L9_64,132,18,1,0,0
candDIR_L9_64,132,19,1,0,0
candDIR_L9_64,132,20,1,0,0
candDIR_L9_64,132,21,1,0,0
candDIR_L9_64,132,22,1,0,0
candDIR_L9_64,132,23,1,0,0
candDIR_L9_64,132,24,1,0,0
candDIR_L9_64,132,25,1,0,0
candDIR_L9_64,132,26,1,0,0
candDIR_L9_64,132,27,2,1,0
candDIR_L9_64,132,28,2,0,0
candDIR_L9_64,132,29,3,1,0
candDIR_L9_64,132,30,1,0,2
candDIR_L9_64,132,31,1,0,0
candDIR_L9_64,132,32,1,0,0
candDIR_L9_64,132,33,1,0,0
candDIR_L9_64,132,34,1,0,0
candDIR_L9_64,132,35,1,0,0
candDIR_L9_64,132,36,1,0,0
candDIR_L9_64,132,37,1,0,0
candDIR_L9_64,132,38,1,0,0
candDIR_L9_64,132,39,2,1,0
candDIR_L9_64,132,40,3,1,0
candDIR_L9_64,132,41,3,0,0
candDIR_L9_64,132,42,3,1,1
candDIR_L9_64,132,43,2,0,1
candDIR_L9_64,132,44,4,2,0
candDIR_L9_64,132,45,1,0,3
candDIR_L9_64,132,46,1,0,0
candDIR_L9_64,132,47,2,1,0
candDIR_L9_64,132,48,3,1,0
candDIR_L9_64,132,49,3,0,0
candDIR_L9_64,132,50,2,0,1
candDIR_L9_64,132,51,2,0,0
candDIR_L9_64,132,52,2,0,0
candDIR_L9_64,132,53,2,0,0
candDIR_L9_64,132,54,2,0,0
candDIR_L9_64,132,55,1,0,1
candDIR_L9_64,132,56,1,0,0
candDIR_L9_64,132,57,2,1,0
candDIR_L9_64,132,58,3,1,0
candDIR_L9_64,132,59,1,0,2
candDIR_L9_64,132,60,1,0,0
candDIR_L9_64,132,61,1,0,0
candDIR_L9_64,132,62,1,0,0
candDIR_L9_64,132,63,1,0,0
candDIR_L9_64,132,64,1,0,0
candDIR_L9_64,133,1,1,0,0
candDIR_L9_64,133,2,2,1,0
candDIR_L9_64,133,3,2,0,0
candDIR_L9_64,133,4,2,0,0
candDIR_L9_64,133,5,2,0,0
candDIR_L9_64,133,6,2,0,0
candDIR_L9_64,133,7,1,0,1
candDIR_L9_64,133,8,1,0,0
candDIR_L9_64,133,9,1,0,0
candDIR_L9_64,133,10,1,0,0
candDIR_L9_64,133,11,2,1,0
candDIR_L9_64,133,12,2,0,0
candDIR_L9_64,133,13,1,0,1
candDIR_L9_64,133,14,1,0,0
candDIR_L9_64,133,15,1,0,0
candDIR_L9_64,133,16,1,0,0
candDIR_L9_64,133,17,1,0,0
candDIR_L9_64,133,18,1,0,0
candDIR_L9_64,133,19,1,0,0
candDIR_L9_64,133,20,1,0,0
candDIR_L9_64,133,21,1,0,0
candDIR_L9_64,133,22,1,0,0
candDIR_L9_64,133,23,2,1,0
candDIR_L9_64,133,24,1,0,1
candDIR_L9_64,133,25,1,0,0
candDIR_L9_64,133,26,2,1,0
candDIR_L9_64,133,27,2,0,0
candDIR_L9_64,133,28,2,0,0
candDIR_L9_64,133,29,1,0,1
candDIR_L9_64,133,30,1,0,0
candDIR_L9_64,133,31,2,1,0
candDIR_L9_64,133,32,2,0,0
candDIR_L9_64,133,33,3,1,0
candDIR_L9_64,133,34,4,1,0
candDIR_L9_64,133,35,4,0,0
candDIR_L9_64,133,36,4,0,0
candDIR_L9_64,133,37,1,0,3
candDIR_L9_64,133,38,1,0,0
candDIR_L9_64,133,39,2,1,0
candDIR_L9_64,133,40,1,0,1
candDIR_L9_64,133,41,1,0,0
candDIR_L9_64,133,42,2,1,0
candDIR_L9_64,133,43,2,0,0
candDIR_L9_64,133,44,1,0,1
candDIR_L9_64,133,45,3,2,0
candDIR_L9_64,133,46,3,0,0
candDIR_L9_64,133,47,3,0,0
candDIR_L9_64,133,48,1,0,2
candDIR_L9_64,133,49,1,0,0
candDIR_L9_64,133,50,2,1,0
candDIR_L9_64,133,51,2,0,0
candDIR_L9_64,133,52,2,0,0
candDIR_L9_64,133,53,2,0,0
candDIR_L9_64,133,54,3,1,0
candDIR_L9_64,133,55,3,0,0
candDIR_L9_64,133,56,3,0,0
candDIR_L9_64,133,57,2,0,1
candDIR_L9_64,133,58,2,0,0
candDIR_L9_64,133,59,1,0,1
candDIR_L9_64,133,60,1,0,0
candDIR_L9_64,133,61,2,1,0
candDIR_L9_64,133,62,1,0,1
candDIR_L9_64,133,63,1,0,0
candDIR_L9_64,133,64,1,0,0
candDIR_L9_64,134,1,1,0,0
candDIR_L9_64,134,2,2,1,0
candDIR_L9_64,134,3,2,0,0
candDIR_L9_64,134,4,2,0,0
candDIR_L9_64,134,5,2,0,0
candDIR_L9_64,134,6,2,0,0
candDIR_L9_64,134,7,2,0,0
candDIR_L9_64,134,8,1,0,1
candDIR_L9_64,134,9,1,0,0
candDIR_L9_64,134,10,1,0,0
candDIR_L9_64,134,11,1,0,0
candDIR_L9_64,134,12,1,0,0
candDIR_L9_64,134,13,1,0,0
candDIR_L9_64,134,14,1,0,0
candDIR_L9_64,134,15,1,0,0
candDIR_L9_64,134,16,1,0,0
candDIR_L9_64,134,17,1,0,0
candDIR_L9_64,134,18,1,0,0
candDIR_L9_64,134,19,2,1,0
candDIR_L9_64,134,20,3,1,0
candDIR_L9_64,134,21,4,1,0
candDIR_L9_64,134,22,2,0,2
candDIR_L9_64,134,23,2,0,0
candDIR_L9_64,134,24,2,0,0
candDIR_L9_64,134,25,1,0,1
candDIR_L9_64,134,26,1,0,0
candDIR_L9_64,134,27,1,0,0
candDIR_L9_64,134,28,2,1,0
candDIR_L9_64,134,29,2,0,0
candDIR_L9_64,134,30,2,0,0
candDIR_L9_64,134,31,3,1,0
candDIR_L9_64,134,32,3,0,0
candDIR_L9_64,134,33,1,0,2
candDIR_L9_64,134,34,1,0,0
candDIR_L9_64,134,35,1,0,0
candDIR_L9_64,134,36,1,0,0
candDIR_L9_64,134,37,1,0,0
candDIR_L9_64,134,38,1,0,0
candDIR_L9_64,134,39,2,1,0
candDIR_L9_64,134,40,2,0,0
candDIR_L9_64,134,41,2,0,0
candDIR_L9_64,134,42,1,0,1
candDIR_L9_64,134,43,2,1,0
candDIR_L9_64,134,44,1,0,1
candDIR_L9_64,134,45,1,0,0
candDIR_L9_64,134,46,1,0,0
candDIR_L9_64,134,47,1,0,0
candDIR_L9_64,134,48,2,1,0
candDIR_L9_64,134,49,2,0,0
candDIR_L9_64,134,50,2,0,0
candDIR_L9_64,134,51,2,0,0
candDIR_L9_64,134,52,2,0,0
candDIR_L9_64,134,53,2,0,0
candDIR_L9_64,134,54,1,0,1
candDIR_L9_64,134,55,1,0,0
candDIR_L9_64,134,56,1,0,0
candDIR_L9_64,134,57,2,1,0
candDIR_L9_64,134,58,2,0,0
candDIR_L9_64,134,59,2,0,0
candDIR_L9_64,134,60,2,0,0
candDIR_L9_64,134,61,3,1,0
candDIR_L9_64,134,62,3,0,0
candDIR_L9_64,134,63,1,0,2
candDIR_L9_64,134,64,1,0,0
candDIR_L9_64,135,1,1,0,0
candDIR_L9_64,135,2,2,1,0
candDIR_L9_64,135,3,2,0,0
candDIR_L9_64,135,4,2,0,0
candDIR_L9_64,135,5,2,0,0
candDIR_L9_64,135,6,2,0,0
candDIR_L9_64,135,7,1,0,1
candDIR_L9_64,135,8,1,0,0
candDIR_L9_64,135,9,1,0,0
candDIR_L9_64,135,10,1,0,0
candDIR_L9_64,135,11,1,0,0
candDIR_L9_64,135,12,1,0,0
candDIR_L9_64,135,13,2,1,0
candDIR_L9_64,135,14,1,0,1
candDIR_L9_64,135,15,1,0,0
candDIR_L9_64,135,16,1,0,0
candDIR_L9_64,135,17,1,0,0
candDIR_L9_64,135,18,1,0,0
candDIR_L9_64,135,19,2,1,0
candDIR_L9_64,135,20,1,0,1
candDIR_L9_64,135,21,1,0,0
candDIR_L9_64,135,22,1,0,0
candDIR_L9_64,135,23,1,0,0
candDIR_L9_64,135,24,2,1,0
candDIR_L9_64,135,25,2,0,0
candDIR_L9_64,135,26,4,2,0
candDIR_L9_64,135,27,3,0,1
candDIR_L9_64,135,28,4,1,0
candDIR_L9_64,135,29,1,0,3
candDIR_L9_64,135,30,1,0,0
candDIR_L9_64,135,31,3,2,0
candDIR_L9_64,135,32,1,0,2
candDIR_L9_64,135,33,3,2,0
candDIR_L9_64,135,34,1,0,2
candDIR_L9_64,135,35,1,0,0
candDIR_L9_64,135,36,1,0,0
candDIR_L9_64,135,37,1,0,0
candDIR_L9_64,135,38,1,0,0
candDIR_L9_64,135,39,1,0,0
candDIR_L9_64,135,40,1,0,0
candDIR_L9_64,135,41,1,0,0
candDIR_L9_64,135,42,1,0,0
candDIR_L9_64,135,43,2,1,0
candDIR_L9_64,135,44,2,0,0
candDIR_L9_64,135,45,2,0,0
candDIR_L9_64,135,46,2,0,0
candDIR_L9_64,135,47,2,0,0
candDIR_L9_64,135,48,2,0,0
candDIR_L9_64,135,49,3,1,0
candDIR_L9_64,135,50,3,0,0
candDIR_L9_64,135,51,3,0,0
candDIR_L9_64,135,52,3,0,0
candDIR_L9_64,135,53,1,0,2
candDIR_L9_64,135,54,1,0,0
candDIR_L9_64,135,55,2,1,0
candDIR_L9_64,135,56,3,1,0
candDIR_L9_64,135,57,2,0,1
candDIR_L9_64,135,58,2,0,0
candDIR_L9_64,135,59,2,0,0
candDIR_L9_64,135,60,2,0,0
candDIR_L9_64,135,61,3,1,0
candDIR_L9_64,135,62,1,0,2
candDIR_L9_64,135,63,1,0,0
candDIR_L9_64,135,64,3,2,0
candDIR_L9_64,136,1,1,0,0
candDIR_L9_64,136,2,2,1,0
candDIR_L9_64,136,3,2,0,0
candDIR_L9_64,136,4,2,0,0
candDIR_L9_64,136,5,2,0,0
candDIR_L9_64,136,6,2,0,0
candDIR_L9_64,136,7,3,1,0
candDIR_L9_64,136,8,1,0,2
candDIR_L9_64,136,9,1,0,0
candDIR_L9_64,136,10,1,0,0
candDIR_L9_64,136,11,1,0,0
candDIR_L9_64,136,12,3,2,0
candDIR_L9_64,136,13,6,3,0
candDIR_L9_64,136,14,4,0,2
candDIR_L9_64,136,15,5,1,0
candDIR_L9_64,136,16,4,0,1
candDIR_L9_64,136,17,1,0,3
candDIR_L9_64,136,18,1,0,0
candDIR_L9_64,136,19,1,0,0
candDIR_L9_64,136,20,2,1,0
candDIR_L9_64,136,21,5,3,0
candDIR_L9_64,136,22,5,0,0
candDIR_L9_64,136,23,5,0,0
candDIR_L9_64,136,24,4,0,1
candDIR_L9_64,136,25,4,0,0
candDIR_L9_64,136,26,1,0,3
candDIR_L9_64,136,27,3,2,0
candDIR_L9_64,136,28,1,0,2
candDIR_L9_64,136,29,3,2,0
candDIR_L9_64,136,30,1,0,2
candDIR_L9_64,136,31,3,2,0
candDIR_L9_64,136,32,1,0,2
candDIR_L9_64,136,33,1,0,0
candDIR_L9_64,136,34,1,0,0
candDIR_L9_64,136,35,1,0,0
candDIR_L9_64,136,36,3,2,0
candDIR_L9_64,136,37,3,0,0
candDIR_L9_64,136,38,2,0,1
candDIR_L9_64,136,39,2,0,0
candDIR_L9_64,136,40,2,0,0
candDIR_L9_64,136,41,2,0,0
candDIR_L9_64,136,42,2,0,0
candDIR_L9_64,136,43,2,0,0
candDIR_L9_64,136,44,2,0,0
candDIR_L9_64,136,45,2,0,0
candDIR_L9_64,136,46,3,1,0
candDIR_L9_64,136,47,3,0,0
candDIR_L9_64,136,48,3,0,0
candDIR_L9_64,136,49,1,0,2
candDIR_L9_64,136,50,1,0,0
candDIR_L9_64,136,51,1,0,0
candDIR_L9_64,136,52,1,0,0
candDIR_L9_64,136,53,1,0,0
candDIR_L9_64,136,54,2,1,0
candDIR_L9_64,136,55,2,0,0
candDIR_L9_64,136,56,1,0,1
candDIR_L9_64,136,57,2,1,0
candDIR_L9_64,136,58,2,0,0
candDIR_L9_64,136,59,3,1,0
candDIR_L9_64,136,60,3,0,0
candDIR_L9_64,136,61,1,0,2
candDIR_L9_64,136,62,1,0,0
candDIR_L9_64,136,63,1,0,0
candDIR_L9_64,136,64,1,0,0
candDIR_L9_64,137,1,1,0,0
candDIR_L9_64,137,2,2,1,0
candDIR_L9_64,137,3,2,0,0
candDIR_L9_64,137,4,2,0,0
candDIR_L9_64,137,5,2,0,0
candDIR_L9_64,137,6,2,0,0
candDIR_L9_64,137,7,1,0,1
candDIR_L9_64,137,8,1,0,0
candDIR_L9_64,137,9,1,0,0
candDIR_L9_64,137,10,1,0,0
candDIR_L9_64,137,11,2,1,0
candDIR_L9_64,137,12,2,0,0
candDIR_L9_64,137,13,1,0,1
candDIR_L9_64,137,14,1,0,0
candDIR_L9_64,137,15,1,0,0
candDIR_L9_64,137,16,1,0,0
candDIR_L9_64,137,17,2,1,0
candDIR_L9_64,137,18,1,0,1
candDIR_L9_64,137,19,1,0,0
candDIR_L9_64,137,20,3,2,0
candDIR_L9_64,137,21,3,0,0
candDIR_L9_64,137,22,3,0,0
candDIR_L9_64,137,23,3,0,0
candDIR_L9_64,137,24,2,0,1
candDIR_L9_64,137,25,2,0,0
candDIR_L9_64,137,26,2,0,0
candDIR_L9_64,137,27,2,0,0
candDIR_L9_64,137,28,2,0,0
candDIR_L9_64,137,29,2,0,0
candDIR_L9_64,137,30,2,0,0
candDIR_L9_64,137,31,2,0,0
candDIR_L9_64,137,32,1,0,1
candDIR_L9_64,137,33,1,0,0
candDIR_L9_64,137,34,2,1,0
candDIR_L9_64,137,35,2,0,0
candDIR_L9_64,137,36,2,0,0
candDIR_L9_64,137,37,2,0,0
candDIR_L9_64,137,38,2,0,0
candDIR_L9_64,137,39,2,0,0
candDIR_L9_64,137,40,2,0,0
candDIR_L9_64,137,41,2,0,0
candDIR_L9_64,137,42,2,0,0
candDIR_L9_64,137,43,3,1,0
candDIR_L9_64,137,44,3,0,0
candDIR_L9_64,137,45,3,0,0
candDIR_L9_64,137,46,1,0,2
candDIR_L9_64,137,47,1,0,0
candDIR_L9_64,137,48,1,0,0
candDIR_L9_64,137,49,1,0,0
candDIR_L9_64,137,50,2,1,0
candDIR_L9_64,137,51,2,0,0
candDIR_L9_64,137,52,2,0,0
candDIR_L9_64,137,53,2,0,0
candDIR_L9_64,137,54,1,0,1
candDIR_L9_64,137,55,3,2,0
candDIR_L9_64,137,56,1,0,2
candDIR_L9_64,137,57,3,2,0
candDIR_L9_64,137,58,3,0,0
candDIR_L9_64,137,59,1,0,2
candDIR_L9_64,137,60,1,0,0
candDIR_L9_64,137,61,2,1,0
candDIR_L9_64,137,62,2,0,0
candDIR_L9_64,137,63,1,0,1
candDIR_L9_64,137,64,1,0,0
candDIR_L9_64,138,1,1,0,0
candDIR_L9_64,138,2,2,1,0
candDIR_L9_64,138,3,2,0,0
candDIR_L9_64,138,4,2,0,0
candDIR_L9_64,138,5,2,0,0
candDIR_L9_64,138,6,2,0,0
candDIR_L9_64,138,7,3,1,0
candDIR_L9_64,138,8,1,0,2
candDIR_L9_64,138,9,1,0,0
candDIR_L9_64,138,10,1,0,0
candDIR_L9_64,138,11,2,1,0
candDIR_L9_64,138,12,2,0,0
candDIR_L9_64,138,13,3,1,0
candDIR_L9_64,138,14,2,0,1
candDIR_L9_64,138,15,1,0,1
candDIR_L9_64,138,16,1,0,0
candDIR_L9_64,138,17,1,0,0
candDIR_L9_64,138,18,1,0,0
candDIR_L9_64,138,19,2,1,0
candDIR_L9_64,138,20,1,0,1
candDIR_L9_64,138,21,1,0,0
candDIR_L9_64,138,22,1,0,0
candDIR_L9_64,138,23,1,0,0
candDIR_L9_64,138,24,1,0,0
candDIR_L9_64,138,25,2,1,0
candDIR_L9_64,138,26,3,1,0
candDIR_L9_64,138,27,4,1,0
candDIR_L9_64,138,28,2,0,2
candDIR_L9_64,138,29,2,0,0
candDIR_L9_64,138,30,1,0,1
candDIR_L9_64,138,31,2,1,0
candDIR_L9_64,138,32,1,0,1
candDIR_L9_64,138,33,3,2,0
candDIR_L9_64,138,34,3,0,0
candDIR_L9_64,138,35,4,1,0
candDIR_L9_64,138,36,1,0,3
candDIR_L9_64,138,37,1,0,0
candDIR_L9_64,138,38,1,0,0
candDIR_L9_64,138,39,1,0,0
candDIR_L9_64,138,40,1,0,0
candDIR_L9_64,138,41,1,0,0
candDIR_L9_64,138,42,2,1,0
candDIR_L9_64,138,43,1,0,1
candDIR_L9_64,138,44,1,0,0
candDIR_L9_64,138,45,1,0,0
candDIR_L9_64,138,46,1,0,0
candDIR_L9_64,138,47,1,0,0
candDIR_L9_64,138,48,1,0,0
candDIR_L9_64,138,49,2,1,0
candDIR_L9_64,138,50,2,0,0
candDIR_L9_64,138,51,2,0,0
candDIR_L9_64,138,52,2,0,0
candDIR_L9_64,138,53,3,1,0
candDIR_L9_64,138,54,2,0,1
candDIR_L9_64,138,55,2,0,0
candDIR_L9_64,138,56,2,0,0
candDIR_L9_64,138,57,2,0,0
candDIR_L9_64,138,58,2,0,0
candDIR_L9_64,138,59,2,0,0
candDIR_L9_64,138,60,3,1,0
candDIR_L9_64,138,61,2,0,1
candDIR_L9_64,138,62,2,0,0
candDIR_L9_64,138,63,3,1,0
candDIR_L9_64,138,64,3,0,0
candDIR_L9_64,139,1,1,0,0
candDIR_L9_64,139,2,2,1,0
candDIR_L9_64,139,3,2,0,0
candDIR_L9_64,139,4,2,0,0
candDIR_L9_64,139,5,2,0,0
candDIR_L9_64,139,6,2,0,0
candDIR_L9_64,139,7,1,0,1
candDIR_L9_64,139,8,1,0,0
candDIR_L9_64,139,9,1,0,0
candDIR_L9_64,139,10,1,0,0
candDIR_L9_64,139,11,3,2,0
candDIR_L9_64,139,12,3,0,0
candDIR_L9_64,139,13,1,0,2
candDIR_L9_64,139,14,1,0,0
candDIR_L9_64,139,15,2,1,0
candDIR_L9_64,139,16,2,0,0
candDIR_L9_64,139,17,1,0,1
candDIR_L9_64,139,18,1,0,0
candDIR_L9_64,139,19,1,0,0
candDIR_L9_64,139,20,2,1,0
candDIR_L9_64,139,21,3,1,0
candDIR_L9_64,139,22,1,0,2
candDIR_L9_64,139,23,1,0,0
candDIR_L9_64,139,24,1,0,0
candDIR_L9_64,139,25,2,1,0
candDIR_L9_64,139,26,1,0,1
candDIR_L9_64,139,27,1,0,0
candDIR_L9_64,139,28,2,1,0
candDIR_L9_64,139,29,3,1,0
candDIR_L9_64,139,30,3,0,0
candDIR_L9_64,139,31,4,1,0
candDIR_L9_64,139,32,3,0,1
candDIR_L9_64,139,33,1,0,2
candDIR_L9_64,139,34,1,0,0
candDIR_L9_64,139,35,1,0,0
candDIR_L9_64,139,36,1,0,0
candDIR_L9_64,139,37,2,1,0
candDIR_L9_64,139,38,2,0,0
candDIR_L9_64,139,39,1,0,1
candDIR_L9_64,139,40,2,1,0
candDIR_L9_64,139,41,2,0,0
candDIR_L9_64,139,42,2,0,0
candDIR_L9_64,139,43,1,0,1
candDIR_L9_64,139,44,1,0,0
candDIR_L9_64,139,45,1,0,0
candDIR_L9_64,139,46,1,0,0
candDIR_L9_64,139,47,2,1,0
candDIR_L9_64,139,48,3,1,0
candDIR_L9_64,139,49,1,0,2
candDIR_L9_64,139,50,2,1,0
candDIR_L9_64,139,51,1,0,1
candDIR_L9_64,139,52,1,0,0
candDIR_L9_64,139,53,1,0,0
candDIR_L9_64,139,54,3,2,0
candDIR_L9_64,139,55,3,0,0
candDIR_L9_64,139,56,2,0,1
candDIR_L9_64,139,57,2,0,0
candDIR_L9_64,139,58,2,0,0
candDIR_L9_64,139,59,2,0,0
candDIR_L9_64,139,60,1,0,1
candDIR_L9_64,139,61,2,1,0
candDIR_L9_64,139,62,3,1,0
candDIR_L9_64,139,63,3,0,0
candDIR_L9_64,139,64,3,0,0
candDIR_L9_64,140,1,1,0,0
candDIR_L9_64,140,2,2,1,0
candDIR_L9_64,140,3,2,0,0
candDIR_L9_64,140,4,2,0,0
candDIR_L9_64,140,5,2,0,0
candDIR_L9_64,140,6,2,0,0
candDIR_L9_64,140,7,1,0,1
candDIR_L9_64,140,8,1,0,0
candDIR_L9_64,140,9,1,0,0
candDIR_L9_64,140,10,1,0,0
candDIR_L9_64,140,11,1,0,0
candDIR_L9_64,140,12,1,0,0
candDIR_L9_64,140,13,1,0,0
candDIR_L9_64,140,14,2,1,0
candDIR_L9_64,140,15,2,0,0
candDIR_L9_64,140,16,2,0,0
candDIR_L9_64,140,17,3,1,0
candDIR_L9_64,140,18,1,0,2
candDIR_L9_64,140,19,1,0,0
candDIR_L9_64,140,20,2,1,0
candDIR_L9_64,140,21,2,0,0
candDIR_L9_64,140,22,1,0,1
candDIR_L9_64,140,23,2,1,0
candDIR_L9_64,140,24,2,0,0
candDIR_L9_64,140,25,1,0,1
candDIR_L9_64,140,26,3,2,0
candDIR_L9_64,140,27,3,0,0
candDIR_L9_64,140,28,3,0,0
candDIR_L9_64,140,29,1,0,2
candDIR_L9_64,140,30,1,0,0
candDIR_L9_64,140,31,1,0,0
candDIR_L9_64,140,32,2,1,0
candDIR_L9_64,140,33,2,0,0
candDIR_L9_64,140,34,2,0,0
candDIR_L9_64,140,35,1,0,1
candDIR_L9_64,140,36,1,0,0
candDIR_L9_64,140,37,1,0,0
candDIR_L9_64,140,38,1,0,0
candDIR_L9_64,140,39,1,0,0
candDIR_L9_64,140,40,2,1,0
candDIR_L9_64,140,41,2,0,0
candDIR_L9_64,140,42,2,0,0
candDIR_L9_64,140,43,2,0,0
candDIR_L9_64,140,44,3,1,0
candDIR_L9_64,140,45,4,1,0
candDIR_L9_64,140,46,2,0,2
candDIR_L9_64,140,47,2,0,0
candDIR_L9_64,140,48,1,0,1
candDIR_L9_64,140,49,1,0,0
candDIR_L9_64,140,50,2,1,0
candDIR_L9_64,140,51,1,0,1
candDIR_L9_64,140,52,1,0,0
candDIR_L9_64,140,53,1,0,0
candDIR_L9_64,140,54,1,0,0
candDIR_L9_64,140,55,1,0,0
candDIR_L9_64,140,56,2,1,0
candDIR_L9_64,140,57,2,0,0
candDIR_L9_64,140,58,2,0,0
candDIR_L9_64,140,59,2,0,0
candDIR_L9_64,140,60,2,0,0
candDIR_L9_64,140,61,2,0,0
candDIR_L9_64,140,62,1,0,1
candDIR_L9_64,140,63,1,0,0
candDIR_L9_64,140,64,1,0,0
candDIR_L9_64,141,1,1,0,0
candDIR_L9_64,141,2,2,1,0
candDIR_L9_64,141,3,2,0,0
candDIR_L9_64,141,4,2,0,0
candDIR_L9_64,141,5,2,0,0
candDIR_L9_64,141,6,2,0,0
candDIR_L9_64,141,7,1,0,1
candDIR_L9_64,141,8,1,0,0
candDIR_L9_64,141,9,1,0,0
candDIR_L9_64,141,10,1,0,0
candDIR_L9_64,141,11,1,0,0
candDIR_L9_64,141,12,1,0,0
candDIR_L9_64,141,13,1,0,0
candDIR_L9_64,141,14,1,0,0
candDIR_L9_64,141,15,3,2,0
candDIR_L9_64,141,16,3,0,0
candDIR_L9_64,141,17,2,0,1
candDIR_L9_64,141,18,1,0,1
candDIR_L9_64,141,19,2,1,0
candDIR_L9_64,141,20,1,0,1
candDIR_L9_64,141,21,2,1,0
candDIR_L9_64,141,22,4,2,0
candDIR_L9_64,141,23,5,1,0
candDIR_L9_64,141,24,5,1,1
candDIR_L9_64,141,25,6,1,0
candDIR_L9_64,141,26,5,0,1
candDIR_L9_64,141,27,3,0,2
candDIR_L9_64,141,28,1,0,2
candDIR_L9_64,141,29,1,0,0
candDIR_L9_64,141,30,1,0,0
candDIR_L9_64,141,31,2,1,0
candDIR_L9_64,141,32,1,0,1
candDIR_L9_64,141,33,1,0,0
candDIR_L9_64,141,34,1,0,0
candDIR_L9_64,141,35,1,0,0
candDIR_L9_64,141,36,2,1,0
candDIR_L9_64,141,37,1,0,1
candDIR_L9_64,141,38,1,0,0
candDIR_L9_64,141,39,1,0,0
candDIR_L9_64,141,40,3,2,0
candDIR_L9_64,141,41,3,0,0
candDIR_L9_64,141,42,2,0,1
candDIR_L9_64,141,43,3,1,0
candDIR_L9_64,141,44,1,0,2
candDIR_L9_64,141,45,1,0,0
candDIR_L9_64,141,46,3,2,0
candDIR_L9_64,141,47,1,0,2
candDIR_L9_64,141,48,3,2,0
candDIR_L9_64,141,49,3,0,0
candDIR_L9_64,141,50,3,0,0
candDIR_L9_64,141,51,2,0,1
candDIR_L9_64,141,52,2,0,0
candDIR_L9_64,141,53,3,1,0
candDIR_L9_64,141,54,1,0,2
candDIR_L9_64,141,55,1,0,0
candDIR_L9_64,141,56,1,0,0
candDIR_L9_64,141,57,2,1,0
candDIR_L9_64,141,58,1,0,1
candDIR_L9_64,141,59,1,0,0
candDIR_L9_64,141,60,1,0,0
candDIR_L9_64,141,61,2,1,0
candDIR_L9_64,141,62,1,0,1
candDIR_L9_64,141,63,2,1,0
candDIR_L9_64,141,64,2,0,0
candDIR_L9_64,142,1,1,0,0
candDIR_L9_64,142,2,2,1,0
candDIR_L9_64,142,3,2,0,0
candDIR_L9_64,142,4,2,0,0
candDIR_L9_64,142,5,2,0,0
candDIR_L9_64,142,6,2,0,0
candDIR_L9_64,142,7,1,0,1
candDIR_L9_64,142,8,1,0,0
candDIR_L9_64,142,9,1,0,0
candDIR_L9_64,142,10,1,0,0
candDIR_L9_64,142,11,1,0,0
candDIR_L9_64,142,12,1,0,0
candDIR_L9_64,142,13,1,0,0
candDIR_L9_64,142,14,1,0,0
candDIR_L9_64,142,15,1,0,0
candDIR_L9_64,142,16,1,0,0
candDIR_L9_64,142,17,2,1,0
candDIR_L9_64,142,18,2,0,0
candDIR_L9_64,142,19,1,0,1
candDIR_L9_64,142,20,1,0,0
candDIR_L9_64,142,21,2,1,0
candDIR_L9_64,142,22,1,0,1
candDIR_L9_64,142,23,1,0,0
candDIR_L9_64,142,24,1,0,0
candDIR_L9_64,142,25,1,0,0
candDIR_L9_64,142,26,1,0,0
candDIR_L9_64,142,27,2,1,0
candDIR_L9_64,142,28,1,0,1
candDIR_L9_64,142,29,1,0,0
candDIR_L9_64,142,30,1,0,0
candDIR_L9_64,142,31,2,1,0
candDIR_L9_64,142,32,3,1,0
candDIR_L9_64,142,33,3,0,0
candDIR_L9_64,142,34,4,1,0
candDIR_L9_64,142,35,3,0,1
candDIR_L9_64,142,36,4,1,0
candDIR_L9_64,142,37,1,0,3
candDIR_L9_64,142,38,1,0,0
candDIR_L9_64,142,39,1,0,0
candDIR_L9_64,142,40,1,0,0
candDIR_L9_64,142,41,1,0,0
candDIR_L9_64,142,42,2,1,0
candDIR_L9_64,142,43,2,0,0
candDIR_L9_64,142,44,3,1,0
candDIR_L9_64,142,45,4,1,0
candDIR_L9_64,142,46,4,0,0
candDIR_L9_64,142,47,4,0,0
candDIR_L9_64,142,48,1,0,3
candDIR_L9_64,142,49,1,0,0
candDIR_L9_64,142,50,3,2,0
candDIR_L9_64,142,51,4,1,0
candDIR_L9_64,142,52,2,0,2
candDIR_L9_64,142,53,1,0,1
candDIR_L9_64,142,54,1,0,0
candDIR_L9_64,142,55,1,0,0
candDIR_L9_64,142,56,1,0,0
candDIR_L9_64,142,57,2,1,0
candDIR_L9_64,142,58,2,0,0
candDIR_L9_64,142,59,3,1,0
candDIR_L9_64,142,60,2,0,1
candDIR_L9_64,142,61,3,1,0
candDIR_L9_64,142,62,3,1,1
candDIR_L9_64,142,63,1,0,2
candDIR_L9_64,142,64,3,2,0
candDIR_L9_64,143,1,1,0,0
candDIR_L9_64,143,2,2,1,0
candDIR_L9_64,143,3,2,0,0
candDIR_L9_64,143,4,2,0,0
candDIR_L9_64,143,5,2,0,0
candDIR_L9_64,143,6,2,0,0
candDIR_L9_64,143,7,1,0,1
candDIR_L9_64,143,8,1,0,0
candDIR_L9_64,143,9,1,0,0
candDIR_L9_64,143,10,1,0,0
candDIR_L9_64,143,11,1,0,0
candDIR_L9_64,143,12,2,1,0
candDIR_L9_64,143,13,3,1,0
candDIR_L9_64,143,14,3,0,0
candDIR_L9_64,143,15,4,1,0
candDIR_L9_64,143,16,3,0,1
candDIR_L9_64,143,17,3,0,0
candDIR_L9_64,143,18,3,0,0
candDIR_L9_64,143,19,3,0,0
candDIR_L9_64,143,20,2,0,1
candDIR_L9_64,143,21,2,0,0
candDIR_L9_64,143,22,1,0,1
candDIR_L9_64,143,23,2,1,0
candDIR_L9_64,143,24,1,0,1
candDIR_L9_64,143,25,1,0,0
candDIR_L9_64,143,26,2,1,0
candDIR_L9_64,143,27,2,0,0
candDIR_L9_64,143,28,1,0,1
candDIR_L9_64,143,29,1,0,0
candDIR_L9_64,143,30,1,0,0
candDIR_L9_64,143,31,2,1,0
candDIR_L9_64,143,32,1,0,1
candDIR_L9_64,143,33,1,0,0
candDIR_L9_64,143,34,1,0,0
candDIR_L9_64,143,35,1,0,0
candDIR_L9_64,143,36,1,0,0
candDIR_L9_64,143,37,2,1,0
candDIR_L9_64,143,38,2,0,0
candDIR_L9_64,143,39,4,2,0
candDIR_L9_64,143,40,3,0,1
candDIR_L9_64,143,41,3,0,0
candDIR_L9_64,143,42,2,0,1
candDIR_L9_64,143,43,2,0,0
candDIR_L9_64,143,44,1,0,1
candDIR_L9_64,143,45,1,0,0
candDIR_L9_64,143,46,1,0,0
candDIR_L9_64,143,47,1,0,0
candDIR_L9_64,143,48,1,0,0
candDIR_L9_64,143,49,1,0,0
candDIR_L9_64,143,50,2,1,0
candDIR_L9_64,143,51,1,0,1
candDIR_L9_64,143,52,2,1,0
candDIR_L9_64,143,53,1,0,1
candDIR_L9_64,143,54,2,1,0
candDIR_L9_64,143,55,3,1,0
candDIR_L9_64,143,56,1,0,2
candDIR_L9_64,143,57,2,1,0
candDIR_L9_64,143,58,2,0,0
candDIR_L9_64,143,59,2,0,0
candDIR_L9_64,143,60,1,0,1
candDIR_L9_64,143,61,2,1,0
candDIR_L9_64,143,62,1,0,1
candDIR_L9_64,143,63,2,1,0
candDIR_L9_64,143,64,2,0,0
candDIR_L9_64,144,1,1,0,0
candDIR_L9_64,144,2,2,1,0
candDIR_L9_64,144,3,2,0,0
candDIR_L9_64,144,4,2,0,0
candDIR_L9_64,144,5,2,0,0
candDIR_L9_64,144,6,2,0,0
candDIR_L9_64,144,7,1,0,1
candDIR_L9_64,144,8,1,0,0
candDIR_L9_64,144,9,1,0,0
candDIR_L9_64,144,10,1,0,0
candDIR_L9_64,144,11,2,1,0
candDIR_L9_64,144,12,2,0,0
candDIR_L9_64,144,13,2,0,0
candDIR_L9_64,144,14,2,0,0
candDIR_L9_64,144,15,2,0,0
candDIR_L9_64,144,16,2,0,0
candDIR_L9_64,144,17,3,1,0
candDIR_L9_64,144,18,3,0,0
candDIR_L9_64,144,19,1,0,2
candDIR_L9_64,144,20,1,0,0
candDIR_L9_64,144,21,1,0,0
candDIR_L9_64,144,22,1,0,0
candDIR_L9_64,144,23,1,0,0
candDIR_L9_64,144,24,1,0,0
candDIR_L9_64,144,25,1,0,0
candDIR_L9_64,144,26,1,0,0
candDIR_L9_64,144,27,1,0,0
candDIR_L9_64,144,28,1,0,0
candDIR_L9_64,144,29,2,1,0
candDIR_L9_64,144,30,1,0,1
candDIR_L9_64,144,31,2,1,0
candDIR_L9_64,144,32,1,0,1
candDIR_L9_64,144,33,2,1,0
candDIR_L9_64,144,34,2,0,0
candDIR_L9_64,144,35,3,1,0
candDIR_L9_64,144,36,5,2,0
candDIR_L9_64,144,37,1,0,4
candDIR_L9_64,144,38,4,3,0
candDIR_L9_64,144,39,3,0,1
candDIR_L9_64,144,40,3,0,0
candDIR_L9_64,144,41,2,0,1
candDIR_L9_64,144,42,3,1,0
candDIR_L9_64,144,43,2,0,1
candDIR_L9_64,144,44,4,2,0
candDIR_L9_64,144,45,4,0,0
candDIR_L9_64,144,46,5,1,0
candDIR_L9_64,144,47,5,0,0
candDIR_L9_64,144,48,5,0,0
candDIR_L9_64,144,49,1,0,4
candDIR_L9_64,144,50,1,0,0
candDIR_L9_64,144,51,1,0,0
candDIR_L9_64,144,52,2,1,0
candDIR_L9_64,144,53,3,1,0
candDIR_L9_64,144,54,3,0,0
candDIR_L9_64,144,55,1,0,2
candDIR_L9_64,144,56,3,2,0
candDIR_L9_64,144,57,3,1,1
candDIR_L9_64,144,58,3,1,1
candDIR_L9_64,144,59,3,0,0
candDIR_L9_64,144,60,3,0,0
candDIR_L9_64,144,61,2,0,1
candDIR_L9_64,144,62,3,1,0
candDIR_L9_64,144,63,1,0,2
candDIR_L9_64,144,64,2,1,0
candDIR_L9_64,145,1,1,0,0
candDIR_L9_64,145,2,2,1,0
candDIR_L9_64,145,3,2,0,0
candDIR_L9_64,145,4,2,0,0
candDIR_L9_64,145,5,2,0,0
candDIR_L9_64,145,6,2,0,0
candDIR_L9_64,145,7,1,0,1
candDIR_L9_64,145,8,1,0,0
candDIR_L9_64,145,9,1,0,0
candDIR_L9_64,145,10,1,0,0
candDIR_L9_64,145,11,2,1,0
candDIR_L9_64,145,12,2,0,0
candDIR_L9_64,145,13,2,0,0
candDIR_L9_64,145,14,3,1,0
candDIR_L9_64,145,15,2,0,1
candDIR_L9_64,145,16,3,1,0
candDIR_L9_64,145,17,1,0,2
candDIR_L9_64,145,18,1,0,0
candDIR_L9_64,145,19,2,1,0
candDIR_L9_64,145,20,4,2,0
candDIR_L9_64,145,21,5,1,0
candDIR_L9_64,145,22,4,0,1
candDIR_L9_64,145,23,2,0,2
candDIR_L9_64,145,24,2,0,0
candDIR_L9_64,145,25,2,0,0
candDIR_L9_64,145,26,2,0,0
candDIR_L9_64,145,27,2,0,0
candDIR_L9_64,145,28,3,1,0
candDIR_L9_64,145,29,1,0,2
candDIR_L9_64,145,30,1,0,0
candDIR_L9_64,145,31,1,0,0
candDIR_L9_64,145,32,1,0,0
candDIR_L9_64,145,33,1,0,0
candDIR_L9_64,145,34,1,0,0
candDIR_L9_64,145,35,2,1,0
candDIR_L9_64,145,36,1,0,1
candDIR_L9_64,145,37,2,1,0
candDIR_L9_64,145,38,2,0,0
candDIR_L9_64,145,39,2,0,0
candDIR_L9_64,145,40,2,0,0
candDIR_L9_64,145,41,2,0,0
candDIR_L9_64,145,42,1,0,1
candDIR_L9_64,145,43,2,1,0
candDIR_L9_64,145,44,1,0,1
candDIR_L9_64,145,45,1,0,0
candDIR_L9_64,145,46,1,0,0
candDIR_L9_64,145,47,1,0,0
candDIR_L9_64,145,48,1,0,0
candDIR_L9_64,145,49,2,1,0
candDIR_L9_64,145,50,2,0,0
candDIR_L9_64,145,51,3,1,0
candDIR_L9_64,145,52,5,2,0
candDIR_L9_64,145,53,1,0,4
candDIR_L9_64,145,54,1,0,0
candDIR_L9_64,145,55,1,0,0
candDIR_L9_64,145,56,1,0,0
candDIR_L9_64,145,57,2,1,0
candDIR_L9_64,145,58,1,0,1
candDIR_L9_64,145,59,1,0,0
candDIR_L9_64,145,60,1,0,0
candDIR_L9_64,145,61,2,1,0
candDIR_L9_64,145,62,1,0,1
candDIR_L9_64,145,63,1,0,0
candDIR_L9_64,145,64,2,1,0
candDIR_L9_64,146,1,1,0,0
candDIR_L9_64,146,2,2,1,0
candDIR_L9_64,146,3,2,0,0
candDIR_L9_64,146,4,2,0,0
candDIR_L9_64,146,5,2,0,0
candDIR_L9_64,146,6,2,0,0
candDIR_L9_64,146,7,1,0,1
candDIR_L9_64,146,8,1,0,0
candDIR_L9_64,146,9,1,0,0
candDIR_L9_64,146,10,1,0,0
candDIR_L9_64,146,11,2,1,0
candDIR_L9_64,146,12,2,0,0
candDIR_L9_64,146,13,2,0,0
candDIR_L9_64,146,14,2,0,0
candDIR_L9_64,146,15,2,0,0
candDIR_L9_64,146,16,1,0,1
candDIR_L9_64,146,17,1,0,0
candDIR_L9_64,146,18,1,0,0
candDIR_L9_64,146,19,2,1,0
candDIR_L9_64,146,20,1,0,1
candDIR_L9_64,146,21,1,0,0
candDIR_L9_64,146,22,1,0,0
candDIR_L9_64,146,23,2,1,0
candDIR_L9_64,146,24,2,0,0
candDIR_L9_64,146,25,2,0,0
candDIR_L9_64,146,26,2,0,0
candDIR_L9_64,146,27,2,0,0
candDIR_L9_64,146,28,1,0,1
candDIR_L9_64,146,29,1,0,0
candDIR_L9_64,146,30,2,1,0
candDIR_L9_64,146,31,3,1,0
candDIR_L9_64,146,32,3,0,0
candDIR_L9_64,146,33,3,1,1
candDIR_L9_64,146,34,3,0,0
candDIR_L9_64,146,35,1,0,2
candDIR_L9_64,146,36,1,0,0
candDIR_L9_64,146,37,1,0,0
candDIR_L9_64,146,38,1,0,0
candDIR_L9_64,146,39,1,0,0
candDIR_L9_64,146,40,1,0,0
candDIR_L9_64,146,41,2,1,0
candDIR_L9_64,146,42,2,0,0
candDIR_L9_64,146,43,2,0,0
candDIR_L9_64,146,44,2,0,0
candDIR_L9_64,146,45,2,0,0
candDIR_L9_64,146,46,1,0,1
candDIR_L9_64,146,47,1,0,0
candDIR_L9_64,146,48,1,0,0
candDIR_L9_64,146,49,1,0,0
candDIR_L9_64,146,50,1,0,0
candDIR_L9_64,146,51,2,1,0
candDIR_L9_64,146,52,1,0,1
candDIR_L9_64,146,53,1,0,0
candDIR_L9_64,146,54,1,0,0
candDIR_L9_64,146,55,1,0,0
candDIR_L9_64,146,56,1,0,0
candDIR_L9_64,146,57,2,1,0
candDIR_L9_64,146,58,2,0,0
candDIR_L9_64,146,59,2,0,0
candDIR_L9_64,146,60,2,0,0
candDIR_L9_64,146,61,2,0,0
candDIR_L9_64,146,62,2,0,0
candDIR_L9_64,146,63,2,0,0
candDIR_L9_64,146,64,2,0,0
candDIR_L9_64,147,1,1,0,0
candDIR_L9_64,147,2,2,1,0
candDIR_L9_64,147,3,2,0,0
candDIR_L9_64,147,4,2,0,0
candDIR_L9_64,147,5,2,0,0
candDIR_L9_64,147,6,2,0,0
candDIR_L9_64,147,7,1,0,1
candDIR_L9_64,147,8,1,0,0
candDIR_L9_64,147,9,1,0,0
candDIR_L9_64,147,10,1,0,0
candDIR_L9_64,147,11,4,3,0
candDIR_L9_64,147,12,3,0,1
candDIR_L9_64,147,13,3,0,0
candDIR_L9_64,147,14,3,1,1
candDIR_L9_64,147,15,3,1,1
candDIR_L9_64,147,16,2,0,1
candDIR_L9_64,147,17,1,0,1
candDIR_L9_64,147,18,1,0,0
candDIR_L9_64,147,19,1,0,0
candDIR_L9_64,147,20,1,0,0
candDIR_L9_64,147,21,1,0,0
candDIR_L9_64,147,22,1,0,0
candDIR_L9_64,147,23,1,0,0
candDIR_L9_64,147,24,1,0,0
candDIR_L9_64,147,25,2,1,0
candDIR_L9_64,147,26,2,0,0
candDIR_L9_64,147,27,2,0,0
candDIR_L9_64,147,28,4,2,0
candDIR_L9_64,147,29,1,0,3
candDIR_L9_64,147,30,1,0,0
candDIR_L9_64,147,31,4,3,0
candDIR_L9_64,147,32,4,1,1
candDIR_L9_64,147,33,4,0,0
candDIR_L9_64,147,34,4,0,0
candDIR_L9_64,147,35,3,1,2
candDIR_L9_64,147,36,2,0,1
candDIR_L9_64,147,37,2,0,0
candDIR_L9_64,147,38,2,0,0
candDIR_L9_64,147,39,2,0,0
candDIR_L9_64,147,40,1,0,1
candDIR_L9_64,147,41,1,0,0
candDIR_L9_64,147,42,1,0,0
candDIR_L9_64,147,43,2,1,0
candDIR_L9_64,147,44,2,0,0
candDIR_L9_64,147,45,3,1,0
candDIR_L9_64,147,46,1,0,2
candDIR_L9_64,147,47,1,0,0
candDIR_L9_64,147,48,1,0,0
candDIR_L9_64,147,49,1,0,0
candDIR_L9_64,147,50,1,0,0
candDIR_L9_64,147,51,1,0,0
candDIR_L9_64,147,52,2,1,0
candDIR_L9_64,147,53,2,0,0
candDIR_L9_64,147,54,1,0,1
candDIR_L9_64,147,55,3,2,0
candDIR_L9_64,147,56,1,0,2
candDIR_L9_64,147,57,2,1,0
candDIR_L9_64,147,58,2,0,0
candDIR_L9_64,147,59,1,0,1
candDIR_L9_64,147,60,1,0,0
candDIR_L9_64,147,61,1,0,0
candDIR_L9_64,147,62,1,0,0
candDIR_L9_64,147,63,1,0,0
candDIR_L9_64,147,64,2,1,0
candDIR_L9_64,148,1,1,0,0
candDIR_L9_64,148,2,2,1,0
candDIR_L9_64,148,3,2,0,0
candDIR_L9_64,148,4,2,0,0
candDIR_L9_64,148,5,2,0,0
candDIR_L9_64,148,6,2,0,0
candDIR_L9_64,148,7,1,0,1
candDIR_L9_64,148,8,1,0,0
candDIR_L9_64,148,9,1,0,0
candDIR_L9_64,148,10,1,0,0
candDIR_L9_64,148,11,1,0,0
candDIR_L9_64,148,12,2,1,0
candDIR_L9_64,148,13,2,0,0
candDIR_L9_64,148,14,2,0,0
candDIR_L9_64,148,15,1,0,1
candDIR_L9_64,148,16,2,1,0
candDIR_L9_64,148,17,3,1,0
candDIR_L9_64,148,18,4,1,0
candDIR_L9_64,148,19,1,0,3
candDIR_L9_64,148,20,1,0,0
candDIR_L9_64,148,21,2,1,0
candDIR_L9_64,148,22,1,0,1
candDIR_L9_64,148,23,2,1,0
candDIR_L9_64,148,24,4,2,0
candDIR_L9_64,148,25,3,0,1
candDIR_L9_64,148,26,3,0,0
candDIR_L9_64,148,27,3,0,0
candDIR_L9_64,148,28,1,0,2
candDIR_L9_64,148,29,1,0,0
candDIR_L9_64,148,30,1,0,0
candDIR_L9_64,148,31,1,0,0
candDIR_L9_64,148,32,2,1,0
candDIR_L9_64,148,33,2,0,0
candDIR_L9_64,148,34,2,0,0
candDIR_L9_64,148,35,2,0,0
candDIR_L9_64,148,36,2,0,0
candDIR_L9_64,148,37,2,0,0
candDIR_L9_64,148,38,3,1,0
candDIR_L9_64,148,39,3,0,0
candDIR_L9_64,148,40,2,0,1
candDIR_L9_64,148,41,3,1,0
candDIR_L9_64,148,42,2,0,1
candDIR_L9_64,148,43,1,0,1
candDIR_L9_64,148,44,3,2,0
candDIR_L9_64,148,45,1,0,2
candDIR_L9_64,148,46,1,0,0
candDIR_L9_64,148,47,2,1,0
candDIR_L9_64,148,48,1,0,1
candDIR_L9_64,148,49,1,0,0
candDIR_L9_64,148,50,2,1,0
candDIR_L9_64,148,51,3,1,0
candDIR_L9_64,148,52,4,1,0
candDIR_L9_64,148,53,4,0,0
candDIR_L9_64,148,54,1,0,3
candDIR_L9_64,148,55,1,0,0
candDIR_L9_64,148,56,1,0,0
candDIR_L9_64,148,57,2,1,0
candDIR_L9_64,148,58,2,0,0
candDIR_L9_64,148,59,2,0,0
candDIR_L9_64,148,60,3,1,0
candDIR_L9_64,148,61,1,0,2
candDIR_L9_64,148,62,1,0,0
candDIR_L9_64,148,63,1,0,0
candDIR_L9_64,148,64,1,0,0
candDIR_L9_64,149,1,1,0,0
candDIR_L9_64,149,2,2,1,0
candDIR_L9_64,149,3,2,0,0
candDIR_L9_64,149,4,2,0,0
candDIR_L9_64,149,5,2,0,0
candDIR_L9_64,149,6,2,0,0
candDIR_L9_64,149,7,1,0,1
candDIR_L9_64,149,8,1,0,0
candDIR_L9_64,149,9,1,0,0
candDIR_L9_64,149,10,1,0,0
candDIR_L9_64,149,11,2,1,0
candDIR_L9_64,149,12,2,0,0
candDIR_L9_64,149,13,2,0,0
candDIR_L9_64,149,14,2,0,0
candDIR_L9_64,149,15,2,0,0
candDIR_L9_64,149,16,2,0,0
candDIR_L9_64,149,17,1,0,1
candDIR_L9_64,149,18,1,0,0
candDIR_L9_64,149,19,2,1,0
candDIR_L9_64,149,20,4,2,0
candDIR_L9_64,149,21,4,0,0
candDIR_L9_64,149,22,1,0,3
candDIR_L9_64,149,23,4,3,0
candDIR_L9_64,149,24,1,0,3
candDIR_L9_64,149,25,1,0,0
candDIR_L9_64,149,26,1,0,0
candDIR_L9_64,149,27,1,0,0
candDIR_L9_64,149,28,1,0,0
candDIR_L9_64,149,29,1,0,0
candDIR_L9_64,149,30,1,0,0
candDIR_L9_64,149,31,2,1,0
candDIR_L9_64,149,32,1,0,1
candDIR_L9_64,149,33,1,0,0
candDIR_L9_64,149,34,1,0,0
candDIR_L9_64,149,35,2,1,0
candDIR_L9_64,149,36,2,0,0
candDIR_L9_64,149,37,2,0,0
candDIR_L9_64,149,38,1,0,1
candDIR_L9_64,149,39,1,0,0
candDIR_L9_64,149,40,2,1,0
candDIR_L9_64,149,41,1,0,1
candDIR_L9_64,149,42,2,1,0
candDIR_L9_64,149,43,1,0,1
candDIR_L9_64,149,44,3,2,0
candDIR_L9_64,149,45,3,0,0
candDIR_L9_64,149,46,1,0,2
candDIR_L9_64,149,47,1,0,0
candDIR_L9_64,149,48,1,0,0
candDIR_L9_64,149,49,1,0,0
candDIR_L9_64,149,50,1,0,0
candDIR_L9_64,149,51,2,1,0
candDIR_L9_64,149,52,1,0,1
candDIR_L9_64,149,53,1,0,0
candDIR_L9_64,149,54,2,1,0
candDIR_L9_64,149,55,2,0,0
candDIR_L9_64,149,56,2,0,0
candDIR_L9_64,149,57,3,1,0
candDIR_L9_64,149,58,2,0,1
candDIR_L9_64,149,59,2,0,0
candDIR_L9_64,149,60,2,0,0
candDIR_L9_64,149,61,1,0,1
candDIR_L9_64,149,62,2,1,0
candDIR_L9_64,149,63,2,0,0
candDIR_L9_64,149,64,2,0,0
candDIR_L9_64,150,1,1,0,0
candDIR_L9_64,150,2,2,1,0
candDIR_L9_64,150,3,2,0,0
candDIR_L9_64,150,4,2,0,0
candDIR_L9_64,150,5,2,0,0
candDIR_L9_64,150,6,2,0,0
candDIR_L9_64,150,7,1,0,1
candDIR_L9_64,150,8,1,0,0
candDIR_L9_64,150,9,1,0,0
candDIR_L9_64,150,10,1,0,0
candDIR_L9_64,150,11,1,0,0
candDIR_L9_64,150,12,4,3,0
candDIR_L9_64,150,13,1,0,3
candDIR_L9_64,150,14,4,3,0
candDIR_L9_64,150,15,4,0,0
candDIR_L9_64,150,16,5,1,0
candDIR_L9_64,150,17,5,0,0
candDIR_L9_64,150,18,4,0,1
candDIR_L9_64,150,19,4,0,0
candDIR_L9_64,150,20,4,0,0
candDIR_L9_64,150,21,4,0,0
candDIR_L9_64,150,22,4,0,0
candDIR_L9_64,150,23,4,0,0
candDIR_L9_64,150,24,4,0,0
candDIR_L9_64,150,25,1,0,3
candDIR_L9_64,150,26,5,4,0
candDIR_L9_64,150,27,3,0,2
candDIR_L9_64,150,28,1,0,2
candDIR_L9_64,150,29,1,0,0
candDIR_L9_64,150,30,1,0,0
candDIR_L9_64,150,31,3,2,0
candDIR_L9_64,150,32,3,0,0
candDIR_L9_64,150,33,1,0,2
candDIR_L9_64,150,34,1,0,0
candDIR_L9_64,150,35,4,3,0
candDIR_L9_64,150,36,1,0,3
candDIR_L9_64,150,37,3,2,0
candDIR_L9_64,150,38,3,0,0
candDIR_L9_64,150,39,3,0,0
candDIR_L9_64,150,40,4,1,0
candDIR_L9_64,150,41,4,0,0
candDIR_L9_64,150,42,4,0,0
candDIR_L9_64,150,43,3,1,2
candDIR_L9_64,150,44,3,0,0
candDIR_L9_64,150,45,3,0,0
candDIR_L9_64,150,46,2,0,1
candDIR_L9_64,150,47,2,0,0
candDIR_L9_64,150,48,1,0,1
candDIR_L9_64,150,49,1,0,0
candDIR_L9_64,150,50,1,0,0
candDIR_L9_64,150,51,1,0,0
candDIR_L9_64,150,52,1,0,0
candDIR_L9_64,150,53,1,0,0
candDIR_L9_64,150,54,1,0,0
candDIR_L9_64,150,55,1,0,0
candDIR_L9_64,150,56,1,0,0
candDIR_L9_64,150,57,2,1,0
candDIR_L9_64,150,58,2,0,0
candDIR_L9_64,150,59,3,1,0
candDIR_L9_64,150,60,3,0,0
candDIR_L9_64,150,61,3,0,0
candDIR_L9_64,150,62,4,1,0
candDIR_L9_64,150,63,5,1,0
candDIR_L9_64,150,64,5,0,0
candDIR_L9_64,151,1,1,0,0
candDIR_L9_64,151,2,2,1,0
candDIR_L9_64,151,3,2,0,0
candDIR_L9_64,151,4,2,0,0
candDIR_L9_64,151,5,2,0,0
candDIR_L9_64,151,6,2,0,0
candDIR_L9_64,151,7,1,0,1
candDIR_L9_64,151,8,1,0,0
candDIR_L9_64,151,9,1,0,0
candDIR_L9_64,151,10,1,0,0
candDIR_L9_64,151,11,1,0,0
candDIR_L9_64,151,12,1,0,0
candDIR_L9_64,151,13,1,0,0
candDIR_L9_64,151,14,1,0,0
candDIR_L9_64,151,15,1,0,0
candDIR_L9_64,151,16,1,0,0
candDIR_L9_64,151,17,1,0,0
candDIR_L9_64,151,18,1,0,0
candDIR_L9_64,151,19,1,0,0
candDIR_L9_64,151,20,1,0,0
candDIR_L9_64,151,21,1,0,0
candDIR_L9_64,151,22,1,0,0
candDIR_L9_64,151,23,1,0,0
candDIR_L9_64,151,24,1,0,0
candDIR_L9_64,151,25,1,0,0
candDIR_L9_64,151,26,1,0,0
candDIR_L9_64,151,27,2,1,0
candDIR_L9_64,151,28,1,0,1
candDIR_L9_64,151,29,1,0,0
candDIR_L9_64,151,30,1,0,0
candDIR_L9_64,151,31,2,1,0
candDIR_L9_64,151,32,3,1,0
candDIR_L9_64,151,33,1,0,2
candDIR_L9_64,151,34,1,0,0
candDIR_L9_64,151,35,1,0,0
candDIR_L9_64,151,36,1,0,0
candDIR_L9_64,151,37,2,1,0
candDIR_L9_64,151,38,2,0,0
candDIR_L9_64,151,39,2,0,0
candDIR_L9_64,151,40,2,0,0
candDIR_L9_64,151,41,2,0,0
candDIR_L9_64,151,42,2,0,0
candDIR_L9_64,151,43,1,0,1
candDIR_L9_64,151,44,1,0,0
candDIR_L9_64,151,45,1,0,0
candDIR_L9_64,151,46,2,1,0
candDIR_L9_64,151,47,2,0,0
candDIR_L9_64,151,48,3,1,0
candDIR_L9_64,151,49,3,1,1
candDIR_L9_64,151,50,3,0,0
candDIR_L9_64,151,51,5,2,0
candDIR_L9_64,151,52,4,0,1
candDIR_L9_64,151,53,4,0,0
candDIR_L9_64,151,54,3,0,1
candDIR_L9_64,151,55,5,2,0
candDIR_L9_64,151,56,5,1,1
candDIR_L9_64,151,57,3,1,3
candDIR_L9_64,151,58,2,0,1
candDIR_L9_64,151,59,1,0,1
candDIR_L9_64,151,60,1,0,0
candDIR_L9_64,151,61,1,0,0
candDIR_L9_64,151,62,1,0,0
candDIR_L9_64,151,63,1,0,0
candDIR_L9_64,151,64,1,0,0
candDIR_L9_64,152,1,1,0,0
candDIR_L9_64,152,2,2,1,0
candDIR_L9_64,152,3,2,0,0
candDIR_L9_64,152,4,2,0,0
candDIR_L9_64,152,5,2,0,0
candDIR_L9_64,152,6,2,0,0
candDIR_L9_64,152,7,1,0,1
candDIR_L9_64,152,8,1,0,0
candDIR_L9_64,152,9,1,0,0
candDIR_L9_64,152,10,1,0,0
candDIR_L9_64,152,11,1,0,0
candDIR_L9_64,152,12,2,1,0
candDIR_L9_64,152,13,1,0,1
candDIR_L9_64,152,14,2,1,0
candDIR_L9_64,152,15,2,0,0
candDIR_L9_64,152,16,1,0,1
candDIR_L9_64,152,17,1,0,0
candDIR_L9_64,152,18,1,0,0
candDIR_L9_64,152,19,1,0,0
candDIR_L9_64,152,20,1,0,0
candDIR_L9_64,152,21,1,0,0
candDIR_L9_64,152,22,1,0,0
candDIR_L9_64,152,23,1,0,0
candDIR_L9_64,152,24,1,0,0
candDIR_L9_64,152,25,1,0,0
candDIR_L9_64,152,26,1,0,0
candDIR_L9_64,152,27,2,1,0
candDIR_L9_64,152,28,2,0,0
candDIR_L9_64,152,29,2,0,0
candDIR_L9_64,152,30,1,0,1
candDIR_L9_64,152,31,3,2,0
candDIR_L9_64,152,32,1,0,2
candDIR_L9_64,152,33,1,0,0
candDIR_L9_64,152,34,1,0,0
candDIR_L9_64,152,35,1,0,0
candDIR_L9_64,152,36,2,1,0
candDIR_L9_64,152,37,2,0,0
candDIR_L9_64,152,38,2,0,0
candDIR_L9_64,152,39,2,0,0
candDIR_L9_64,152,40,2,0,0
candDIR_L9_64,152,41,2,0,0
candDIR_L9_64,152,42,2,0,0
candDIR_L9_64,152,43,2,0,0
candDIR_L9_64,152,44,1,0,1
candDIR_L9_64,152,45,1,0,0
candDIR_L9_64,152,46,3,2,0
candDIR_L9_64,152,47,3,0,0
candDIR_L9_64,152,48,1,0,2
candDIR_L9_64,152,49,2,1,0
candDIR_L9_64,152,50,2,0,0
candDIR_L9_64,152,51,1,0,1
candDIR_L9_64,152,52,2,1,0
candDIR_L9_64,152,53,2,0,0
candDIR_L9_64,152,54,2,0,0
candDIR_L9_64,152,55,1,0,1
candDIR_L9_64,152,56,2,1,0
candDIR_L9_64,152,57,1,0,1
candDIR_L9_64,152,58,2,1,0
candDIR_L9_64,152,59,1,0,1
candDIR_L9_64,152,60,2,1,0
candDIR_L9_64,152,61,2,0,0
candDIR_L9_64,152,62,1,0,1
candDIR_L9_64,152,63,1,0,0
candDIR_L9_64,152,64,1,0,0
candDIR_L9_64,153,1,1,0,0
candDIR_L9_64,153,2,2,1,0
candDIR_L9_64,153,3,2,0,0
candDIR_L9_64,153,4,2,0,0
candDIR_L9_64,153,5,2,0,0
candDIR_L9_64,153,6,2,0,0
candDIR_L9_64,153,7,1,0,1
candDIR_L9_64,153,8,1,0,0
candDIR_L9_64,153,9,1,0,0
candDIR_L9_64,153,10,1,0,0
candDIR_L9_64,153,11,1,0,0
candDIR_L9_64,153,12,1,0,0
candDIR_L9_64,153,13,1,0,0
candDIR_L9_64,153,14,3,2,0
candDIR_L9_64,153,15,1,0,2
candDIR_L9_64,153,16,4,3,0
candDIR_L9_64,153,17,1,0,3
candDIR_L9_64,153,18,4,3,0
candDIR_L9_64,153,19,4,1,1
candDIR_L9_64,153,20,3,0,1
candDIR_L9_64,153,21,3,0,0
candDIR_L9_64,153,22,1,0,2
candDIR_L9_64,153,23,2,1,0
candDIR_L9_64,153,24,3,1,0
candDIR_L9_64,153,25,2,0,1
candDIR_L9_64,153,26,2,0,0
candDIR_L9_64,153,27,3,1,0
candDIR_L9_64,153,28,3,0,0
candDIR_L9_64,153,29,3,0,0
candDIR_L9_64,153,30,3,0,0
candDIR_L9_64,153,31,1,0,2
candDIR_L9_64,153,32,1,0,0
candDIR_L9_64,153,33,1,0,0
candDIR_L9_64,153,34,1,0,0
candDIR_L9_64,153,35,1,0,0
candDIR_L9_64,153,36,1,0,0
candDIR_L9_64,153,37,1,0,0
candDIR_L9_64,153,38,1,0,0
candDIR_L9_64,153,39,1,0,0
candDIR_L9_64,153,40,2,1,0
candDIR_L9_64,153,41,2,0,0
candDIR_L9_64,153,42,2,0,0
candDIR_L9_64,153,43,2,0,0
candDIR_L9_64,153,44,1,0,1
candDIR_L9_64,153,45,1,0,0
candDIR_L9_64,153,46,2,1,0
candDIR_L9_64,153,47,2,0,0
candDIR_L9_64,153,48,1,0,1
candDIR_L9_64,153,49,1,0,0
candDIR_L9_64,153,50,2,1,0
candDIR_L9_64,153,51,3,1,0
candDIR_L9_64,153,52,3,0,0
candDIR_L9_64,153,53,3,0,0
candDIR_L9_64,153,54,2,0,1
candDIR_L9_64,153,55,1,0,1
candDIR_L9_64,153,56,1,0,0
candDIR_L9_64,153,57,2,1,0
candDIR_L9_64,153,58,3,1,0
candDIR_L9_64,153,59,3,0,0
candDIR_L9_64,153,60,3,0,0
candDIR_L9_64,153,61,1,0,2
candDIR_L9_64,153,62,2,1,0
candDIR_L9_64,153,63,3,1,0
candDIR_L9_64,153,64,1,0,2
candDIR_L9_64,154,1,1,0,0
candDIR_L9_64,154,2,2,1,0
candDIR_L9_64,154,3,2,0,0
candDIR_L9_64,154,4,2,0,0
candDIR_L9_64,154,5,2,0,0
candDIR_L9_64,154,6,2,0,0
candDIR_L9_64,154,7,1,0,1
candDIR_L9_64,154,8,3,2,0
candDIR_L9_64,154,9,3,0,0
candDIR_L9_64,154,10,3,0,0
candDIR_L9_64,154,11,3,0,0
candDIR_L9_64,154,12,3,0,0
candDIR_L9_64,154,13,3,0,0
candDIR_L9_64,154,14,3,0,0
candDIR_L9_64,154,15,1,0,2
candDIR_L9_64,154,16,1,0,0
candDIR_L9_64,154,17,1,0,0
candDIR_L9_64,154,18,1,0,0
candDIR_L9_64,154,19,1,0,0
candDIR_L9_64,154,20,1,0,0
candDIR_L9_64,154,21,1,0,0
candDIR_L9_64,154,22,1,0,0
candDIR_L9_64,154,23,2,1,0
candDIR_L9_64,154,24,1,0,1
candDIR_L9_64,154,25,3,2,0
candDIR_L9_64,154,26,2,0,1
candDIR_L9_64,154,27,2,0,0
candDIR_L9_64,154,28,2,0,0
candDIR_L9_64,154,29,2,0,0
candDIR_L9_64,154,30,2,0,0
candDIR_L9_64,154,31,2,0,0
candDIR_L9_64,154,32,1,0,1
candDIR_L9_64,154,33,1,0,0
candDIR_L9_64,154,34,1,0,0
candDIR_L9_64,154,35,1,0,0
candDIR_L9_64,154,36,1,0,0
candDIR_L9_64,154,37,1,0,0
candDIR_L9_64,154,38,1,0,0
candDIR_L9_64,154,39,1,0,0
candDIR_L9_64,154,40,2,1,0
candDIR_L9_64,154,41,3,1,0
candDIR_L9_64,154,42,3,0,0
candDIR_L9_64,154,43,2,0,1
candDIR_L9_64,154,44,3,1,0
candDIR_L9_64,154,45,1,0,2
candDIR_L9_64,154,46,3,2,0
candDIR_L9_64,154,47,2,0,1
candDIR_L9_64,154,48,3,1,0
candDIR_L9_64,154,49,3,0,0
candDIR_L9_64,154,50,2,0,1
candDIR_L9_64,154,51,1,0,1
candDIR_L9_64,154,52,1,0,0
candDIR_L9_64,154,53,1,0,0
candDIR_L9_64,154,54,2,1,0
candDIR_L9_64,154,55,2,0,0
candDIR_L9_64,154,56,2,0,0
candDIR_L9_64,154,57,1,0,1
candDIR_L9_64,154,58,1,0,0
candDIR_L9_64,154,59,1,0,0
candDIR_L9_64,154,60,1,0,0
candDIR_L9_64,154,61,2,1,0
candDIR_L9_64,154,62,3,1,0
candDIR_L9_64,154,63,3,0,0
candDIR_L9_64,154,64,1,0,2
candDIR_L9_64,155,1,1,0,0
candDIR_L9_64,155,2,2,1,0
candDIR_L9_64,155,3,2,0,0
candDIR_L9_64,155,4,2,0,0
candDIR_L9_64,155,5,2,0,0
candDIR_L9_64,155,6,2,0,0
candDIR_L9_64,155,7,1,0,1
candDIR_L9_64,155,8,1,0,0
candDIR_L9_64,155,9,1,0,0
candDIR_L9_64,155,10,1,0,0
candDIR_L9_64,155,11,1,0,0
candDIR_L9_64,155,12,1,0,0
candDIR_L9_64,155,13,1,0,0
candDIR_L9_64,155,14,1,0,0
candDIR_L9_64,155,15,2,1,0
candDIR_L9_64,155,16,2,0,0
candDIR_L9_64,155,17,1,0,1
candDIR_L9_64,155,18,2,1,0
candDIR_L9_64,155,19,1,0,1
candDIR_L9_64,155,20,2,1,0
candDIR_L9_64,155,21,2,0,0
candDIR_L9_64,155,22,2,0,0
candDIR_L9_64,155,23,2,0,0
candDIR_L9_64,155,24,1,0,1
candDIR_L9_64,155,25,1,0,0
candDIR_L9_64,155,26,2,1,0
candDIR_L9_64,155,27,2,0,0
candDIR_L9_64,155,28,2,0,0
candDIR_L9_64,155,29,2,0,0
candDIR_L9_64,155,30,2,0,0
candDIR_L9_64,155,31,2,0,0
candDIR_L9_64,155,32,2,0,0
candDIR_L9_64,155,33,1,0,1
candDIR_L9_64,155,34,1,0,0
candDIR_L9_64,155,35,1,0,0
candDIR_L9_64,155,36,1,0,0
candDIR_L9_64,155,37,3,2,0
candDIR_L9_64,155,38,3,0,0
candDIR_L9_64,155,39,3,0,0
candDIR_L9_64,155,40,3,0,0
candDIR_L9_64,155,41,1,0,2
candDIR_L9_64,155,42,1,0,0
candDIR_L9_64,155,43,2,1,0
candDIR_L9_64,155,44,1,0,1
candDIR_L9_64,155,45,1,0,0
candDIR_L9_64,155,46,1,0,0
candDIR_L9_64,155,47,2,1,0
candDIR_L9_64,155,48,1,0,1
candDIR_L9_64,155,49,1,0,0
candDIR_L9_64,155,50,2,1,0
candDIR_L9_64,155,51,1,0,1
candDIR_L9_64,155,52,2,1,0
candDIR_L9_64,155,53,2,0,0
candDIR_L9_64,155,54,2,0,0
candDIR_L9_64,155,55,2,0,0
candDIR_L9_64,155,56,2,0,0
candDIR_L9_64,155,57,2,0,0
candDIR_L9_64,155,58,2,0,0
candDIR_L9_64,155,59,2,0,0
candDIR_L9_64,155,60,2,0,0
candDIR_L9_64,155,61,2,0,0
candDIR_L9_64,155,62,1,0,1
candDIR_L9_64,155,63,1,0,0
candDIR_L9_64,155,64,1,0,0
candDIR_L9_64,156,1,1,0,0
candDIR_L9_64,156,2,2,1,0
candDIR_L9_64,156,3,2,0,0
candDIR_L9_64,156,4,2,0,0
candDIR_L9_64,156,5,2,0,0
candDIR_L9_64,156,6,2,0,0
candDIR_L9_64,156,7,4,2,0
candDIR_L9_64,156,8,1,0,3
candDIR_L9_64,156,9,1,0,0
candDIR_L9_64,156,10,1,0,0
candDIR_L9_64,156,11,1,0,0
candDIR_L9_64,156,12,2,1,0
candDIR_L9_64,156,13,3,1,0
candDIR_L9_64,156,14,1,0,2
candDIR_L9_64,156,15,1,0,0
candDIR_L9_64,156,16,3,2,0
candDIR_L9_64,156,17,1,0,2
candDIR_L9_64,156,18,1,0,0
candDIR_L9_64,156,19,1,0,0
candDIR_L9_64,156,20,1,0,0
candDIR_L9_64,156,21,1,0,0
candDIR_L9_64,156,22,3,2,0
candDIR_L9_64,156,23,3,0,0
candDIR_L9_64,156,24,3,0,0
candDIR_L9_64,156,25,1,0,2
candDIR_L9_64,156,26,4,3,0
candDIR_L9_64,156,27,4,0,0
candDIR_L9_64,156,28,4,1,1
candDIR_L9_64,156,29,4,0,0
candDIR_L9_64,156,30,4,1,1
candDIR_L9_64,156,31,1,0,3
candDIR_L9_64,156,32,1,0,0
candDIR_L9_64,156,33,1,0,0
candDIR_L9_64,156,34,1,0,0
candDIR_L9_64,156,35,1,0,0
candDIR_L9_64,156,36,1,0,0
candDIR_L9_64,156,37,2,1,0
candDIR_L9_64,156,38,2,0,0
candDIR_L9_64,156,39,4,2,0
candDIR_L9_64,156,40,4,1,1
candDIR_L9_64,156,41,5,1,0
candDIR_L9_64,156,42,5,0,0
candDIR_L9_64,156,43,4,0,1
candDIR_L9_64,156,44,1,0,3
candDIR_L9_64,156,45,1,0,0
candDIR_L9_64,156,46,1,0,0
candDIR_L9_64,156,47,3,2,0
candDIR_L9_64,156,48,3,0,0
candDIR_L9_64,156,49,3,0,0
candDIR_L9_64,156,50,2,0,1
candDIR_L9_64,156,51,3,1,0
candDIR_L9_64,156,52,2,0,1
candDIR_L9_64,156,53,3,1,0
candDIR_L9_64,156,54,4,1,0
candDIR_L9_64,156,55,4,0,0
candDIR_L9_64,156,56,3,0,1
candDIR_L9_64,156,57,3,1,1
candDIR_L9_64,156,58,1,0,2
candDIR_L9_64,156,59,1,0,0
candDIR_L9_64,156,60,3,2,0
candDIR_L9_64,156,61,1,0,2
candDIR_L9_64,156,62,1,0,0
candDIR_L9_64,156,63,2,1,0
candDIR_L9_64,156,64,3,1,0
candDIR_L9_64,157,1,1,0,0
candDIR_L9_64,157,2,2,1,0
candDIR_L9_64,157,3,2,0,0
candDIR_L9_64,157,4,2,0,0
candDIR_L9_64,157,5,2,0,0
candDIR_L9_64,157,6,2,0,0
candDIR_L9_64,157,7,1,0,1
candDIR_L9_64,157,8,3,2,0
candDIR_L9_64,157,9,3,0,0
candDIR_L9_64,157,10,3,0,0
candDIR_L9_64,157,11,3,0,0
candDIR_L9_64,157,12,3,0,0
candDIR_L9_64,157,13,1,0,2
candDIR_L9_64,157,14,1,0,0
candDIR_L9_64,157,15,1,0,0
candDIR_L9_64,157,16,1,0,0
candDIR_L9_64,157,17,1,0,0
candDIR_L9_64,157,18,1,0,0
candDIR_L9_64,157,19,1,0,0
candDIR_L9_64,157,20,2,1,0
candDIR_L9_64,157,21,1,0,1
candDIR_L9_64,157,22,3,2,0
candDIR_L9_64,157,23,3,1,1
candDIR_L9_64,157,24,3,0,0
candDIR_L9_64,157,25,1,0,2
candDIR_L9_64,157,26,1,0,0
candDIR_L9_64,157,27,1,0,0
candDIR_L9_64,157,28,1,0,0
candDIR_L9_64,157,29,1,0,0
candDIR_L9_64,157,30,3,2,0
candDIR_L9_64,157,31,3,0,0
candDIR_L9_64,157,32,4,1,0
candDIR_L9_64,157,33,3,0,1
candDIR_L9_64,157,34,1,0,2
candDIR_L9_64,157,35,1,0,0
candDIR_L9_64,157,36,1,0,0
candDIR_L9_64,157,37,1,0,0
candDIR_L9_64,157,38,1,0,0
candDIR_L9_64,157,39,2,1,0
candDIR_L9_64,157,40,1,0,1
candDIR_L9_64,157,41,1,0,0
candDIR_L9_64,157,42,1,0,0
candDIR_L9_64,157,43,2,1,0
candDIR_L9_64,157,44,1,0,1
candDIR_L9_64,157,45,1,0,0
candDIR_L9_64,157,46,1,0,0
candDIR_L9_64,157,47,1,0,0
candDIR_L9_64,157,48,1,0,0
candDIR_L9_64,157,49,1,0,0
candDIR_L9_64,157,50,2,1,0
candDIR_L9_64,157,51,1,0,1
candDIR_L9_64,157,52,2,1,0
candDIR_L9_64,157,53,1,0,1
candDIR_L9_64,157,54,1,0,0
candDIR_L9_64,157,55,1,0,0
candDIR_L9_64,157,56,2,1,0
candDIR_L9_64,157,57,2,0,0
candDIR_L9_64,157,58,2,0,0
candDIR_L9_64,157,59,2,0,0
candDIR_L9_64,157,60,2,0,0
candDIR_L9_64,157,61,2,0,0
candDIR_L9_64,157,62,3,1,0
candDIR_L9_64,157,63,1,0,2
candDIR_L9_64,157,64,1,0,0
candDIR_L9_64,158,1,1,0,0
candDIR_L9_64,158,2,2,1,0
candDIR_L9_64,158,3,2,0,0
candDIR_L9_64,158,4,2,0,0
candDIR_L9_64,158,5,2,0,0
candDIR_L9_64,158,6,2,0,0
candDIR_L9_64,158,7,1,0,1
candDIR_L9_64,158,8,1,0,0
candDIR_L9_64,158,9,1,0,0
candDIR_L9_64,158,10,1,0,0
candDIR_L9_64,158,11,1,0,0
candDIR_L9_64,158,12,1,0,0
candDIR_L9_64,158,13,1,0,0
candDIR_L9_64,158,14,1,0,0
candDIR_L9_64,158,15,1,0,0
candDIR_L9_64,158,16,1,0,0
candDIR_L9_64,158,17,1,0,0
candDIR_L9_64,158,18,1,0,0
candDIR_L9_64,158,19,2,1,0
candDIR_L9_64,158,20,2,0,0
candDIR_L9_64,158,21,1,0,1
candDIR_L9_64,158,22,1,0,0
candDIR_L9_64,158,23,2,1,0
candDIR_L9_64,158,24,2,0,0
candDIR_L9_64,158,25,2,0,0
candDIR_L9_64,158,26,2,0,0
candDIR_L9_64,158,27,2,0,0
candDIR_L9_64,158,28,2,0,0
candDIR_L9_64,158,29,3,1,0
candDIR_L9_64,158,30,1,0,2
candDIR_L9_64,158,31,3,2,0
candDIR_L9_64,158,32,1,0,2
candDIR_L9_64,158,33,2,1,0
candDIR_L9_64,158,34,1,0,1
candDIR_L9_64,158,35,1,0,0
candDIR_L9_64,158,36,2,1,0
candDIR_L9_64,158,37,1,0,1
candDIR_L9_64,158,38,1,0,0
candDIR_L9_64,158,39,2,1,0
candDIR_L9_64,158,40,2,0,0
candDIR_L9_64,158,41,1,0,1
candDIR_L9_64,158,42,1,0,0
candDIR_L9_64,158,43,1,0,0
candDIR_L9_64,158,44,1,0,0
candDIR_L9_64,158,45,1,0,0
candDIR_L9_64,158,46,1,0,0
candDIR_L9_64,158,47,2,1,0
candDIR_L9_64,158,48,2,0,0
candDIR_L9_64,158,49,2,0,0
candDIR_L9_64,158,50,2,0,0
candDIR_L9_64,158,51,2,0,0
candDIR_L9_64,158,52,2,0,0
candDIR_L9_64,158,53,1,0,1
candDIR_L9_64,158,54,2,1,0
candDIR_L9_64,158,55,2,0,0
candDIR_L9_64,158,56,2,0,0
candDIR_L9_64,158,57,2,0,0
candDIR_L9_64,158,58,2,0,0
candDIR_L9_64,158,59,2,0,0
candDIR_L9_64,158,60,2,0,0
candDIR_L9_64,158,61,2,0,0
candDIR_L9_64,158,62,1,0,1
candDIR_L9_64,158,63,1,0,0
candDIR_L9_64,158,64,2,1,0
candDIR_L9_64,159,1,1,0,0
candDIR_L9_64,159,2,2,1,0
candDIR_L9_64,159,3,2,0,0
candDIR_L9_64,159,4,2,0,0
candDIR_L9_64,159,5,2,0,0
candDIR_L9_64,159,6,2,0,0
candDIR_L9_64,159,7,1,0,1
candDIR_L9_64,159,8,1,0,0
candDIR_L9_64,159,9,1,0,0
candDIR_L9_64,159,10,1,0,0
candDIR_L9_64,159,11,2,1,0
candDIR_L9_64,159,12,2,0,0
candDIR_L9_64,159,13,1,0,1
candDIR_L9_64,159,14,2,1,0
candDIR_L9_64,159,15,1,0,1
candDIR_L9_64,159,16,1,0,0
candDIR_L9_64,159,17,2,1,0
candDIR_L9_64,159,18,1,0,1
candDIR_L9_64,159,19,1,0,0
candDIR_L9_64,159,20,1,0,0
candDIR_L9_64,159,21,1,0,0
candDIR_L9_64,159,22,1,0,0
candDIR_L9_64,159,23,1,0,0
candDIR_L9_64,159,24,2,1,0
candDIR_L9_64,159,25,2,0,0
candDIR_L9_64,159,26,1,0,1
candDIR_L9_64,159,27,1,0,0
candDIR_L9_64,159,28,1,0,0
candDIR_L9_64,159,29,1,0,0
candDIR_L9_64,159,30,1,0,0
candDIR_L9_64,159,31,1,0,0
candDIR_L9_64,159,32,1,0,0
candDIR_L9_64,159,33,2,1,0
candDIR_L9_64,159,34,1,0,1
candDIR_L9_64,159,35,1,0,0
candDIR_L9_64,159,36,2,1,0
candDIR_L9_64,159,37,2,0,0
candDIR_L9_64,159,38,2,0,0
candDIR_L9_64,159,39,1,0,1
candDIR_L9_64,159,40,3,2,0
candDIR_L9_64,159,41,3,0,0
candDIR_L9_64,159,42,3,0,0
candDIR_L9_64,159,43,3,0,0
candDIR_L9_64,159,44,2,0,1
candDIR_L9_64,159,45,1,0,1
candDIR_L9_64,159,46,1,0,0
candDIR_L9_64,159,47,1,0,0
candDIR_L9_64,159,48,2,1,0
candDIR_L9_64,159,49,3,1,0
candDIR_L9_64,159,50,2,0,1
candDIR_L9_64,159,51,2,0,0
candDIR_L9_64,159,52,3,1,0
candDIR_L9_64,159,53,3,0,0
candDIR_L9_64,159,54,1,0,2
candDIR_L9_64,159,55,1,0,0
candDIR_L9_64,159,56,1,0,0
candDIR_L9_64,159,57,1,0,0
candDIR_L9_64,159,58,1,0,0
candDIR_L9_64,159,59,1,0,0
candDIR_L9_64,159,60,2,1,0
candDIR_L9_64,159,61,2,0,0
candDIR_L9_64,159,62,3,1,0
candDIR_L9_64,159,63,1,0,2
candDIR_L9_64,159,64,1,0,0
candDIR_L9_64,160,1,1,0,0
candDIR_L9_64,160,2,2,1,0
candDIR_L9_64,160,3,2,0,0
candDIR_L9_64,160,4,2,0,0
candDIR_L9_64,160,5,2,0,0
candDIR_L9_64,160,6,2,0,0
candDIR_L9_64,160,7,3,1,0
candDIR_L9_64,160,8,1,0,2
candDIR_L9_64,160,9,1,0,0
candDIR_L9_64,160,10,1,0,0
candDIR_L9_64,160,11,1,0,0
candDIR_L9_64,160,12,1,0,0
candDIR_L9_64,160,13,1,0,0
candDIR_L9_64,160,14,2,1,0
candDIR_L9_64,160,15,3,1,0
candDIR_L9_64,160,16,2,0,1
candDIR_L9_64,160,17,2,0,0
candDIR_L9_64,160,18,2,0,0
candDIR_L9_64,160,19,1,0,1
candDIR_L9_64,160,20,1,0,0
candDIR_L9_64,160,21,1,0,0
candDIR_L9_64,160,22,1,0,0
candDIR_L9_64,160,23,1,0,0
candDIR_L9_64,160,24,1,0,0
candDIR_L9_64,160,25,1,0,0
candDIR_L9_64,160,26,1,0,0
candDIR_L9_64,160,27,2,1,0
candDIR_L9_64,160,28,3,1,0
candDIR_L9_64,160,29,4,1,0
candDIR_L9_64,160,30,1,0,3
candDIR_L9_64,160,31,2,1,0
candDIR_L9_64,160,32,1,0,1
candDIR_L9_64,160,33,4,3,0
candDIR_L9_64,160,34,1,0,3
candDIR_L9_64,160,35,1,0,0
candDIR_L9_64,160,36,3,2,0
candDIR_L9_64,160,37,4,1,0
candDIR_L9_64,160,38,3,0,1
candDIR_L9_64,160,39,1,0,2
candDIR_L9_64,160,40,1,0,0
candDIR_L9_64,160,41,1,0,0
candDIR_L9_64,160,42,1,0,0
candDIR_L9_64,160,43,1,0,0
candDIR_L9_64,160,44,3,2,0
candDIR_L9_64,160,45,1,0,2
candDIR_L9_64,160,46,1,0,0
candDIR_L9_64,160,47,3,2,0
candDIR_L9_64,160,48,4,1,0
candDIR_L9_64,160,49,1,0,3
candDIR_L9_64,160,50,3,2,0
candDIR_L9_64,160,51,3,0,0
candDIR_L9_64,160,52,1,0,2
candDIR_L9_64,160,53,1,0,0
candDIR_L9_64,160,54,3,2,0
candDIR_L9_64,160,55,2,0,1
candDIR_L9_64,160,56,3,1,0
candDIR_L9_64,160,57,2,0,1
candDIR_L9_64,160,58,3,1,0
candDIR_L9_64,160,59,1,0,2
candDIR_L9_64,160,60,1,0,0
candDIR_L9_64,160,61,1,0,0
candDIR_L9_64,160,62,1,0,0
candDIR_L9_64,160,63,2,1,0
candDIR_L9_64,160,64,2,0,0
candDIR_L9_64,161,1,1,0,0
candDIR_L9_64,161,2,2,1,0
candDIR_L9_64,161,3,2,0,0
candDIR_L9_64,161,4,2,0,0
candDIR_L9_64,161,5,2,0,0
candDIR_L9_64,161,6,2,0,0
candDIR_L9_64,161,7,1,0,1
candDIR_L9_64,161,8,1,0,0
candDIR_L9_64,161,9,1,0,0
candDIR_L9_64,161,10,1,0,0
candDIR_L9_64,161,11,1,0,0
candDIR_L9_64,161,12,2,1,0
candDIR_L9_64,161,13,2,0,0
candDIR_L9_64,161,14,2,0,0
candDIR_L9_64,161,15,1,0,1
candDIR_L9_64,161,16,2,1,0
candDIR_L9_64,161,17,1,0,1
candDIR_L9_64,161,18,1,0,0
candDIR_L9_64,161,19,1,0,0
candDIR_L9_64,161,20,2,1,0
candDIR_L9_64,161,21,1,0,1
candDIR_L9_64,161,22,1,0,0
candDIR_L9_64,161,23,1,0,0
candDIR_L9_64,161,24,1,0,0
candDIR_L9_64,161,25,1,0,0
candDIR_L9_64,161,26,1,0,0
candDIR_L9_64,161,27,2,1,0
candDIR_L9_64,161,28,1,0,1
candDIR_L9_64,161,29,1,0,0
candDIR_L9_64,161,30,1,0,0
candDIR_L9_64,161,31,2,1,0
candDIR_L9_64,161,32,1,0,1
candDIR_L9_64,161,33,1,0,0
candDIR_L9_64,161,34,1,0,0
candDIR_L9_64,161,35,1,0,0
candDIR_L9_64,161,36,2,1,0
candDIR_L9_64,161,37,1,0,1
candDIR_L9_64,161,38,2,1,0
candDIR_L9_64,161,39,1,0,1
candDIR_L9_64,161,40,1,0,0
candDIR_L9_64,161,41,1,0,0
candDIR_L9_64,161,42,1,0,0
candDIR_L9_64,161,43,1,0,0
candDIR_L9_64,161,44,1,0,0
candDIR_L9_64,161,45,1,0,0
candDIR_L9_64,161,46,1,0,0
candDIR_L9_64,161,47,1,0,0
candDIR_L9_64,161,48,1,0,0
candDIR_L9_64,161,49,1,0,0
candDIR_L9_64,161,50,1,0,0
candDIR_L9_64,161,51,1,0,0
candDIR_L9_64,161,52,1,0,0
candDIR_L9_64,161,53,1,0,0
candDIR_L9_64,161,54,1,0,0
candDIR_L9_64,161,55,2,1,0
candDIR_L9_64,161,56,2,0,0
candDIR_L9_64,161,57,2,0,0
candDIR_L9_64,161,58,2,0,0
candDIR_L9_64,161,59,2,0,0
candDIR_L9_64,161,60,2,0,0
candDIR_L9_64,161,61,2,0,0
candDIR_L9_64,161,62,2,0,0
candDIR_L9_64,161,63,1,0,1
candDIR_L9_64,161,64,2,1,0
candDIR_L9_64,162,1,1,0,0
candDIR_L9_64,162,2,2,1,0
candDIR_L9_64,162,3,2,0,0
candDIR_L9_64,162,4,2,0,0
candDIR_L9_64,162,5,2,0,0
candDIR_L9_64,162,6,2,0,0
candDIR_L9_64,162,7,4,2,0
candDIR_L9_64,162,8,1,0,3
candDIR_L9_64,162,9,1,0,0
candDIR_L9_64,162,10,1,0,0
candDIR_L9_64,162,11,3,2,0
candDIR_L9_64,162,12,3,0,0
candDIR_L9_64,162,13,1,0,2
candDIR_L9_64,162,14,4,3,0
candDIR_L9_64,162,15,3,0,1
candDIR_L9_64,162,16,3,0,0
candDIR_L9_64,162,17,1,0,2
candDIR_L9_64,162,18,1,0,0
candDIR_L9_64,162,19,1,0,0
candDIR_L9_64,162,20,3,2,0
candDIR_L9_64,162,21,1,0,2
candDIR_L9_64,162,22,1,0,0
candDIR_L9_64,162,23,1,0,0
candDIR_L9_64,162,24,1,0,0
candDIR_L9_64,162,25,2,1,0
candDIR_L9_64,162,26,2,0,0
candDIR_L9_64,162,27,2,0,0
candDIR_L9_64,162,28,2,0,0
candDIR_L9_64,162,29,3,1,0
candDIR_L9_64,162,30,4,1,0
candDIR_L9_64,162,31,4,0,0
candDIR_L9_64,162,32,1,0,3
candDIR_L9_64,162,33,1,0,0
candDIR_L9_64,162,34,1,0,0
candDIR_L9_64,162,35,1,0,0
candDIR_L9_64,162,36,1,0,0
candDIR_L9_64,162,37,3,2,0
candDIR_L9_64,162,38,3,0,0
candDIR_L9_64,162,39,1,0,2
candDIR_L9_64,162,40,3,2,0
candDIR_L9_64,162,41,1,0,2
candDIR_L9_64,162,42,1,0,0
candDIR_L9_64,162,43,1,0,0
candDIR_L9_64,162,44,1,0,0
candDIR_L9_64,162,45,1,0,0
candDIR_L9_64,162,46,1,0,0
candDIR_L9_64,162,47,3,2,0
candDIR_L9_64,162,48,4,1,0
candDIR_L9_64,162,49,4,0,0
candDIR_L9_64,162,50,3,0,1
candDIR_L9_64,162,51,1,0,2
candDIR_L9_64,162,52,3,2,0
candDIR_L9_64,162,53,1,0,2
candDIR_L9_64,162,54,3,2,0
candDIR_L9_64,162,55,5,2,0
candDIR_L9_64,162,56,5,1,1
candDIR_L9_64,162,57,1,0,4
candDIR_L9_64,162,58,1,0,0
candDIR_L9_64,162,59,1,0,0
candDIR_L9_64,162,60,2,1,0
candDIR_L9_64,162,61,4,2,0
candDIR_L9_64,162,62,5,1,0
candDIR_L9_64,162,63,1,0,4
candDIR_L9_64,162,64,1,0,0
candDIR_L9_64,163,1,1,0,0
candDIR_L9_64,163,2,2,1,0
candDIR_L9_64,163,3,2,0,0
candDIR_L9_64,163,4,2,0,0
candDIR_L9_64,163,5,2,0,0
candDIR_L9_64,163,6,2,0,0
candDIR_L9_64,163,7,1,0,1
candDIR_L9_64,163,8,1,0,0
candDIR_L9_64,163,9,1,0,0
candDIR_L9_64,163,10,1,0,0
candDIR_L9_64,163,11,2,1,0
candDIR_L9_64,163,12,2,0,0
candDIR_L9_64,163,13,2,0,0
candDIR_L9_64,163,14,1,0,1
candDIR_L9_64,163,15,2,1,0
candDIR_L9_64,163,16,2,0,0
candDIR_L9_64,163,17,3,1,0
candDIR_L9_64,163,18,2,0,1
candDIR_L9_64,163,19,2,0,0
candDIR_L9_64,163,20,1,0,1
candDIR_L9_64,163,21,2,1,0
candDIR_L9_64,163,22,2,0,0
candDIR_L9_64,163,23,2,0,0
candDIR_L9_64,163,24,3,1,0
candDIR_L9_64,163,25,1,0,2
candDIR_L9_64,163,26,1,0,0
candDIR_L9_64,163,27,1,0,0
candDIR_L9_64,163,28,1,0,0
candDIR_L9_64,163,29,2,1,0
candDIR_L9_64,163,30,1,0,1
candDIR_L9_64,163,31,1,0,0
candDIR_L9_64,163,32,2,1,0
candDIR_L9_64,163,33,1,0,1
candDIR_L9_64,163,34,1,0,0
candDIR_L9_64,163,35,1,0,0
candDIR_L9_64,163,36,1,0,0
candDIR_L9_64,163,37,2,1,0
candDIR_L9_64,163,38,2,0,0
candDIR_L9_64,163,39,3,1,0
candDIR_L9_64,163,40,3,1,1
candDIR_L9_64,163,41,1,0,2
candDIR_L9_64,163,42,1,0,0
candDIR_L9_64,163,43,2,1,0
candDIR_L9_64,163,44,1,0,1
candDIR_L9_64,163,45,1,0,0
candDIR_L9_64,163,46,3,2,0
candDIR_L9_64,163,47,2,0,1
candDIR_L9_64,163,48,1,0,1
candDIR_L9_64,163,49,1,0,0
candDIR_L9_64,163,50,3,2,0
candDIR_L9_64,163,51,3,0,0
candDIR_L9_64,163,52,3,0,0
candDIR_L9_64,163,53,3,0,0
candDIR_L9_64,163,54,2,0,1
candDIR_L9_64,163,55,1,0,1
candDIR_L9_64,163,56,1,0,0
candDIR_L9_64,163,57,2,1,0
candDIR_L9_64,163,58,3,1,0
candDIR_L9_64,163,59,1,0,2
candDIR_L9_64,163,60,2,1,0
candDIR_L9_64,163,61,1,0,1
candDIR_L9_64,163,62,1,0,0
candDIR_L9_64,163,63,1,0,0
candDIR_L9_64,163,64,2,1,0
candDIR_L9_64,164,1,1,0,0
candDIR_L9_64,164,2,2,1,0
candDIR_L9_64,164,3,2,0,0
candDIR_L9_64,164,4,2,0,0
candDIR_L9_64,164,5,2,0,0
candDIR_L9_64,164,6,2,0,0
candDIR_L9_64,164,7,2,0,0
candDIR_L9_64,164,8,1,0,1
candDIR_L9_64,164,9,1,0,0
candDIR_L9_64,164,10,1,0,0
candDIR_L9_64,164,11,1,0,0
candDIR_L9_64,164,12,1,0,0
candDIR_L9_64,164,13,1,0,0
candDIR_L9_64,164,14,1,0,0
candDIR_L9_64,164,15,2,1,0
candDIR_L9_64,164,16,2,0,0
candDIR_L9_64,164,17,1,0,1
candDIR_L9_64,164,18,2,1,0
candDIR_L9_64,164,19,2,0,0
candDIR_L9_64,164,20,2,0,0
candDIR_L9_64,164,21,1,0,1
candDIR_L9_64,164,22,1,0,0
candDIR_L9_64,164,23,1,0,0
candDIR_L9_64,164,24,1,0,0
candDIR_L9_64,164,25,2,1,0
candDIR_L9_64,164,26,2,0,0
candDIR_L9_64,164,27,1,0,1
candDIR_L9_64,164,28,2,1,0
candDIR_L9_64,164,29,2,0,0
candDIR_L9_64,164,30,2,0,0
candDIR_L9_64,164,31,2,0,0
candDIR_L9_64,164,32,2,0,0
candDIR_L9_64,164,33,1,0,1
candDIR_L9_64,164,34,2,1,0
candDIR_L9_64,164,35,2,0,0
candDIR_L9_64,164,36,3,1,0
candDIR_L9_64,164,37,4,1,0
candDIR_L9_64,164,38,4,0,0
candDIR_L9_64,164,39,1,0,3
candDIR_L9_64,164,40,2,1,0
candDIR_L9_64,164,41,2,0,0
candDIR_L9_64,164,42,3,1,0
candDIR_L9_64,164,43,3,1,1
candDIR_L9_64,164,44,1,0,2
candDIR_L9_64,164,45,1,0,0
candDIR_L9_64,164,46,1,0,0
candDIR_L9_64,164,47,2,1,0
candDIR_L9_64,164,48,1,0,1
candDIR_L9_64,164,49,1,0,0
candDIR_L9_64,164,50,1,0,0
candDIR_L9_64,164,51,1,0,0
candDIR_L9_64,164,52,1,0,0
candDIR_L9_64,164,53,1,0,0
candDIR_L9_64,164,54,2,1,0
candDIR_L9_64,164,55,2,0,0
candDIR_L9_64,164,56,1,0,1
candDIR_L9_64,164,57,2,1,0
candDIR_L9_64,164,58,2,0,0
candDIR_L9_64,164,59,1,0,1
candDIR_L9_64,164,60,2,1,0
candDIR_L9_64,164,61,1,0,1
candDIR_L9_64,164,62,2,1,0
candDIR_L9_64,164,63,2,0,0
candDIR_L9_64,164,64,1,0,1
candDIR_L9_64,165,1,1,0,0
candDIR_L9_64,165,2,2,1,0
candDIR_L9_64,165,3,2,0,0
candDIR_L9_64,165,4,2,0,0
candDIR_L9_64,165,5,2,0,0
candDIR_L9_64,165,6,2,0,0
candDIR_L9_64,165,7,1,0,1
candDIR_L9_64,165,8,1,0,0
candDIR_L9_64,165,9,1,0,0
candDIR_L9_64,165,10,1,0,0
candDIR_L9_64,165,11,1,0,0
candDIR_L9_64,165,12,1,0,0
candDIR_L9_64,165,13,2,1,0
candDIR_L9_64,165,14,2,0,0
candDIR_L9_64,165,15,1,0,1
candDIR_L9_64,165,16,1,0,0
candDIR_L9_64,165,17,1,0,0
candDIR_L9_64,165,18,1,0,0
candDIR_L9_64,165,19,1,0,0
candDIR_L9_64,165,20,2,1,0
candDIR_L9_64,165,21,2,0,0
candDIR_L9_64,165,22,1,0,1
candDIR_L9_64,165,23,1,0,0
candDIR_L9_64,165,24,1,0,0
candDIR_L9_64,165,25,1,0,0
candDIR_L9_64,165,26,1,0,0
candDIR_L9_64,165,27,1,0,0
candDIR_L9_64,165,28,1,0,0
candDIR_L9_64,165,29,1,0,0
candDIR_L9_64,165,30,2,1,0
candDIR_L9_64,165,31,3,1,0
candDIR_L9_64,165,32,1,0,2
candDIR_L9_64,165,33,3,2,0
candDIR_L9_64,165,34,1,0,2
candDIR_L9_64,165,35,3,2,0
candDIR_L9_64,165,36,1,0,2
candDIR_L9_64,165,37,1,0,0
candDIR_L9_64,165,38,2,1,0
candDIR_L9_64,165,39,1,0,1
candDIR_L9_64,165,40,1,0,0
candDIR_L9_64,165,41,1,0,0
candDIR_L9_64,165,42,2,1,0
candDIR_L9_64,165,43,1,0,1
candDIR_L9_64,165,44,1,0,0
candDIR_L9_64,165,45,1,0,0
candDIR_L9_64,165,46,1,0,0
candDIR_L9_64,165,47,1,0,0
candDIR_L9_64,165,48,1,0,0
candDIR_L9_64,165,49,1,0,0
candDIR_L9_64,165,50,1,0,0
candDIR_L9_64,165,51,2,1,0
candDIR_L9_64,165,52,2,0,0
candDIR_L9_64,165,53,3,1,0
candDIR_L9_64,165,54,1,0,2
candDIR_L9_64,165,55,2,1,0
candDIR_L9_64,165,56,1,0,1
candDIR_L9_64,165,57,2,1,0
candDIR_L9_64,165,58,3,1,0
candDIR_L9_64,165,59,1,0,2
candDIR_L9_64,165,60,3,2,0
candDIR_L9_64,165,61,1,0,2
candDIR_L9_64,165,62,4,3,0
candDIR_L9_64,165,63,1,0,3
candDIR_L9_64,165,64,1,0,0
candDIR_L9_64,166,1,1,0,0
candDIR_L9_64,166,2,2,1,0
candDIR_L9_64,166,3,2,0,0
candDIR_L9_64,166,4,2,0,0
candDIR_L9_64,166,5,2,0,0
candDIR_L9_64,166,6,2,0,0
candDIR_L9_64,166,7,1,0,1
candDIR_L9_64,166,8,1,0,0
candDIR_L9_64,166,9,1,0,0
candDIR_L9_64,166,10,1,0,0
candDIR_L9_64,166,11,3,2,0
candDIR_L9_64,166,12,3,1,1
candDIR_L9_64,166,13,1,0,2
candDIR_L9_64,166,14,1,0,0
candDIR_L9_64,166,15,1,0,0
candDIR_L9_64,166,16,2,1,0
candDIR_L9_64,166,17,2,0,0
candDIR_L9_64,166,18,3,1,0
candDIR_L9_64,166,19,4,1,0
candDIR_L9_64,166,20,4,0,0
candDIR_L9_64,166,21,4,0,0
candDIR_L9_64,166,22,1,0,3
candDIR_L9_64,166,23,1,0,0
candDIR_L9_64,166,24,3,2,0
candDIR_L9_64,166,25,1,0,2
candDIR_L9_64,166,26,1,0,0
candDIR_L9_64,166,27,3,2,0
candDIR_L9_64,166,28,1,0,2
candDIR_L9_64,166,29,1,0,0
candDIR_L9_64,166,30,1,0,0
candDIR_L9_64,166,31,2,1,0
candDIR_L9_64,166,32,1,0,1
candDIR_L9_64,166,33,1,0,0
candDIR_L9_64,166,34,1,0,0
candDIR_L9_64,166,35,1,0,0
candDIR_L9_64,166,36,2,1,0
candDIR_L9_64,166,37,2,0,0
candDIR_L9_64,166,38,3,1,0
candDIR_L9_64,166,39,3,0,0
candDIR_L9_64,166,40,3,0,0
candDIR_L9_64,166,41,3,0,0
candDIR_L9_64,166,42,3,1,1
candDIR_L9_64,166,43,4,1,0
candDIR_L9_64,166,44,4,0,0
candDIR_L9_64,166,45,4,0,0
candDIR_L9_64,166,46,4,0,0
candDIR_L9_64,166,47,3,0,1
candDIR_L9_64,166,48,1,0,2
candDIR_L9_64,166,49,1,0,0
candDIR_L9_64,166,50,1,0,0
candDIR_L9_64,166,51,1,0,0
candDIR_L9_64,166,52,2,1,0
candDIR_L9_64,166,53,1,0,1
candDIR_L9_64,166,54,2,1,0
candDIR_L9_64,166,55,1,0,1
candDIR_L9_64,166,56,2,1,0
candDIR_L9_64,166,57,2,0,0
candDIR_L9_64,166,58,2,0,0
candDIR_L9_64,166,59,2,0,0
candDIR_L9_64,166,60,2,0,0
candDIR_L9_64,166,61,1,0,1
candDIR_L9_64,166,62,1,0,0
candDIR_L9_64,166,63,2,1,0
candDIR_L9_64,166,64,2,0,0
candDIR_L9_64,167,1,1,0,0
candDIR_L9_64,167,2,2,1,0
candDIR_L9_64,167,3,2,0,0
candDIR_L9_64,167,4,2,0,0
candDIR_L9_64,167,5,2,0,0
candDIR_L9_64,167,6,2,0,0
candDIR_L9_64,167,7,1,0,1
candDIR_L9_64,167,8,1,0,0
candDIR_L9_64,167,9,1,0,0
candDIR_L9_64,167,10,1,0,0
candDIR_L9_64,167,11,1,0,0
candDIR_L9_64,167,12,2,1,0
candDIR_L9_64,167,13,2,0,0
candDIR_L9_64,167,14,2,0,0
candDIR_L9_64,167,15,1,0,1
candDIR_L9_64,167,16,2,1,0
candDIR_L9_64,167,17,2,0,0
candDIR_L9_64,167,18,1,0,1
candDIR_L9_64,167,19,1,0,0
candDIR_L9_64,167,20,1,0,0
candDIR_L9_64,167,21,1,0,0
candDIR_L9_64,167,22,2,1,0
candDIR_L9_64,167,23,1,0,1
candDIR_L9_64,167,24,2,1,0
candDIR_L9_64,167,25,2,0,0
candDIR_L9_64,167,26,2,0,0
candDIR_L9_64,167,27,1,0,1
candDIR_L9_64,167,28,2,1,0
candDIR_L9_64,167,29,3,1,0
candDIR_L9_64,167,30,4,1,0
candDIR_L9_64,167,31,1,0,3
candDIR_L9_64,167,32,3,2,0
candDIR_L9_64,167,33,4,1,0
candDIR_L9_64,167,34,4,0,0
candDIR_L9_64,167,35,4,0,0
candDIR_L9_64,167,36,3,0,1
candDIR_L9_64,167,37,3,0,0
candDIR_L9_64,167,38,1,0,2
candDIR_L9_64,167,39,1,0,0
candDIR_L9_64,167,40,1,0,0
candDIR_L9_64,167,41,1,0,0
candDIR_L9_64,167,42,2,1,0
candDIR_L9_64,167,43,1,0,1
candDIR_L9_64,167,44,1,0,0
candDIR_L9_64,167,45,1,0,0
candDIR_L9_64,167,46,1,0,0
candDIR_L9_64,167,47,2,1,0
candDIR_L9_64,167,48,2,0,0
candDIR_L9_64,167,49,2,0,0
candDIR_L9_64,167,50,2,0,0
candDIR_L9_64,167,51,2,0,0
candDIR_L9_64,167,52,2,0,0
candDIR_L9_64,167,53,2,0,0
candDIR_L9_64,167,54,4,2,0
candDIR_L9_64,167,55,5,1,0
candDIR_L9_64,167,56,5,0,0
candDIR_L9_64,167,57,3,0,2
candDIR_L9_64,167,58,1,0,2
candDIR_L9_64,167,59,1,0,0
candDIR_L9_64,167,60,1,0,0
candDIR_L9_64,167,61,1,0,0
candDIR_L9_64,167,62,1,0,0
candDIR_L9_64,167,63,1,0,0
candDIR_L9_64,167,64,1,0,0
candDIR_L9_64,168,1,1,0,0
candDIR_L9_64,168,2,2,1,0
candDIR_L9_64,168,3,2,0,0
candDIR_L9_64,168,4,2,0,0
candDIR_L9_64,168,5,2,0,0
candDIR_L9_64,168,6,2,0,0
candDIR_L9_64,168,7,1,0,1
candDIR_L9_64,168,8,1,0,0
candDIR_L9_64,168,9,1,0,0
candDIR_L9_64,168,10,4,3,0
candDIR_L9_64,168,11,4,0,0
candDIR_L9_64,168,12,3,0,1
candDIR_L9_64,168,13,3,0,0
candDIR_L9_64,168,14,1,0,2
candDIR_L9_64,168,15,2,1,0
candDIR_L9_64,168,16,3,1,0
candDIR_L9_64,168,17,3,0,0
candDIR_L9_64,168,18,3,0,0
candDIR_L9_64,168,19,3,0,0
candDIR_L9_64,168,20,1,0,2
candDIR_L9_64,168,21,1,0,0
candDIR_L9_64,168,22,1,0,0
candDIR_L9_64,168,23,2,1,0
candDIR_L9_64,168,24,2,0,0
candDIR_L9_64,168,25,2,0,0
candDIR_L9_64,168,26,3,1,0
candDIR_L9_64,168,27,2,0,1
candDIR_L9_64,168,28,1,0,1
candDIR_L9_64,168,29,1,0,0
candDIR_L9_64,168,30,3,2,0
candDIR_L9_64,168,31,3,0,0
candDIR_L9_64,168,32,3,0,0
candDIR_L9_64,168,33,4,1,0
candDIR_L9_64,168,34,4,0,0
candDIR_L9_64,168,35,3,0,1
candDIR_L9_64,168,36,3,1,1
candDIR_L9_64,168,37,2,0,1
candDIR_L9_64,168,38,3,1,0
candDIR_L9_64,168,39,3,0,0
candDIR_L9_64,168,40,4,1,0
candDIR_L9_64,168,41,1,0,3
candDIR_L9_64,168,42,1,0,0
candDIR_L9_64,168,43,3,2,0
candDIR_L9_64,168,44,1,0,2
candDIR_L9_64,168,45,1,0,0
candDIR_L9_64,168,46,1,0,0
candDIR_L9_64,168,47,1,0,0
candDIR_L9_64,168,48,1,0,0
candDIR_L9_64,168,49,1,0,0
candDIR_L9_64,168,50,2,1,0
candDIR_L9_64,168,51,1,0,1
candDIR_L9_64,168,52,1,0,0
candDIR_L9_64,168,53,1,0,0
candDIR_L9_64,168,54,1,0,0
candDIR_L9_64,168,55,2,1,0
candDIR_L9_64,168,56,3,1,0
candDIR_L9_64,168,57,1,0,2
candDIR_L9_64,168,58,2,1,0
candDIR_L9_64,168,59,2,0,0
candDIR_L9_64,168,60,2,0,0
candDIR_L9_64,168,61,3,1,0
candDIR_L9_64,168,62,2,0,1
candDIR_L9_64,168,63,1,0,1
candDIR_L9_64,168,64,2,1,0
candDIR_L9_64,169,1,1,0,0
candDIR_L9_64,169,2,2,1,0
candDIR_L9_64,169,3,2,0,0
candDIR_L9_64,169,4,2,0,0
candDIR_L9_64,169,5,2,0,0
candDIR_L9_64,169,6,2,0,0
candDIR_L9_64,169,7,1,0,1
candDIR_L9_64,169,8,1,0,0
candDIR_L9_64,169,9,1,0,0
candDIR_L9_64,169,10,1,0,0
candDIR_L9_64,169,11,1,0,0
candDIR_L9_64,169,12,1,0,0
candDIR_L9_64,169,13,1,0,0
candDIR_L9_64,169,14,2,1,0
candDIR_L9_64,169,15,3,1,0
candDIR_L9_64,169,16,1,0,2
candDIR_L9_64,169,17,1,0,0
candDIR_L9_64,169,18,1,0,0
candDIR_L9_64,169,19,1,0,0
candDIR_L9_64,169,20,1,0,0
candDIR_L9_64,169,21,3,2,0
candDIR_L9_64,169,22,3,0,0
candDIR_L9_64,169,23,3,0,0
candDIR_L9_64,169,24,4,1,0
candDIR_L9_64,169,25,4,0,0
candDIR_L9_64,169,26,1,0,3
candDIR_L9_64,169,27,4,3,0
candDIR_L9_64,169,28,3,0,1
candDIR_L9_64,169,29,3,0,0
candDIR_L9_64,169,30,3,0,0
candDIR_L9_64,169,31,3,1,1
candDIR_L9_64,169,32,2,0,1
candDIR_L9_64,169,33,1,0,1
candDIR_L9_64,169,34,1,0,0
candDIR_L9_64,169,35,1,0,0
candDIR_L9_64,169,36,2,1,0
candDIR_L9_64,169,37,2,0,0
candDIR_L9_64,169,38,1,0,1
candDIR_L9_64,169,39,1,0,0
candDIR_L9_64,169,40,1,0,0
candDIR_L9_64,169,41,1,0,0
candDIR_L9_64,169,42,1,0,0
candDIR_L9_64,169,43,2,1,0
candDIR_L9_64,169,44,2,0,0
candDIR_L9_64,169,45,1,0,1
candDIR_L9_64,169,46,1,0,0
candDIR_L9_64,169,47,1,0,0
candDIR_L9_64,169,48,1,0,0
candDIR_L9_64,169,49,1,0,0
candDIR_L9_64,169,50,1,0,0
candDIR_L9_64,169,51,1,0,0
candDIR_L9_64,169,52,1,0,0
candDIR_L9_64,169,53,1,0,0
candDIR_L9_64,169,54,2,1,0
candDIR_L9_64,169,55,3,1,0
candDIR_L9_64,169,56,1,0,2
candDIR_L9_64,169,57,2,1,0
candDIR_L9_64,169,58,3,1,0
candDIR_L9_64,169,59,3,0,0
candDIR_L9_64,169,60,3,0,0
candDIR_L9_64,169,61,1,0,2
candDIR_L9_64,169,62,3,2,0
candDIR_L9_64,169,63,3,0,0
candDIR_L9_64,169,64,4,1,0
candDIR_L9_64,170,1,1,0,0
candDIR_L9_64,170,2,2,1,0
candDIR_L9_64,170,3,2,0,0
candDIR_L9_64,170,4,2,0,0
candDIR_L9_64,170,5,2,0,0
candDIR_L9_64,170,6,2,0,0
candDIR_L9_64,170,7,1,0,1
candDIR_L9_64,170,8,1,0,0
candDIR_L9_64,170,9,1,0,0
candDIR_L9_64,170,10,2,1,0
candDIR_L9_64,170,11,2,0,0
candDIR_L9_64,170,12,2,0,0
candDIR_L9_64,170,13,2,0,0
candDIR_L9_64,170,14,2,0,0
candDIR_L9_64,170,15,2,0,0
candDIR_L9_64,170,16,1,0,1
candDIR_L9_64,170,17,1,0,0
candDIR_L9_64,170,18,2,1,0
candDIR_L9_64,170,19,2,0,0
candDIR_L9_64,170,20,2,0,0
candDIR_L9_64,170,21,1,0,1
candDIR_L9_64,170,22,3,2,0
candDIR_L9_64,170,23,3,0,0
candDIR_L9_64,170,24,1,0,2
candDIR_L9_64,170,25,1,0,0
candDIR_L9_64,170,26,1,0,0
candDIR_L9_64,170,27,1,0,0
candDIR_L9_64,170,28,2,1,0
candDIR_L9_64,170,29,2,0,0
candDIR_L9_64,170,30,2,0,0
candDIR_L9_64,170,31,1,0,1
candDIR_L9_64,170,32,2,1,0
candDIR_L9_64,170,33,1,0,1
candDIR_L9_64,170,34,1,0,0
candDIR_L9_64,170,35,2,1,0
candDIR_L9_64,170,36,2,0,0
candDIR_L9_64,170,37,2,0,0
candDIR_L9_64,170,38,2,0,0
candDIR_L9_64,170,39,2,0,0
candDIR_L9_64,170,40,1,0,1
candDIR_L9_64,170,41,1,0,0
candDIR_L9_64,170,42,1,0,0
candDIR_L9_64,170,43,1,0,0
candDIR_L9_64,170,44,2,1,0
candDIR_L9_64,170,45,2,0,0
candDIR_L9_64,170,46,2,0,0
candDIR_L9_64,170,47,2,0,0
candDIR_L9_64,170,48,3,1,0
candDIR_L9_64,170,49,2,0,1
candDIR_L9_64,170,50,2,0,0
candDIR_L9_64,170,51,2,0,0
candDIR_L9_64,170,52,1,0,1
candDIR_L9_64,170,53,1,0,0
candDIR_L9_64,170,54,1,0,0
candDIR_L9_64,170,55,2,1,0
candDIR_L9_64,170,56,2,0,0
candDIR_L9_64,170,57,2,0,0
candDIR_L9_64,170,58,2,0,0
candDIR_L9_64,170,59,2,0,0
candDIR_L9_64,170,60,2,0,0
candDIR_L9_64,170,61,1,0,1
candDIR_L9_64,170,62,1,0,0
candDIR_L9_64,170,63,1,0,0
candDIR_L9_64,170,64,1,0,0
candDIR_L9_64,171,1,1,0,0
candDIR_L9_64,171,2,2,1,0
candDIR_L9_64,171,3,2,0,0
candDIR_L9_64,171,4,2,0,0
candDIR_L9_64,171,5,2,0,0
candDIR_L9_64,171,6,2,0,0
candDIR_L9_64,171,7,1,0,1
candDIR_L9_64,171,8,1,0,0
candDIR_L9_64,171,9,1,0,0
candDIR_L9_64,171,10,1,0,0
candDIR_L9_64,171,11,1,0,0
candDIR_L9_64,171,12,1,0,0
candDIR_L9_64,171,13,1,0,0
candDIR_L9_64,171,14,2,1,0
candDIR_L9_64,171,15,3,1,0
candDIR_L9_64,171,16,4,1,0
candDIR_L9_64,171,17,5,1,0
candDIR_L9_64,171,18,1,0,4
candDIR_L9_64,171,19,2,1,0
candDIR_L9_64,171,20,1,0,1
candDIR_L9_64,171,21,1,0,0
candDIR_L9_64,171,22,1,0,0
candDIR_L9_64,171,23,1,0,0
candDIR_L9_64,171,24,1,0,0
candDIR_L9_64,171,25,2,1,0
candDIR_L9_64,171,26,2,0,0
candDIR_L9_64,171,27,2,0,0
candDIR_L9_64,171,28,1,0,1
candDIR_L9_64,171,29,1,0,0
candDIR_L9_64,171,30,1,0,0
candDIR_L9_64,171,31,1,0,0
candDIR_L9_64,171,32,1,0,0
candDIR_L9_64,171,33,1,0,0
candDIR_L9_64,171,34,1,0,0
candDIR_L9_64,171,35,3,2,0
candDIR_L9_64,171,36,3,0,0
candDIR_L9_64,171,37,2,0,1
candDIR_L9_64,171,38,1,0,1
candDIR_L9_64,171,39,2,1,0
candDIR_L9_64,171,40,2,0,0
candDIR_L9_64,171,41,3,1,0
candDIR_L9_64,171,42,2,0,1
candDIR_L9_64,171,43,1,0,1
candDIR_L9_64,171,44,2,1,0
candDIR_L9_64,171,45,1,0,1
candDIR_L9_64,171,46,1,0,0
candDIR_L9_64,171,47,1,0,0
candDIR_L9_64,171,48,1,0,0
candDIR_L9_64,171,49,2,1,0
candDIR_L9_64,171,50,3,1,0
candDIR_L9_64,171,51,3,0,0
candDIR_L9_64,171,52,4,1,0
candDIR_L9_64,171,53,3,0,1
candDIR_L9_64,171,54,4,1,0
candDIR_L9_64,171,55,3,0,1
candDIR_L9_64,171,56,2,0,1
candDIR_L9_64,171,57,1,0,1
candDIR_L9_64,171,58,2,1,0
candDIR_L9_64,171,59,3,1,0
candDIR_L9_64,171,60,3,0,0
candDIR_L9_64,171,61,1,0,2
candDIR_L9_64,171,62,2,1,0
candDIR_L9_64,171,63,3,1,0
candDIR_L9_64,171,64,3,0,0
candDIR_L9_64,172,1,1,0,0
candDIR_L9_64,172,2,2,1,0
candDIR_L9_64,172,3,2,0,0
candDIR_L9_64,172,4,2,0,0
candDIR_L9_64,172,5,2,0,0
candDIR_L9_64,172,6,2,0,0
candDIR_L9_64,172,7,1,0,1
candDIR_L9_64,172,8,1,0,0
candDIR_L9_64,172,9,1,0,0
candDIR_L9_64,172,10,3,2,0
candDIR_L9_64,172,11,4,1,0
candDIR_L9_64,172,12,2,0,2
candDIR_L9_64,172,13,3,1,0
candDIR_L9_64,172,14,1,0,2
candDIR_L9_64,172,15,3,2,0
candDIR_L9_64,172,16,2,0,1
candDIR_L9_64,172,17,1,0,1
candDIR_L9_64,172,18,1,0,0
candDIR_L9_64,172,19,2,1,0
candDIR_L9_64,172,20,3,1,0
candDIR_L9_64,172,21,3,0,0
candDIR_L9_64,172,22,2,0,1
candDIR_L9_64,172,23,2,0,0
candDIR_L9_64,172,24,1,0,1
candDIR_L9_64,172,25,1,0,0
candDIR_L9_64,172,26,2,1,0
candDIR_L9_64,172,27,2,0,0
candDIR_L9_64,172,28,1,0,1
candDIR_L9_64,172,29,1,0,0
candDIR_L9_64,172,30,1,0,0
candDIR_L9_64,172,31,1,0,0
candDIR_L9_64,172,32,1,0,0
candDIR_L9_64,172,33,1,0,0
candDIR_L9_64,172,34,1,0,0
candDIR_L9_64,172,35,1,0,0
candDIR_L9_64,172,36,1,0,0
candDIR_L9_64,172,37,2,1,0
candDIR_L9_64,172,38,2,0,0
candDIR_L9_64,172,39,4,2,0
candDIR_L9_64,172,40,3,0,1
candDIR_L9_64,172,41,1,0,2
candDIR_L9_64,172,42,2,1,0
candDIR_L9_64,172,43,2,0,0
candDIR_L9_64,172,44,3,1,0
candDIR_L9_64,172,45,1,0,2
candDIR_L9_64,172,46,3,2,0
candDIR_L9_64,172,47,2,0,1
candDIR_L9_64,172,48,4,2,0
candDIR_L9_64,172,49,4,0,0
candDIR_L9_64,172,50,1,0,3
candDIR_L9_64,172,51,1,0,0
candDIR_L9_64,172,52,1,0,0
candDIR_L9_64,172,53,1,0,0
candDIR_L9_64,172,54,1,0,0
candDIR_L9_64,172,55,1,0,0
candDIR_L9_64,172,56,2,1,0
candDIR_L9_64,172,57,2,0,0
candDIR_L9_64,172,58,2,0,0
candDIR_L9_64,172,59,1,0,1
candDIR_L9_64,172,60,1,0,0
candDIR_L9_64,172,61,1,0,0
candDIR_L9_64,172,62,3,2,0
candDIR_L9_64,172,63,1,0,2
candDIR_L9_64,172,64,1,0,0
candDIR_L9_64,173,1,1,0,0
candDIR_L9_64,173,2,2,1,0
candDIR_L9_64,173,3,2,0,0
candDIR_L9_64,173,4,2,0,0
candDIR_L9_64,173,5,2,0,0
candDIR_L9_64,173,6,2,0,0
candDIR_L9_64,173,7,1,0,1
candDIR_L9_64,173,8,1,0,0
candDIR_L9_64,173,9,1,0,0
candDIR_L9_64,173,10,1,0,0
candDIR_L9_64,173,11,1,0,0
candDIR_L9_64,173,12,2,1,0
candDIR_L9_64,173,13,2,0,0
candDIR_L9_64,173,14,2,0,0
candDIR_L9_64,173,15,3,1,0
candDIR_L9_64,173,16,3,0,0
candDIR_L9_64,173,17,1,0,2
candDIR_L9_64,173,18,3,2,0
candDIR_L9_64,173,19,2,0,1
candDIR_L9_64,173,20,1,0,1
candDIR_L9_64,173,21,1,0,0
candDIR_L9_64,173,22,2,1,0
candDIR_L9_64,173,23,2,0,0
candDIR_L9_64,173,24,1,0,1
candDIR_L9_64,173,25,3,2,0
candDIR_L9_64,173,26,3,0,0
candDIR_L9_64,173,27,2,0,1
candDIR_L9_64,173,28,2,0,0
candDIR_L9_64,173,29,3,1,0
candDIR_L9_64,173,30,1,0,2
candDIR_L9_64,173,31,1,0,0
candDIR_L9_64,173,32,1,0,0
candDIR_L9_64,173,33,1,0,0
candDIR_L9_64,173,34,1,0,0
candDIR_L9_64,173,35,1,0,0
candDIR_L9_64,173,36,1,0,0
candDIR_L9_64,173,37,1,0,0
candDIR_L9_64,173,38,1,0,0
candDIR_L9_64,173,39,1,0,0
candDIR_L9_64,173,40,1,0,0
candDIR_L9_64,173,41,1,0,0
candDIR_L9_64,173,42,1,0,0
candDIR_L9_64,173,43,1,0,0
candDIR_L9_64,173,44,1,0,0
candDIR_L9_64,173,45,2,1,0
candDIR_L9_64,173,46,2,0,0
candDIR_L9_64,173,47,2,0,0
candDIR_L9_64,173,48,2,0,0
candDIR_L9_64,173,49,2,0,0
candDIR_L9_64,173,50,2,0,0
candDIR_L9_64,173,51,2,0,0
candDIR_L9_64,173,52,1,0,1
candDIR_L9_64,173,53,2,1,0
candDIR_L9_64,173,54,1,0,1
candDIR_L9_64,173,55,2,1,0
candDIR_L9_64,173,56,2,0,0
candDIR_L9_64,173,57,2,0,0
candDIR_L9_64,173,58,2,0,0
candDIR_L9_64,173,59,1,0,1
candDIR_L9_64,173,60,1,0,0
candDIR_L9_64,173,61,1,0,0
candDIR_L9_64,173,62,1,0,0
candDIR_L9_64,173,63,1,0,0
candDIR_L9_64,173,64,1,0,0
candDIR_L9_64,174,1,1,0,0
candDIR_L9_64,174,2,2,1,0
candDIR_L9_64,174,3,2,0,0
candDIR_L9_64,174,4,2,0,0
candDIR_L9_64,174,5,2,0,0
candDIR_L9_64,174,6,2,0,0
candDIR_L9_64,174,7,1,0,1
candDIR_L9_64,174,8,1,0,0
candDIR_L9_64,174,9,1,0,0
candDIR_L9_64,174,10,1,0,0
candDIR_L9_64,174,11,1,0,0
candDIR_L9_64,174,12,1,0,0
candDIR_L9_64,174,13,1,0,0
candDIR_L9_64,174,14,1,0,0
candDIR_L9_64,174,15,1,0,0
candDIR_L9_64,174,16,1,0,0
candDIR_L9_64,174,17,1,0,0
candDIR_L9_64,174,18,2,1,0
candDIR_L9_64,174,19,2,0,0
candDIR_L9_64,174,20,4,2,0
candDIR_L9_64,174,21,1,0,3
candDIR_L9_64,174,22,1,0,0
candDIR_L9_64,174,23,1,0,0
candDIR_L9_64,174,24,4,3,0
candDIR_L9_64,174,25,1,0,3
candDIR_L9_64,174,26,1,0,0
candDIR_L9_64,174,27,1,0,0
candDIR_L9_64,174,28,1,0,0
candDIR_L9_64,174,29,1,0,0
candDIR_L9_64,174,30,1,0,0
candDIR_L9_64,174,31,1,0,0
candDIR_L9_64,174,32,1,0,0
candDIR_L9_64,174,33,1,0,0
candDIR_L9_64,174,34,1,0,0
candDIR_L9_64,174,35,1,0,0
candDIR_L9_64,174,36,1,0,0
candDIR_L9_64,174,37,1,0,0
candDIR_L9_64,174,38,1,0,0
candDIR_L9_64,174,39,1,0,0
candDIR_L9_64,174,40,1,0,0
candDIR_L9_64,174,41,1,0,0
candDIR_L9_64,174,42,1,0,0
candDIR_L9_64,174,43,2,1,0
candDIR_L9_64,174,44,1,0,1
candDIR_L9_64,174,45,1,0,0
candDIR_L9_64,174,46,1,0,0
candDIR_L9_64,174,47,1,0,0
candDIR_L9_64,174,48,3,2,0
candDIR_L9_64,174,49,3,0,0
candDIR_L9_64,174,50,2,0,1
candDIR_L9_64,174,51,3,1,0
candDIR_L9_64,174,52,1,0,2
candDIR_L9_64,174,53,1,0,0
candDIR_L9_64,174,54,1,0,0
candDIR_L9_64,174,55,1,0,0
candDIR_L9_64,174,56,1,0,0
candDIR_L9_64,174,57,2,1,0
candDIR_L9_64,174,58,3,1,0
candDIR_L9_64,174,59,3,0,0
candDIR_L9_64,174,60,4,1,0
candDIR_L9_64,174,61,2,0,2
candDIR_L9_64,174,62,2,0,0
candDIR_L9_64,174,63,1,0,1
candDIR_L9_64,174,64,1,0,0
candDIR_L9_64,175,1,1,0,0
candDIR_L9_64,175,2,2,1,0
candDIR_L9_64,175,3,2,0,0
candDIR_L9_64,175,4,2,0,0
candDIR_L9_64,175,5,2,0,0
candDIR_L9_64,175,6,2,0,0
candDIR_L9_64,175,7,1,0,1
candDIR_L9_64,175,8,1,0,0
candDIR_L9_64,175,9,1,0,0
candDIR_L9_64,175,10,3,2,0
candDIR_L9_64,175,11,3,0,0
candDIR_L9_64,175,12,3,0,0
candDIR_L9_64,175,13,1,0,2
candDIR_L9_64,175,14,1,0,0
candDIR_L9_64,175,15,1,0,0
candDIR_L9_64,175,16,1,0,0
candDIR_L9_64,175,17,1,0,0
candDIR_L9_64,175,18,1,0,0
candDIR_L9_64,175,19,3,2,0
candDIR_L9_64,175,20,1,0,2
candDIR_L9_64,175,21,1,0,0
candDIR_L9_64,175,22,1,0,0
candDIR_L9_64,175,23,1,0,0
candDIR_L9_64,175,24,1,0,0
candDIR_L9_64,175,25,2,1,0
candDIR_L9_64,175,26,2,0,0
candDIR_L9_64,175,27,2,0,0
candDIR_L9_64,175,28,3,1,0
candDIR_L9_64,175,29,3,0,0
candDIR_L9_64,175,30,1,0,2
candDIR_L9_64,175,31,1,0,0
candDIR_L9_64,175,32,2,1,0
candDIR_L9_64,175,33,2,0,0
candDIR_L9_64,175,34,3,1,0
candDIR_L9_64,175,35,3,0,0
candDIR_L9_64,175,36,4,1,0
candDIR_L9_64,175,37,4,0,0
candDIR_L9_64,175,38,4,0,0
candDIR_L9_64,175,39,4,1,1
candDIR_L9_64,175,40,1,0,3
candDIR_L9_64,175,41,1,0,0
candDIR_L9_64,175,42,1,0,0
candDIR_L9_64,175,43,2,1,0
candDIR_L9_64,175,44,1,0,1
candDIR_L9_64,175,45,1,0,0
candDIR_L9_64,175,46,1,0,0
candDIR_L9_64,175,47,1,0,0
candDIR_L9_64,175,48,1,0,0
candDIR_L9_64,175,49,1,0,0
candDIR_L9_64,175,50,2,1,0
candDIR_L9_64,175,51,1,0,1
candDIR_L9_64,175,52,1,0,0
candDIR_L9_64,175,53,1,0,0
candDIR_L9_64,175,54,1,0,0
candDIR_L9_64,175,55,1,0,0
candDIR_L9_64,175,56,2,1,0
candDIR_L9_64,175,57,2,0,0
candDIR_L9_64,175,58,2,0,0
candDIR_L9_64,175,59,2,0,0
candDIR_L9_64,175,60,1,0,1
candDIR_L9_64,175,61,2,1,0
candDIR_L9_64,175,62,2,0,0
candDIR_L9_64,175,63,1,0,1
candDIR_L9_64,175,64,1,0,0
candDIR_L9_64,176,1,1,0,0
candDIR_L9_64,176,2,2,1,0
candDIR_L9_64,176,3,2,0,0
candDIR_L9_64,176,4,2,0,0
candDIR_L9_64,176,5,2,0,0
candDIR_L9_64,176,6,2,0,0
candDIR_L9_64,176,7,1,0,1
candDIR_L9_64,176,8,1,0,0
candDIR_L9_64,176,9,1,0,0
candDIR_L9_64,176,10,1,0,0
candDIR_L9_64,176,11,1,0,0
candDIR_L9_64,176,12,1,0,0
candDIR_L9_64,176,13,1,0,0
candDIR_L9_64,176,14,1,0,0
candDIR_L9_64,176,15,1,0,0
candDIR_L9_64,176,16,1,0,0
candDIR_L9_64,176,17,1,0,0
candDIR_L9_64,176,18,1,0,0
candDIR_L9_64,176,19,1,0,0
candDIR_L9_64,176,20,2,1,0
candDIR_L9_64,176,21,2,0,0
candDIR_L9_64,176,22,1,0,1
candDIR_L9_64,176,23,2,1,0
candDIR_L9_64,176,24,2,0,0
candDIR_L9_64,176,25,2,0,0
candDIR_L9_64,176,26,2,0,0
candDIR_L9_64,176,27,2,0,0
candDIR_L9_64,176,28,1,0,1
candDIR_L9_64,176,29,1,0,0
candDIR_L9_64,176,30,1,0,0
candDIR_L9_64,176,31,2,1,0
candDIR_L9_64,176,32,2,0,0
candDIR_L9_64,176,33,2,0,0
candDIR_L9_64,176,34,2,0,0
candDIR_L9_64,176,35,2,0,0
candDIR_L9_64,176,36,1,0,1
candDIR_L9_64,176,37,1,0,0
candDIR_L9_64,176,38,1,0,0
candDIR_L9_64,176,39,1,0,0
candDIR_L9_64,176,40,2,1,0
candDIR_L9_64,176,41,2,0,0
candDIR_L9_64,176,42,2,0,0
candDIR_L9_64,176,43,1,0,1
candDIR_L9_64,176,44,1,0,0
candDIR_L9_64,176,45,1,0,0
candDIR_L9_64,176,46,1,0,0
candDIR_L9_64,176,47,1,0,0
candDIR_L9_64,176,48,1,0,0
candDIR_L9_64,176,49,1,0,0
candDIR_L9_64,176,50,2,1,0
candDIR_L9_64,176,51,2,0,0
candDIR_L9_64,176,52,1,0,1
candDIR_L9_64,176,53,1,0,0
candDIR_L9_64,176,54,2,1,0
candDIR_L9_64,176,55,1,0,1
candDIR_L9_64,176,56,1,0,0
candDIR_L9_64,176,57,2,1,0
candDIR_L9_64,176,58,2,0,0
candDIR_L9_64,176,59,2,0,0
candDIR_L9_64,176,60,2,0,0
candDIR_L9_64,176,61,2,0,0
candDIR_L9_64,176,62,2,0,0
candDIR_L9_64,176,63,1,0,1
candDIR_L9_64,176,64,1,0,0
candDIR_L9_64,177,1,1,0,0
candDIR_L9_64,177,2,2,1,0
candDIR_L9_64,177,3,2,0,0
candDIR_L9_64,177,4,2,0,0
candDIR_L9_64,177,5,2,0,0
candDIR_L9_64,177,6,2,0,0
candDIR_L9_64,177,7,1,0,1
candDIR_L9_64,177,8,1,0,0
candDIR_L9_64,177,9,1,0,0
candDIR_L9_64,177,10,1,0,0
candDIR_L9_64,177,11,1,0,0
candDIR_L9_64,177,12,1,0,0
candDIR_L9_64,177,13,1,0,0
candDIR_L9_64,177,14,1,0,0
candDIR_L9_64,177,15,1,0,0
candDIR_L9_64,177,16,1,0,0
candDIR_L9_64,177,17,1,0,0
candDIR_L9_64,177,18,1,0,0
candDIR_L9_64,177,19,2,1,0
candDIR_L9_64,177,20,1,0,1
candDIR_L9_64,177,21,1,0,0
candDIR_L9_64,177,22,1,0,0
candDIR_L9_64,177,23,1,0,0
candDIR_L9_64,177,24,1,0,0
candDIR_L9_64,177,25,1,0,0
candDIR_L9_64,177,26,1,0,0
candDIR_L9_64,177,27,1,0,0
candDIR_L9_64,177,28,1,0,0
candDIR_L9_64,177,29,2,1,0
candDIR_L9_64,177,30,3,1,0
candDIR_L9_64,177,31,1,0,2
candDIR_L9_64,177,32,2,1,0
candDIR_L9_64,177,33,1,0,1
candDIR_L9_64,177,34,1,0,0
candDIR_L9_64,177,35,1,0,0
candDIR_L9_64,177,36,1,0,0
candDIR_L9_64,177,37,1,0,0
candDIR_L9_64,177,38,1,0,0
candDIR_L9_64,177,39,1,0,0
candDIR_L9_64,177,40,1,0,0
candDIR_L9_64,177,41,2,1,0
candDIR_L9_64,177,42,2,0,0
candDIR_L9_64,177,43,2,0,0
candDIR_L9_64,177,44,1,0,1
candDIR_L9_64,177,45,1,0,0
candDIR_L9_64,177,46,1,0,0
candDIR_L9_64,177,47,2,1,0
candDIR_L9_64,177,48,3,1,0
candDIR_L9_64,177,49,3,0,0
candDIR_L9_64,177,50,3,0,0
candDIR_L9_64,177,51,3,1,1
candDIR_L9_64,177,52,3,0,0
candDIR_L9_64,177,53,4,1,0
candDIR_L9_64,177,54,5,1,0
candDIR_L9_64,177,55,5,0,0
candDIR_L9_64,177,56,4,1,2
candDIR_L9_64,177,57,2,0,2
candDIR_L9_64,177,58,1,0,1
candDIR_L9_64,177,59,1,0,0
candDIR_L9_64,177,60,1,0,0
candDIR_L9_64,177,61,1,0,0
candDIR_L9_64,177,62,2,1,0
candDIR_L9_64,177,63,1,0,1
candDIR_L9_64,177,64,1,0,0
candDIR_L9_64,178,1,1,0,0
candDIR_L9_64,178,2,2,1,0
candDIR_L9_64,178,3,2,0,0
candDIR_L9_64,178,4,2,0,0
candDIR_L9_64,178,5,2,0,0
candDIR_L9_64,178,6,2,0,0
candDIR_L9_64,178,7,1,0,1
candDIR_L9_64,178,8,1,0,0
candDIR_L9_64,178,9,1,0,0
candDIR_L9_64,178,10,1,0,0
candDIR_L9_64,178,11,1,0,0
candDIR_L9_64,178,12,1,0,0
candDIR_L9_64,178,13,1,0,0
candDIR_L9_64,178,14,1,0,0
candDIR_L9_64,178,15,1,0,0
candDIR_L9_64,178,16,1,0,0
candDIR_L9_64,178,17,2,1,0
candDIR_L9_64,178,18,3,1,0
candDIR_L9_64,178,19,2,0,1
candDIR_L9_64,178,20,3,1,0
candDIR_L9_64,178,21,3,0,0
candDIR_L9_64,178,22,3,0,0
candDIR_L9_64,178,23,3,0,0
candDIR_L9_64,178,24,4,1,0
candDIR_L9_64,178,25,4,0,0
candDIR_L9_64,178,26,3,0,1
candDIR_L9_64,178,27,1,0,2
candDIR_L9_64,178,28,1,0,0
candDIR_L9_64,178,29,1,0,0
candDIR_L9_64,178,30,1,0,0
candDIR_L9_64,178,31,4,3,0
candDIR_L9_64,178,32,4,1,1
candDIR_L9_64,178,33,5,1,0
candDIR_L9_64,178,34,4,0,1
candDIR_L9_64,178,35,1,0,3
candDIR_L9_64,178,36,1,0,0
candDIR_L9_64,178,37,4,3,0
candDIR_L9_64,178,38,3,0,1
candDIR_L9_64,178,39,3,0,0
candDIR_L9_64,178,40,3,0,0
candDIR_L9_64,178,41,3,1,1
candDIR_L9_64,178,42,3,0,0
candDIR_L9_64,178,43,3,0,0
candDIR_L9_64,178,44,3,0,0
candDIR_L9_64,178,45,3,0,0
candDIR_L9_64,178,46,3,0,0
candDIR_L9_64,178,47,3,1,1
candDIR_L9_64,178,48,1,0,2
candDIR_L9_64,178,49,1,0,0
candDIR_L9_64,178,50,1,0,0
candDIR_L9_64,178,51,3,2,0
candDIR_L9_64,178,52,3,0,0
candDIR_L9_64,178,53,3,0,0
candDIR_L9_64,178,54,2,0,1
candDIR_L9_64,178,55,2,0,0
candDIR_L9_64,178,56,1,0,1
candDIR_L9_64,178,57,2,1,0
candDIR_L9_64,178,58,1,0,1
candDIR_L9_64,178,59,1,0,0
candDIR_L9_64,178,60,2,1,0
candDIR_L9_64,178,61,2,0,0
candDIR_L9_64,178,62,2,0,0
candDIR_L9_64,178,63,2,0,0
candDIR_L9_64,178,64,2,0,0
candDIR_L9_64,179,1,1,0,0
candDIR_L9_64,179,2,2,1,0
candDIR_L9_64,179,3,2,0,0
candDIR_L9_64,179,4,2,0,0
candDIR_L9_64,179,5,2,0,0
candDIR_L9_64,179,6,2,0,0
candDIR_L9_64,179,7,1,0,1
candDIR_L9_64,179,8,1,0,0
candDIR_L9_64,179,9,1,0,0
candDIR_L9_64,179,10,1,0,0
candDIR_L9_64,179,11,2,1,0
candDIR_L9_64,179,12,2,0,0
candDIR_L9_64,179,13,3,1,0
candDIR_L9_64,179,14,3,0,0
candDIR_L9_64,179,15,3,0,0
candDIR_L9_64,179,16,1,0,2
candDIR_L9_64,179,17,1,0,0
candDIR_L9_64,179,18,3,2,0
candDIR_L9_64,179,19,2,0,1
candDIR_L9_64,179,20,1,0,1
candDIR_L9_64,179,21,1,0,0
candDIR_L9_64,179,22,1,0,0
candDIR_L9_64,179,23,1,0,0
candDIR_L9_64,179,24,1,0,0
candDIR_L9_64,179,25,1,0,0
candDIR_L9_64,179,26,2,1,0
candDIR_L9_64,179,27,1,0,1
candDIR_L9_64,179,28,1,0,0
candDIR_L9_64,179,29,1,0,0
candDIR_L9_64,179,30,1,0,0
candDIR_L9_64,179,31,1,0,0
candDIR_L9_64,179,32,2,1,0
candDIR_L9_64,179,33,1,0,1
candDIR_L9_64,179,34,1,0,0
candDIR_L9_64,179,35,1,0,0
candDIR_L9_64,179,36,1,0,0
candDIR_L9_64,179,37,1,0,0
candDIR_L9_64,179,38,2,1,0
candDIR_L9_64,179,39,2,0,0
candDIR_L9_64,179,40,2,0,0
candDIR_L9_64,179,41,1,0,1
candDIR_L9_64,179,42,1,0,0
candDIR_L9_64,179,43,1,0,0
candDIR_L9_64,179,44,1,0,0
candDIR_L9_64,179,45,1,0,0
candDIR_L9_64,179,46,1,0,0
candDIR_L9_64,179,47,2,1,0
candDIR_L9_64,179,48,2,0,0
candDIR_L9_64,179,49,2,0,0
candDIR_L9_64,179,50,2,0,0
candDIR_L9_64,179,51,2,0,0
candDIR_L9_64,179,52,2,0,0
candDIR_L9_64,179,53,1,0,1
candDIR_L9_64,179,54,1,0,0
candDIR_L9_64,179,55,1,0,0
candDIR_L9_64,179,56,1,0,0
candDIR_L9_64,179,57,2,1,0
candDIR_L9_64,179,58,2,0,0
candDIR_L9_64,179,59,2,0,0
candDIR_L9_64,179,60,2,0,0
candDIR_L9_64,179,61,2,0,0
candDIR_L9_64,179,62,2,0,0
candDIR_L9_64,179,63,1,0,1
candDIR_L9_64,179,64,1,0,0
candDIR_L9_64,180,1,1,0,0
candDIR_L9_64,180,2,2,1,0
candDIR_L9_64,180,3,2,0,0
candDIR_L9_64,180,4,2,0,0
candDIR_L9_64,180,5,2,0,0
candDIR_L9_64,180,6,2,0,0
candDIR_L9_64,180,7,1,0,1
candDIR_L9_64,180,8,4,3,0
candDIR_L9_64,180,9,4,0,0
candDIR_L9_64,180,10,3,0,1
candDIR_L9_64,180,11,3,0,0
candDIR_L9_64,180,12,4,1,0
candDIR_L9_64,180,13,1,0,3
candDIR_L9_64,180,14,1,0,0
candDIR_L9_64,180,15,1,0,0
candDIR_L9_64,180,16,1,0,0
candDIR_L9_64,180,17,1,0,0
candDIR_L9_64,180,18,1,0,0
candDIR_L9_64,180,19,3,2,0
candDIR_L9_64,180,20,1,0,2
candDIR_L9_64,180,21,1,0,0
candDIR_L9_64,180,22,3,2,0
candDIR_L9_64,180,23,1,0,2
candDIR_L9_64,180,24,1,0,0
candDIR_L9_64,180,25,1,0,0
candDIR_L9_64,180,26,1,0,0
candDIR_L9_64,180,27,1,0,0
candDIR_L9_64,180,28,1,0,0
candDIR_L9_64,180,29,1,0,0
candDIR_L9_64,180,30,1,0,0
candDIR_L9_64,180,31,1,0,0
candDIR_L9_64,180,32,1,0,0
candDIR_L9_64,180,33,1,0,0
candDIR_L9_64,180,34,1,0,0
candDIR_L9_64,180,35,1,0,0
candDIR_L9_64,180,36,1,0,0
candDIR_L9_64,180,37,2,1,0
candDIR_L9_64,180,38,2,0,0
candDIR_L9_64,180,39,1,0,1
candDIR_L9_64,180,40,4,3,0
candDIR_L9_64,180,41,3,0,1
candDIR_L9_64,180,42,4,1,0
candDIR_L9_64,180,43,4,1,1
candDIR_L9_64,180,44,5,1,0
candDIR_L9_64,180,45,5,0,0
candDIR_L9_64,180,46,6,1,0
candDIR_L9_64,180,47,6,0,0
candDIR_L9_64,180,48,1,0,5
candDIR_L9_64,180,49,1,0,0
candDIR_L9_64,180,50,5,4,0
candDIR_L9_64,180,51,4,0,1
candDIR_L9_64,180,52,4,0,0
candDIR_L9_64,180,53,6,2,0
candDIR_L9_64,180,54,1,0,5
candDIR_L9_64,180,55,1,0,0
candDIR_L9_64,180,56,1,0,0
candDIR_L9_64,180,57,4,3,0
candDIR_L9_64,180,58,3,0,1
candDIR_L9_64,180,59,3,0,0
candDIR_L9_64,180,60,4,1,0
candDIR_L9_64,180,61,4,0,0
candDIR_L9_64,180,62,4,0,0
candDIR_L9_64,180,63,1,0,3
candDIR_L9_64,180,64,1,0,0
candDIR_L9_64,181,1,1,0,0
candDIR_L9_64,181,2,2,1,0
candDIR_L9_64,181,3,2,0,0
candDIR_L9_64,181,4,2,0,0
candDIR_L9_64,181,5,2,0,0
candDIR_L9_64,181,6,2,0,0
candDIR_L9_64,181,7,1,0,1
candDIR_L9_64,181,8,1,0,0
candDIR_L9_64,181,9,1,0,0
candDIR_L9_64,181,10,2,1,0
candDIR_L9_64,181,11,2,0,0
candDIR_L9_64,181,12,1,0,1
candDIR_L9_64,181,13,2,1,0
candDIR_L9_64,181,14,3,1,0
candDIR_L9_64,181,15,3,0,0
candDIR_L9_64,181,16,2,0,1
candDIR_L9_64,181,17,1,0,1
candDIR_L9_64,181,18,1,0,0
candDIR_L9_64,181,19,1,0,0
candDIR_L9_64,181,20,1,0,0
candDIR_L9_64,181,21,1,0,0
candDIR_L9_64,181,22,1,0,0
candDIR_L9_64,181,23,1,0,0
candDIR_L9_64,181,24,1,0,0
candDIR_L9_64,181,25,1,0,0
candDIR_L9_64,181,26,1,0,0
candDIR_L9_64,181,27,1,0,0
candDIR_L9_64,181,28,2,1,0
candDIR_L9_64,181,29,1,0,1
candDIR_L9_64,181,30,1,0,0
candDIR_L9_64,181,31,1,0,0
candDIR_L9_64,181,32,1,0,0
candDIR_L9_64,181,33,2,1,0
candDIR_L9_64,181,34,2,0,0
candDIR_L9_64,181,35,2,0,0
candDIR_L9_64,181,36,2,0,0
candDIR_L9_64,181,37,3,1,0
candDIR_L9_64,181,38,2,0,1
candDIR_L9_64,181,39,1,0,1
candDIR_L9_64,181,40,1,0,0
candDIR_L9_64,181,41,1,0,0
candDIR_L9_64,181,42,1,0,0
candDIR_L9_64,181,43,1,0,0
candDIR_L9_64,181,44,2,1,0
candDIR_L9_64,181,45,2,0,0
candDIR_L9_64,181,46,1,0,1
candDIR_L9_64,181,47,1,0,0
candDIR_L9_64,181,48,1,0,0
candDIR_L9_64,181,49,1,0,0
candDIR_L9_64,181,50,1,0,0
candDIR_L9_64,181,51,2,1,0
candDIR_L9_64,181,52,3,1,0
candDIR_L9_64,181,53,1,0,2
candDIR_L9_64,181,54,1,0,0
candDIR_L9_64,181,55,1,0,0
candDIR_L9_64,181,56,1,0,0
candDIR_L9_64,181,57,1,0,0
candDIR_L9_64,181,58,1,0,0
candDIR_L9_64,181,59,1,0,0
candDIR_L9_64,181,60,1,0,0
candDIR_L9_64,181,61,1,0,0
candDIR_L9_64,181,62,1,0,0
candDIR_L9_64,181,63,1,0,0
candDIR_L9_64,181,64,1,0,0
candDIR_L9_64,182,1,1,0,0
candDIR_L9_64,182,2,2,1,0
candDIR_L9_64,182,3,2,0,0
candDIR_L9_64,182,4,2,0,0
candDIR_L9_64,182,5,2,0,0
candDIR_L9_64,182,6,2,0,0
candDIR_L9_64,182,7,1,0,1
candDIR_L9_64,182,8,1,0,0
candDIR_L9_64,182,9,1,0,0
candDIR_L9_64,182,10,2,1,0
candDIR_L9_64,182,11,2,0,0
candDIR_L9_64,182,12,2,0,0
candDIR_L9_64,182,13,1,0,1
candDIR_L9_64,182,14,1,0,0
candDIR_L9_64,182,15,1,0,0
candDIR_L9_64,182,16,1,0,0
candDIR_L9_64,182,17,1,0,0
candDIR_L9_64,182,18,1,0,0
candDIR_L9_64,182,19,1,0,0
candDIR_L9_64,182,20,1,0,0
candDIR_L9_64,182,21,1,0,0
candDIR_L9_64,182,22,2,1,0
candDIR_L9_64,182,23,1,0,1
candDIR_L9_64,182,24,1,0,0
candDIR_L9_64,182,25,1,0,0
candDIR_L9_64,182,26,2,1,0
candDIR_L9_64,182,27,2,0,0
candDIR_L9_64,182,28,1,0,1
candDIR_L9_64,182,29,1,0,0
candDIR_L9_64,182,30,1,0,0
candDIR_L9_64,182,31,1,0,0
candDIR_L9_64,182,32,1,0,0
candDIR_L9_64,182,33,1,0,0
candDIR_L9_64,182,34,1,0,0
candDIR_L9_64,182,35,1,0,0
candDIR_L9_64,182,36,2,1,0
candDIR_L9_64,182,37,1,0,1
candDIR_L9_64,182,38,2,1,0
candDIR_L9_64,182,39,1,0,1
candDIR_L9_64,182,40,1,0,0
candDIR_L9_64,182,41,1,0,0
candDIR_L9_64,182,42,1,0,0
candDIR_L9_64,182,43,1,0,0
candDIR_L9_64,182,44,1,0,0
candDIR_L9_64,182,45,1,0,0
candDIR_L9_64,182,46,1,0,0
candDIR_L9_64,182,47,1,0,0
candDIR_L9_64,182,48,1,0,0
candDIR_L9_64,182,49,1,0,0
candDIR_L9_64,182,50,2,1,0
candDIR_L9_64,182,51,2,0,0
candDIR_L9_64,182,52,1,0,1
candDIR_L9_64,182,53,1,0,0
candDIR_L9_64,182,54,1,0,0
candDIR_L9_64,182,55,1,0,0
candDIR_L9_64,182,56,1,0,0
candDIR_L9_64,182,57,2,1,0
candDIR_L9_64,182,58,2,0,0
candDIR_L9_64,182,59,2,0,0
candDIR_L9_64,182,60,1,0,1
candDIR_L9_64,182,61,1,0,0
candDIR_L9_64,182,62,1,0,0
candDIR_L9_64,182,63,1,0,0
candDIR_L9_64,182,64,1,0,0
candDIR_L9_64,183,1,1,0,0
candDIR_L9_64,183,2,2,1,0
candDIR_L9_64,183,3,2,0,0
candDIR_L9_64,183,4,2,0,0
candDIR_L9_64,183,5,2,0,0
candDIR_L9_64,183,6,2,0,0
candDIR_L9_64,183,7,1,0,1
candDIR_L9_64,183,8,1,0,0
candDIR_L9_64,183,9,1,0,0
candDIR_L9_64,183,10,1,0,0
candDIR_L9_64,183,11,3,2,0
candDIR_L9_64,183,12,3,0,0
candDIR_L9_64,183,13,3,0,0
candDIR_L9_64,183,14,4,1,0
candDIR_L9_64,183,15,5,1,0
candDIR_L9_64,183,16,5,0,0
candDIR_L9_64,183,17,1,0,4
candDIR_L9_64,183,18,1,0,0
candDIR_L9_64,183,19,4,3,0
candDIR_L9_64,183,20,4,0,0
candDIR_L9_64,183,21,1,0,3
candDIR_L9_64,183,22,1,0,0
candDIR_L9_64,183,23,1,0,0
candDIR_L9_64,183,24,5,4,0
candDIR_L9_64,183,25,3,0,2
candDIR_L9_64,183,26,4,1,0
candDIR_L9_64,183,27,4,0,0
candDIR_L9_64,183,28,4,0,0
candDIR_L9_64,183,29,1,0,3
candDIR_L9_64,183,30,1,0,0
candDIR_L9_64,183,31,3,2,0
candDIR_L9_64,183,32,1,0,2
candDIR_L9_64,183,33,1,0,0
candDIR_L9_64,183,34,1,0,0
candDIR_L9_64,183,35,1,0,0
candDIR_L9_64,183,36,1,0,0
candDIR_L9_64,183,37,1,0,0
candDIR_L9_64,183,38,1,0,0
candDIR_L9_64,183,39,1,0,0
candDIR_L9_64,183,40,1,0,0
candDIR_L9_64,183,41,1,0,0
candDIR_L9_64,183,42,2,1,0
candDIR_L9_64,183,43,1,0,1
candDIR_L9_64,183,44,1,0,0
candDIR_L9_64,183,45,1,0,0
candDIR_L9_64,183,46,1,0,0
candDIR_L9_64,183,47,2,1,0
candDIR_L9_64,183,48,1,0,1
candDIR_L9_64,183,49,2,1,0
candDIR_L9_64,183,50,3,1,0
candDIR_L9_64,183,51,4,1,0
candDIR_L9_64,183,52,1,0,3
candDIR_L9_64,183,53,3,2,0
candDIR_L9_64,183,54,1,0,2
candDIR_L9_64,183,55,1,0,0
candDIR_L9_64,183,56,1,0,0
candDIR_L9_64,183,57,1,0,0
candDIR_L9_64,183,58,1,0,0
candDIR_L9_64,183,59,2,1,0
candDIR_L9_64,183,60,2,0,0
candDIR_L9_64,183,61,2,0,0
candDIR_L9_64,183,62,1,0,1
candDIR_L9_64,183,63,1,0,0
candDIR_L9_64,183,64,1,0,0
candDIR_L9_64,184,1,1,0,0
candDIR_L9_64,184,2,2,1,0
candDIR_L9_64,184,3,2,0,0
candDIR_L9_64,184,4,2,0,0
candDIR_L9_64,184,5,2,0,0
candDIR_L9_64,184,6,2,0,0
candDIR_L9_64,184,7,1,0,1
candDIR_L9_64,184,8,1,0,0
candDIR_L9_64,184,9,1,0,0
candDIR_L9_64,184,10,1,0,0
candDIR_L9_64,184,11,1,0,0
candDIR_L9_64,184,12,1,0,0
candDIR_L9_64,184,13,1,0,0
candDIR_L9_64,184,14,1,0,0
candDIR_L9_64,184,15,1,0,0
candDIR_L9_64,184,16,1,0,0
candDIR_L9_64,184,17,1,0,0
candDIR_L9_64,184,18,1,0,0
candDIR_L9_64,184,19,1,0,0
candDIR_L9_64,184,20,1,0,0
candDIR_L9_64,184,21,1,0,0
candDIR_L9_64,184,22,1,0,0
candDIR_L9_64,184,23,1,0,0
candDIR_L9_64,184,24,1,0,0
candDIR_L9_64,184,25,1,0,0
candDIR_L9_64,184,26,1,0,0
candDIR_L9_64,184,27,1,0,0
candDIR_L9_64,184,28,1,0,0
candDIR_L9_64,184,29,1,0,0
candDIR_L9_64,184,30,1,0,0
candDIR_L9_64,184,31,1,0,0
candDIR_L9_64,184,32,2,1,0
candDIR_L9_64,184,33,2,0,0
candDIR_L9_64,184,34,2,0,0
candDIR_L9_64,184,35,2,0,0
candDIR_L9_64,184,36,3,1,0
candDIR_L9_64,184,37,3,0,0
candDIR_L9_64,184,38,3,0,0
candDIR_L9_64,184,39,4,1,0
candDIR_L9_64,184,40,3,1,2
candDIR_L9_64,184,41,5,2,0
candDIR_L9_64,184,42,4,0,1
candDIR_L9_64,184,43,1,0,3
candDIR_L9_64,184,44,1,0,0
candDIR_L9_64,184,45,1,0,0
candDIR_L9_64,184,46,2,1,0
candDIR_L9_64,184,47,2,0,0
candDIR_L9_64,184,48,2,0,0
candDIR_L9_64,184,49,2,0,0
candDIR_L9_64,184,50,2,0,0
candDIR_L9_64,184,51,2,0,0
candDIR_L9_64,184,52,2,0,0
candDIR_L9_64,184,53,2,0,0
candDIR_L9_64,184,54,1,0,1
candDIR_L9_64,184,55,1,0,0
candDIR_L9_64,184,56,2,1,0
candDIR_L9_64,184,57,2,0,0
candDIR_L9_64,184,58,3,1,0
candDIR_L9_64,184,59,3,0,0
candDIR_L9_64,184,60,4,1,0
candDIR_L9_64,184,61,3,0,1
candDIR_L9_64,184,62,1,0,2
candDIR_L9_64,184,63,1,0,0
candDIR_L9_64,184,64,2,1,0
candDIR_L9_64,185,1,1,0,0
candDIR_L9_64,185,2,2,1,0
candDIR_L9_64,185,3,2,0,0
candDIR_L9_64,185,4,2,0,0
candDIR_L9_64,185,5,2,0,0
candDIR_L9_64,185,6,2,0,0
candDIR_L9_64,185,7,1,0,1
candDIR_L9_64,185,8,1,0,0
candDIR_L9_64,185,9,1,0,0
candDIR_L9_64,185,10,1,0,0
candDIR_L9_64,185,11,2,1,0
candDIR_L9_64,185,12,2,0,0
candDIR_L9_64,185,13,2,0,0
candDIR_L9_64,185,14,1,0,1
candDIR_L9_64,185,15,1,0,0
candDIR_L9_64,185,16,1,0,0
candDIR_L9_64,185,17,1,0,0
candDIR_L9_64,185,18,2,1,0
candDIR_L9_64,185,19,3,1,0
candDIR_L9_64,185,20,4,1,0
candDIR_L9_64,185,21,1,0,3
candDIR_L9_64,185,22,1,0,0
candDIR_L9_64,185,23,1,0,0
candDIR_L9_64,185,24,1,0,0
candDIR_L9_64,185,25,3,2,0
candDIR_L9_64,185,26,3,0,0
candDIR_L9_64,185,27,3,0,0
candDIR_L9_64,185,28,3,0,0
candDIR_L9_64,185,29,3,0,0
candDIR_L9_64,185,30,1,0,2
candDIR_L9_64,185,31,3,2,0
candDIR_L9_64,185,32,1,0,2
candDIR_L9_64,185,33,1,0,0
candDIR_L9_64,185,34,1,0,0
candDIR_L9_64,185,35,1,0,0
candDIR_L9_64,185,36,1,0,0
candDIR_L9_64,185,37,1,0,0
candDIR_L9_64,185,38,2,1,0
candDIR_L9_64,185,39,1,0,1
candDIR_L9_64,185,40,2,1,0
candDIR_L9_64,185,41,1,0,1
candDIR_L9_64,185,42,2,1,0
candDIR_L9_64,185,43,2,0,0
candDIR_L9_64,185,44,3,1,0
candDIR_L9_64,185,45,3,0,0
candDIR_L9_64,185,46,2,0,1
candDIR_L9_64,185,47,2,0,0
candDIR_L9_64,185,48,2,0,0
candDIR_L9_64,185,49,2,0,0
candDIR_L9_64,185,50,1,0,1
candDIR_L9_64,185,51,1,0,0
candDIR_L9_64,185,52,1,0,0
candDIR_L9_64,185,53,2,1,0
candDIR_L9_64,185,54,2,0,0
candDIR_L9_64,185,55,3,1,0
candDIR_L9_64,185,56,1,0,2
candDIR_L9_64,185,57,2,1,0
candDIR_L9_64,185,58,2,0,0
candDIR_L9_64,185,59,2,0,0
candDIR_L9_64,185,60,1,0,1
candDIR_L9_64,185,61,1,0,0
candDIR_L9_64,185,62,1,0,0
candDIR_L9_64,185,63,1,0,0
candDIR_L9_64,185,64,2,1,0
candDIR_L9_64,186,1,1,0,0
candDIR_L9_64,186,2,2,1,0
candDIR_L9_64,186,3,2,0,0
candDIR_L9_64,186,4,2,0,0
candDIR_L9_64,186,5,2,0,0
candDIR_L9_64,186,6,2,0,0
candDIR_L9_64,186,7,1,0,1
candDIR_L9_64,186,8,1,0,0
candDIR_L9_64,186,9,1,0,0
candDIR_L9_64,186,10,4,3,0
candDIR_L9_64,186,11,3,0,1
candDIR_L9_64,186,12,4,1,0
candDIR_L9_64,186,13,1,0,3
candDIR_L9_64,186,14,1,0,0
candDIR_L9_64,186,15,1,0,0
candDIR_L9_64,186,16,1,0,0
candDIR_L9_64,186,17,1,0,0
candDIR_L9_64,186,18,1,0,0
candDIR_L9_64,186,19,1,0,0
candDIR_L9_64,186,20,1,0,0
candDIR_L9_64,186,21,1,0,0
candDIR_L9_64,186,22,1,0,0
candDIR_L9_64,186,23,3,2,0
candDIR_L9_64,186,24,1,0,2
candDIR_L9_64,186,25,1,0,0
candDIR_L9_64,186,26,1,0,0
candDIR_L9_64,186,27,2,1,0
candDIR_L9_64,186,28,3,1,0
candDIR_L9_64,186,29,4,1,0
candDIR_L9_64,186,30,4,0,0
candDIR_L9_64,186,31,1,0,3
candDIR_L9_64,186,32,1,0,0
candDIR_L9_64,186,33,2,1,0
candDIR_L9_64,186,34,2,0,0
candDIR_L9_64,186,35,2,0,0
candDIR_L9_64,186,36,1,0,1
candDIR_L9_64,186,37,1,0,0
candDIR_L9_64,186,38,1,0,0
candDIR_L9_64,186,39,2,1,0
candDIR_L9_64,186,40,1,0,1
candDIR_L9_64,186,41,3,2,0
candDIR_L9_64,186,42,1,0,2
candDIR_L9_64,186,43,3,2,0
candDIR_L9_64,186,44,1,0,2
candDIR_L9_64,186,45,2,1,0
candDIR_L9_64,186,46,2,0,0
candDIR_L9_64,186,47,2,0,0
candDIR_L9_64,186,48,3,1,0
candDIR_L9_64,186,49,3,0,0
candDIR_L9_64,186,50,2,0,1
candDIR_L9_64,186,51,2,0,0
candDIR_L9_64,186,52,2,0,0
candDIR_L9_64,186,53,1,0,1
candDIR_L9_64,186,54,1,0,0
candDIR_L9_64,186,55,1,0,0
candDIR_L9_64,186,56,1,0,0
candDIR_L9_64,186,57,2,1,0
candDIR_L9_64,186,58,1,0,1
candDIR_L9_64,186,59,1,0,0
candDIR_L9_64,186,60,2,1,0
candDIR_L9_64,186,61,1,0,1
candDIR_L9_64,186,62,1,0,0
candDIR_L9_64,186,63,1,0,0
candDIR_L9_64,186,64,1,0,0
candDIR_L9_64,187,1,1,0,0
candDIR_L9_64,187,2,2,1,0
candDIR_L9_64,187,3,2,0,0
candDIR_L9_64,187,4,2,0,0
candDIR_L9_64,187,5,2,0,0
candDIR_L9_64,187,6,2,0,0
candDIR_L9_64,187,7,1,0,1
candDIR_L9_64,187,8,1,0,0
candDIR_L9_64,187,9,1,0,0
candDIR_L9_64,187,10,1,0,0
candDIR_L9_64,187,11,3,2,0
candDIR_L9_64,187,12,1,0,2
candDIR_L9_64,187,13,1,0,0
candDIR_L9_64,187,14,1,0,0
candDIR_L9_64,187,15,1,0,0
candDIR_L9_64,187,16,1,0,0
candDIR_L9_64,187,17,1,0,0
candDIR_L9_64,187,18,1,0,0
candDIR_L9_64,187,19,1,0,0
candDIR_L9_64,187,20,1,0,0
candDIR_L9_64,187,21,1,0,0
candDIR_L9_64,187,22,1,0,0
candDIR_L9_64,187,23,1,0,0
candDIR_L9_64,187,24,1,0,0
candDIR_L9_64,187,25,1,0,0
candDIR_L9_64,187,26,2,1,0
candDIR_L9_64,187,27,3,1,0
candDIR_L9_64,187,28,1,0,2
candDIR_L9_64,187,29,1,0,0
candDIR_L9_64,187,30,1,0,0
candDIR_L9_64,187,31,1,0,0
candDIR_L9_64,187,32,3,2,0
candDIR_L9_64,187,33,1,0,2
candDIR_L9_64,187,34,1,0,0
candDIR_L9_64,187,35,3,2,0
candDIR_L9_64,187,36,3,0,0
candDIR_L9_64,187,37,3,0,0
candDIR_L9_64,187,38,3,0,0
candDIR_L9_64,187,39,3,0,0
candDIR_L9_64,187,40,1,0,2
candDIR_L9_64,187,41,1,0,0
candDIR_L9_64,187,42,1,0,0
candDIR_L9_64,187,43,1,0,0
candDIR_L9_64,187,44,2,1,0
candDIR_L9_64,187,45,1,0,1
candDIR_L9_64,187,46,3,2,0
candDIR_L9_64,187,47,2,0,1
candDIR_L9_64,187,48,1,0,1
candDIR_L9_64,187,49,1,0,0
candDIR_L9_64,187,50,3,2,0
candDIR_L9_64,187,51,3,0,0
candDIR_L9_64,187,52,3,0,0
candDIR_L9_64,187,53,1,0,2
candDIR_L9_64,187,54,1,0,0
candDIR_L9_64,187,55,3,2,0
candDIR_L9_64,187,56,3,0,0
candDIR_L9_64,187,57,2,0,1
candDIR_L9_64,187,58,3,1,0
candDIR_L9_64,187,59,3,0,0
candDIR_L9_64,187,60,3,0,0
candDIR_L9_64,187,61,1,0,2
candDIR_L9_64,187,62,1,0,0
candDIR_L9_64,187,63,2,1,0
candDIR_L9_64,187,64,3,1,0
candDIR_L9_64,188,1,1,0,0
candDIR_L9_64,188,2,2,1,0
candDIR_L9_64,188,3,2,0,0
candDIR_L9_64,188,4,2,0,0
candDIR_L9_64,188,5,2,0,0
candDIR_L9_64,188,6,2,0,0
candDIR_L9_64,188,7,1,0,1
candDIR_L9_64,188,8,1,0,0
candDIR_L9_64,188,9,1,0,0
candDIR_L9_64,188,10,1,0,0
candDIR_L9_64,188,11,1,0,0
candDIR_L9_64,188,12,1,0,0
candDIR_L9_64,188,13,1,0,0
candDIR_L9_64,188,14,1,0,0
candDIR_L9_64,188,15,1,0,0
candDIR_L9_64,188,16,1,0,0
candDIR_L9_64,188,17,1,0,0
candDIR_L9_64,188,18,1,0,0
candDIR_L9_64,188,19,1,0,0
candDIR_L9_64,188,20,1,0,0
candDIR_L9_64,188,21,1,0,0
candDIR_L9_64,188,22,1,0,0
candDIR_L9_64,188,23,1,0,0
candDIR_L9_64,188,24,1,0,0
candDIR_L9_64,188,25,2,1,0
candDIR_L9_64,188,26,2,0,0
candDIR_L9_64,188,27,1,0,1
candDIR_L9_64,188,28,1,0,0
candDIR_L9_64,188,29,1,0,0
candDIR_L9_64,188,30,1,0,0
candDIR_L9_64,188,31,1,0,0
candDIR_L9_64,188,32,1,0,0
candDIR_L9_64,188,33,1,0,0
candDIR_L9_64,188,34,1,0,0
candDIR_L9_64,188,35,1,0,0
candDIR_L9_64,188,36,1,0,0
candDIR_L9_64,188,37,1,0,0
candDIR_L9_64,188,38,1,0,0
candDIR_L9_64,188,39,1,0,0
candDIR_L9_64,188,40,2,1,0
candDIR_L9_64,188,41,3,1,0
candDIR_L9_64,188,42,2,0,1
candDIR_L9_64,188,43,3,1,0
candDIR_L9_64,188,44,3,0,0
candDIR_L9_64,188,45,1,0,2
candDIR_L9_64,188,46,1,0,0
candDIR_L9_64,188,47,2,1,0
candDIR_L9_64,188,48,1,0,1
candDIR_L9_64,188,49,1,0,0
candDIR_L9_64,188,50,1,0,0
candDIR_L9_64,188,51,1,0,0
candDIR_L9_64,188,52,1,0,0
candDIR_L9_64,188,53,1,0,0
candDIR_L9_64,188,54,1,0,0
candDIR_L9_64,188,55,1,0,0
candDIR_L9_64,188,56,1,0,0
candDIR_L9_64,188,57,2,1,0
candDIR_L9_64,188,58,1,0,1
candDIR_L9_64,188,59,1,0,0
candDIR_L9_64,188,60,1,0,0
candDIR_L9_64,188,61,1,0,0
candDIR_L9_64,188,62,2,1,0
candDIR_L9_64,188,63,2,0,0
candDIR_L9_64,188,64,1,0,1
candDIR_L9_64,189,1,1,0,0
candDIR_L9_64,189,2,2,1,0
candDIR_L9_64,189,3,2,0,0
candDIR_L9_64,189,4,2,0,0
candDIR_L9_64,189,5,2,0,0
candDIR_L9_64,189,6,2,0,0
candDIR_L9_64,189,7,1,0,1
candDIR_L9_64,189,8,1,0,0
candDIR_L9_64,189,9,1,0,0
candDIR_L9_64,189,10,1,0,0
candDIR_L9_64,189,11,2,1,0
candDIR_L9_64,189,12,1,0,1
candDIR_L9_64,189,13,1,0,0
candDIR_L9_64,189,14,2,1,0
candDIR_L9_64,189,15,3,1,0
candDIR_L9_64,189,16,3,0,0
candDIR_L9_64,189,17,3,0,0
candDIR_L9_64,189,18,3,0,0
candDIR_L9_64,189,19,1,0,2
candDIR_L9_64,189,20,1,0,0
candDIR_L9_64,189,21,1,0,0
candDIR_L9_64,189,22,1,0,0
candDIR_L9_64,189,23,1,0,0
candDIR_L9_64,189,24,1,0,0
candDIR_L9_64,189,25,1,0,0
candDIR_L9_64,189,26,1,0,0
candDIR_L9_64,189,27,1,0,0
candDIR_L9_64,189,28,1,0,0
candDIR_L9_64,189,29,2,1,0
candDIR_L9_64,189,30,2,0,0
candDIR_L9_64,189,31,3,1,0
candDIR_L9_64,189,32,3,0,0
candDIR_L9_64,189,33,1,0,2
candDIR_L9_64,189,34,1,0,0
candDIR_L9_64,189,35,1,0,0
candDIR_L9_64,189,36,1,0,0
candDIR_L9_64,189,37,1,0,0
candDIR_L9_64,189,38,3,2,0
candDIR_L9_64,189,39,1,0,2
candDIR_L9_64,189,40,3,2,0
candDIR_L9_64,189,41,3,0,0
candDIR_L9_64,189,42,2,0,1
candDIR_L9_64,189,43,2,0,0
candDIR_L9_64,189,44,2,0,0
candDIR_L9_64,189,45,1,0,1
candDIR_L9_64,189,46,1,0,0
candDIR_L9_64,189,47,1,0,0
candDIR_L9_64,189,48,3,2,0
candDIR_L9_64,189,49,2,0,1
candDIR_L9_64,189,50,2,0,0
candDIR_L9_64,189,51,4,2,0
candDIR_L9_64,189,52,4,0,0
candDIR_L9_64,189,53,5,1,0
candDIR_L9_64,189,54,1,0,4
candDIR_L9_64,189,55,1,0,0
candDIR_L9_64,189,56,1,0,0
candDIR_L9_64,189,57,1,0,0
candDIR_L9_64,189,58,3,2,0
candDIR_L9_64,189,59,2,0,1
candDIR_L9_64,189,60,2,0,0
candDIR_L9_64,189,61,2,0,0
candDIR_L9_64,189,62,3,1,0
candDIR_L9_64,189,63,4,1,0
candDIR_L9_64,189,64,3,0,1
candDIR_L9_64,190,1,1,0,0
candDIR_L9_64,190,2,2,1,0
candDIR_L9_64,190,3,2,0,0
candDIR_L9_64,190,4,2,0,0
candDIR_L9_64,190,5,2,0,0
candDIR_L9_64,190,6,2,0,0
candDIR_L9_64,190,7,3,1,0
candDIR_L9_64,190,8,1,0,2
candDIR_L9_64,190,9,1,0,0
candDIR_L9_64,190,10,1,0,0
candDIR_L9_64,190,11,1,0,0
candDIR_L9_64,190,12,2,1,0
candDIR_L9_64,190,13,3,1,0
candDIR_L9_64,190,14,2,0,1
candDIR_L9_64,190,15,1,0,1
candDIR_L9_64,190,16,1,0,0
candDIR_L9_64,190,17,1,0,0
candDIR_L9_64,190,18,1,0,0
candDIR_L9_64,190,19,1,0,0
candDIR_L9_64,190,20,1,0,0
candDIR_L9_64,190,21,1,0,0
candDIR_L9_64,190,22,1,0,0
candDIR_L9_64,190,23,1,0,0
candDIR_L9_64,190,24,1,0,0
candDIR_L9_64,190,25,1,0,0
candDIR_L9_64,190,26,2,1,0
candDIR_L9_64,190,27,2,0,0
candDIR_L9_64,190,28,3,1,0
candDIR_L9_64,190,29,1,0,2
candDIR_L9_64,190,30,1,0,0
candDIR_L9_64,190,31,2,1,0
candDIR_L9_64,190,32,3,1,0
candDIR_L9_64,190,33,1,0,2
candDIR_L9_64,190,34,1,0,0
candDIR_L9_64,190,35,1,0,0
candDIR_L9_64,190,36,2,1,0
candDIR_L9_64,190,37,2,0,0
candDIR_L9_64,190,38,3,1,0
candDIR_L9_64,190,39,2,0,1
candDIR_L9_64,190,40,3,1,0
candDIR_L9_64,190,41,2,0,1
candDIR_L9_64,190,42,2,0,0
candDIR_L9_64,190,43,2,0,0
candDIR_L9_64,190,44,2,0,0
candDIR_L9_64,190,45,1,0,1
candDIR_L9_64,190,46,1,0,0
candDIR_L9_64,190,47,1,0,0
candDIR_L9_64,190,48,1,0,0
candDIR_L9_64,190,49,2,1,0
candDIR_L9_64,190,50,2,0,0
candDIR_L9_64,190,51,1,0,1
candDIR_L9_64,190,52,1,0,0
candDIR_L9_64,190,53,1,0,0
candDIR_L9_64,190,54,1,0,0
candDIR_L9_64,190,55,1,0,0
candDIR_L9_64,190,56,1,0,0
candDIR_L9_64,190,57,2,1,0
candDIR_L9_64,190,58,3,1,0
candDIR_L9_64,190,59,3,0,0
candDIR_L9_64,190,60,3,0,0
candDIR_L9_64,190,61,3,0,0
candDIR_L9_64,190,62,1,0,2
candDIR_L9_64,190,63,1,0,0
candDIR_L9_64,190,64,3,2,0
candDIR_L9_64,191,1,1,0,0
candDIR_L9_64,191,2,2,1,0
candDIR_L9_64,191,3,2,0,0
candDIR_L9_64,191,4,2,0,0
candDIR_L9_64,191,5,2,0,0
candDIR_L9_64,191,6,2,0,0
candDIR_L9_64,191,7,1,0,1
candDIR_L9_64,191,8,1,0,0
candDIR_L9_64,191,9,1,0,0
candDIR_L9_64,191,10,2,1,0
candDIR_L9_64,191,11,2,0,0
candDIR_L9_64,191,12,2,0,0
candDIR_L9_64,191,13,2,0,0
candDIR_L9_64,191,14,2,0,0
candDIR_L9_64,191,15,1,0,1
candDIR_L9_64,191,16,1,0,0
candDIR_L9_64,191,17,1,0,0
candDIR_L9_64,191,18,1,0,0
candDIR_L9_64,191,19,2,1,0
candDIR_L9_64,191,20,3,1,0
candDIR_L9_64,191,21,1,0,2
candDIR_L9_64,191,22,1,0,0
candDIR_L9_64,191,23,1,0,0
candDIR_L9_64,191,24,1,0,0
candDIR_L9_64,191,25,1,0,0
candDIR_L9_64,191,26,2,1,0
candDIR_L9_64,191,27,2,0,0
candDIR_L9_64,191,28,1,0,1
candDIR_L9_64,191,29,1,0,0
candDIR_L9_64,191,30,2,1,0
candDIR_L9_64,191,31,1,0,1
candDIR_L9_64,191,32,1,0,0
candDIR_L9_64,191,33,1,0,0
candDIR_L9_64,191,34,1,0,0
candDIR_L9_64,191,35,1,0,0
candDIR_L9_64,191,36,1,0,0
candDIR_L9_64,191,37,1,0,0
candDIR_L9_64,191,38,1,0,0
candDIR_L9_64,191,39,1,0,0
candDIR_L9_64,191,40,1,0,0
candDIR_L9_64,191,41,1,0,0
candDIR_L9_64,191,42,2,1,0
candDIR_L9_64,191,43,2,0,0
candDIR_L9_64,191,44,2,0,0
candDIR_L9_64,191,45,1,0,1
candDIR_L9_64,191,46,2,1,0
candDIR_L9_64,191,47,3,1,0
candDIR_L9_64,191,48,3,0,0
candDIR_L9_64,191,49,2,0,1
candDIR_L9_64,191,50,2,0,0
candDIR_L9_64,191,51,2,0,0
candDIR_L9_64,191,52,2,0,0
candDIR_L9_64,191,53,1,0,1
candDIR_L9_64,191,54,2,1,0
candDIR_L9_64,191,55,1,0,1
candDIR_L9_64,191,56,1,0,0
candDIR_L9_64,191,57,2,1,0
candDIR_L9_64,191,58,1,0,1
candDIR_L9_64,191,59,1,0,0
candDIR_L9_64,191,60,1,0,0
candDIR_L9_64,191,61,1,0,0
candDIR_L9_64,191,62,1,0,0
candDIR_L9_64,191,63,1,0,0
candDIR_L9_64,191,64,1,0,0
candDIR_L9_64,192,1,1,0,0
candDIR_L9_64,192,2,2,1,0
candDIR_L9_64,192,3,2,0,0
candDIR_L9_64,192,4,2,0,0
candDIR_L9_64,192,5,2,0,0
candDIR_L9_64,192,6,2,0,0
candDIR_L9_64,192,7,1,0,1
candDIR_L9_64,192,8,1,0,0
candDIR_L9_64,192,9,1,0,0
candDIR_L9_64,192,10,1,0,0
candDIR_L9_64,192,11,1,0,0
candDIR_L9_64,192,12,3,2,0
candDIR_L9_64,192,13,1,0,2
candDIR_L9_64,192,14,1,0,0
candDIR_L9_64,192,15,1,0,0
candDIR_L9_64,192,16,1,0,0
candDIR_L9_64,192,17,1,0,0
candDIR_L9_64,192,18,1,0,0
candDIR_L9_64,192,19,1,0,0
candDIR_L9_64,192,20,1,0,0
candDIR_L9_64,192,21,1,0,0
candDIR_L9_64,192,22,1,0,0
candDIR_L9_64,192,23,1,0,0
candDIR_L9_64,192,24,1,0,0
candDIR_L9_64,192,25,2,1,0
candDIR_L9_64,192,26,2,0,0
candDIR_L9_64,192,27,3,1,0
candDIR_L9_64,192,28,1,0,2
candDIR_L9_64,192,29,1,0,0
candDIR_L9_64,192,30,1,0,0
candDIR_L9_64,192,31,1,0,0
candDIR_L9_64,192,32,1,0,0
candDIR_L9_64,192,33,1,0,0
candDIR_L9_64,192,34,1,0,0
candDIR_L9_64,192,35,2,1,0
candDIR_L9_64,192,36,1,0,1
candDIR_L9_64,192,37,2,1,0
candDIR_L9_64,192,38,2,0,0
candDIR_L9_64,192,39,2,0,0
candDIR_L9_64,192,40,2,0,0
candDIR_L9_64,192,41,2,0,0
candDIR_L9_64,192,42,3,1,0
candDIR_L9_64,192,43,4,1,0
candDIR_L9_64,192,44,3,0,1
candDIR_L9_64,192,45,1,0,2
candDIR_L9_64,192,46,3,2,0
candDIR_L9_64,192,47,3,0,0
candDIR_L9_64,192,48,1,0,2
candDIR_L9_64,192,49,3,2,0
candDIR_L9_64,192,50,3,0,0
candDIR_L9_64,192,51,4,1,0
candDIR_L9_64,192,52,4,0,0
candDIR_L9_64,192,53,3,0,1
candDIR_L9_64,192,54,5,2,0
candDIR_L9_64,192,55,1,0,4
candDIR_L9_64,192,56,5,4,0
candDIR_L9_64,192,57,2,0,3
candDIR_L9_64,192,58,2,0,0
candDIR_L9_64,192,59,3,1,0
candDIR_L9_64,192,60,2,0,1
candDIR_L9_64,192,61,4,2,0
candDIR_L9_64,192,62,4,1,1
candDIR_L9_64,192,63,4,1,1
candDIR_L9_64,192,64,1,0,3
candDIR_L9_64,193,1,1,0,0
candDIR_L9_64,193,2,2,1,0
candDIR_L9_64,193,3,2,0,0
candDIR_L9_64,193,4,2,0,0
candDIR_L9_64,193,5,2,0,0
candDIR_L9_64,193,6,2,0,0
candDIR_L9_64,193,7,1,0,1
candDIR_L9_64,193,8,1,0,0
candDIR_L9_64,193,9,1,0,0
candDIR_L9_64,193,10,1,0,0
candDIR_L9_64,193,11,1,0,0
candDIR_L9_64,193,12,1,0,0
candDIR_L9_64,193,13,1,0,0
candDIR_L9_64,193,14,2,1,0
candDIR_L9_64,193,15,1,0,1
candDIR_L9_64,193,16,1,0,0
candDIR_L9_64,193,17,1,0,0
candDIR_L9_64,193,18,1,0,0
candDIR_L9_64,193,19,1,0,0
candDIR_L9_64,193,20,1,0,0
candDIR_L9_64,193,21,1,0,0
candDIR_L9_64,193,22,1,0,0
candDIR_L9_64,193,23,1,0,0
candDIR_L9_64,193,24,1,0,0
candDIR_L9_64,193,25,1,0,0
candDIR_L9_64,193,26,1,0,0
candDIR_L9_64,193,27,1,0,0
candDIR_L9_64,193,28,1,0,0
candDIR_L9_64,193,29,1,0,0
candDIR_L9_64,193,30,1,0,0
candDIR_L9_64,193,31,2,1,0
candDIR_L9_64,193,32,3,1,0
candDIR_L9_64,193,33,1,0,2
candDIR_L9_64,193,34,1,0,0
candDIR_L9_64,193,35,1,0,0
candDIR_L9_64,193,36,3,2,0
candDIR_L9_64,193,37,3,0,0
candDIR_L9_64,193,38,4,1,0
candDIR_L9_64,193,39,4,0,0
candDIR_L9_64,193,40,2,0,2
candDIR_L9_64,193,41,3,1,0
candDIR_L9_64,193,42,1,0,2
candDIR_L9_64,193,43,1,0,0
candDIR_L9_64,193,44,3,2,0
candDIR_L9_64,193,45,1,0,2
candDIR_L9_64,193,46,1,0,0
candDIR_L9_64,193,47,1,0,0
candDIR_L9_64,193,48,2,1,0
candDIR_L9_64,193,49,2,0,0
candDIR_L9_64,193,50,2,0,0
candDIR_L9_64,193,51,1,0,1
candDIR_L9_64,193,52,1,0,0
candDIR_L9_64,193,53,2,1,0
candDIR_L9_64,193,54,1,0,1
candDIR_L9_64,193,55,1,0,0
candDIR_L9_64,193,56,1,0,0
candDIR_L9_64,193,57,2,1,0
candDIR_L9_64,193,58,2,0,0
candDIR_L9_64,193,59,1,0,1
candDIR_L9_64,193,60,2,1,0
candDIR_L9_64,193,61,1,0,1
candDIR_L9_64,193,62,2,1,0
candDIR_L9_64,193,63,1,0,1
candDIR_L9_64,193,64,1,0,0
candDIR_L9_64,194,1,1,0,0
candDIR_L9_64,194,2,2,1,0
candDIR_L9_64,194,3,2,0,0
candDIR_L9_64,194,4,2,0,0
candDIR_L9_64,194,5,2,0,0
candDIR_L9_64,194,6,2,0,0
candDIR_L9_64,194,7,1,0,1
candDIR_L9_64,194,8,1,0,0
candDIR_L9_64,194,9,1,0,0
candDIR_L9_64,194,10,1,0,0
candDIR_L9_64,194,11,1,0,0
candDIR_L9_64,194,12,2,1,0
candDIR_L9_64,194,13,1,0,1
candDIR_L9_64,194,14,1,0,0
candDIR_L9_64,194,15,1,0,0
candDIR_L9_64,194,16,1,0,0
candDIR_L9_64,194,17,1,0,0
candDIR_L9_64,194,18,1,0,0
candDIR_L9_64,194,19,2,1,0
candDIR_L9_64,194,20,3,1,0
candDIR_L9_64,194,21,1,0,2
candDIR_L9_64,194,22,1,0,0
candDIR_L9_64,194,23,1,0,0
candDIR_L9_64,194,24,1,0,0
candDIR_L9_64,194,25,1,0,0
candDIR_L9_64,194,26,2,1,0
candDIR_L9_64,194,27,1,0,1
candDIR_L9_64,194,28,1,0,0
candDIR_L9_64,194,29,2,1,0
candDIR_L9_64,194,30,3,1,0
candDIR_L9_64,194,31,1,0,2
candDIR_L9_64,194,32,1,0,0
candDIR_L9_64,194,33,2,1,0
candDIR_L9_64,194,34,2,0,0
candDIR_L9_64,194,35,2,0,0
candDIR_L9_64,194,36,2,0,0
candDIR_L9_64,194,37,2,0,0
candDIR_L9_64,194,38,1,0,1
candDIR_L9_64,194,39,1,0,0
candDIR_L9_64,194,40,2,1,0
candDIR_L9_64,194,41,1,0,1
candDIR_L9_64,194,42,1,0,0
candDIR_L9_64,194,43,1,0,0
candDIR_L9_64,194,44,1,0,0
candDIR_L9_64,194,45,1,0,0
candDIR_L9_64,194,46,2,1,0
candDIR_L9_64,194,47,2,0,0
candDIR_L9_64,194,48,1,0,1
candDIR_L9_64,194,49,1,0,0
candDIR_L9_64,194,50,1,0,0
candDIR_L9_64,194,51,1,0,0
candDIR_L9_64,194,52,1,0,0
candDIR_L9_64,194,53,1,0,0
candDIR_L9_64,194,54,1,0,0
candDIR_L9_64,194,55,1,0,0
candDIR_L9_64,194,56,1,0,0
candDIR_L9_64,194,57,2,1,0
candDIR_L9_64,194,58,2,0,0
candDIR_L9_64,194,59,2,0,0
candDIR_L9_64,194,60,2,0,0
candDIR_L9_64,194,61,2,0,0
candDIR_L9_64,194,62,2,0,0
candDIR_L9_64,194,63,1,0,1
candDIR_L9_64,194,64,1,0,0
candDIR_L9_64,195,1,1,0,0
candDIR_L9_64,195,2,2,1,0
candDIR_L9_64,195,3,2,0,0
candDIR_L9_64,195,4,2,0,0
candDIR_L9_64,195,5,2,0,0
candDIR_L9_64,195,6,2,0,0
candDIR_L9_64,195,7,1,0,1
candDIR_L9_64,195,8,1,0,0
candDIR_L9_64,195,9,1,0,0
candDIR_L9_64,195,10,4,3,0
candDIR_L9_64,195,11,1,0,3
candDIR_L9_64,195,12,4,3,0
candDIR_L9_64,195,13,4,0,0
candDIR_L9_64,195,14,3,0,1
candDIR_L9_64,195,15,1,0,2
candDIR_L9_64,195,16,1,0,0
candDIR_L9_64,195,17,1,0,0
candDIR_L9_64,195,18,1,0,0
candDIR_L9_64,195,19,2,1,0
candDIR_L9_64,195,20,1,0,1
candDIR_L9_64,195,21,1,0,0
candDIR_L9_64,195,22,1,0,0
candDIR_L9_64,195,23,1,0,0
candDIR_L9_64,195,24,1,0,0
candDIR_L9_64,195,25,1,0,0
candDIR_L9_64,195,26,1,0,0
candDIR_L9_64,195,27,1,0,0
candDIR_L9_64,195,28,2,1,0
candDIR_L9_64,195,29,1,0,1
candDIR_L9_64,195,30,1,0,0
candDIR_L9_64,195,31,1,0,0
candDIR_L9_64,195,32,3,2,0
candDIR_L9_64,195,33,4,1,0
candDIR_L9_64,195,34,4,0,0
candDIR_L9_64,195,35,1,0,3
candDIR_L9_64,195,36,3,2,0
candDIR_L9_64,195,37,3,0,0
candDIR_L9_64,195,38,3,1,1
candDIR_L9_64,195,39,1,0,2
candDIR_L9_64,195,40,3,2,0
candDIR_L9_64,195,41,3,0,0
candDIR_L9_64,195,42,4,1,0
candDIR_L9_64,195,43,1,0,3
candDIR_L9_64,195,44,1,0,0
candDIR_L9_64,195,45,1,0,0
candDIR_L9_64,195,46,1,0,0
candDIR_L9_64,195,47,3,2,0
candDIR_L9_64,195,48,1,0,2
candDIR_L9_64,195,49,1,0,0
candDIR_L9_64,195,50,4,3,0
candDIR_L9_64,195,51,1,0,3
candDIR_L9_64,195,52,1,0,0
candDIR_L9_64,195,53,1,0,0
candDIR_L9_64,195,54,4,3,0
candDIR_L9_64,195,55,4,0,0
candDIR_L9_64,195,56,4,0,0
candDIR_L9_64,195,57,3,0,1
candDIR_L9_64,195,58,1,0,2
candDIR_L9_64,195,59,3,2,0
candDIR_L9_64,195,60,1,0,2
candDIR_L9_64,195,61,1,0,0
candDIR_L9_64,195,62,1,0,0
candDIR_L9_64,195,63,1,0,0
candDIR_L9_64,195,64,1,0,0
candDIR_L9_64,196,1,1,0,0
candDIR_L9_64,196,2,2,1,0
candDIR_L9_64,196,3,2,0,0
candDIR_L9_64,196,4,2,0,0
candDIR_L9_64,196,5,2,0,0
candDIR_L9_64,196,6,2,0,0
candDIR_L9_64,196,7,1,0,1
candDIR_L9_64,196,8,1,0,0
candDIR_L9_64,196,9,1,0,0
candDIR_L9_64,196,10,1,0,0
candDIR_L9_64,196,11,1,0,0
candDIR_L9_64,196,12,1,0,0
candDIR_L9_64,196,13,1,0,0
candDIR_L9_64,196,14,2,1,0
candDIR_L9_64,196,15,2,0,0
candDIR_L9_64,196,16,1,0,1
candDIR_L9_64,196,17,1,0,0
candDIR_L9_64,196,18,2,1,0
candDIR_L9_64,196,19,3,1,0
candDIR_L9_64,196,20,1,0,2
candDIR_L9_64,196,21,1,0,0
candDIR_L9_64,196,22,3,2,0
candDIR_L9_64,196,23,2,0,1
candDIR_L9_64,196,24,1,0,1
candDIR_L9_64,196,25,1,0,0
candDIR_L9_64,196,26,1,0,0
candDIR_L9_64,196,27,3,2,0
candDIR_L9_64,196,28,4,1,0
candDIR_L9_64,196,29,1,0,3
candDIR_L9_64,196,30,1,0,0
candDIR_L9_64,196,31,1,0,0
candDIR_L9_64,196,32,1,0,0
candDIR_L9_64,196,33,1,0,0
candDIR_L9_64,196,34,1,0,0
candDIR_L9_64,196,35,1,0,0
candDIR_L9_64,196,36,2,1,0
candDIR_L9_64,196,37,3,1,0
candDIR_L9_64,196,38,1,0,2
candDIR_L9_64,196,39,1,0,0
candDIR_L9_64,196,40,1,0,0
candDIR_L9_64,196,41,1,0,0
candDIR_L9_64,196,42,1,0,0
candDIR_L9_64,196,43,1,0,0
candDIR_L9_64,196,44,1,0,0
candDIR_L9_64,196,45,1,0,0
candDIR_L9_64,196,46,1,0,0
candDIR_L9_64,196,47,1,0,0
candDIR_L9_64,196,48,1,0,0
candDIR_L9_64,196,49,1,0,0
candDIR_L9_64,196,50,1,0,0
candDIR_L9_64,196,51,1,0,0
candDIR_L9_64,196,52,1,0,0
candDIR_L9_64,196,53,1,0,0
candDIR_L9_64,196,54,1,0,0
candDIR_L9_64,196,55,1,0,0
candDIR_L9_64,196,56,1,0,0
candDIR_L9_64,196,57,2,1,0
candDIR_L9_64,196,58,1,0,1
candDIR_L9_64,196,59,1,0,0
candDIR_L9_64,196,60,2,1,0
candDIR_L9_64,196,61,1,0,1
candDIR_L9_64,196,62,1,0,0
candDIR_L9_64,196,63,1,0,0
candDIR_L9_64,196,64,1,0,0
candDIR_L9_64,197,1,1,0,0
candDIR_L9_64,197,2,2,1,0
candDIR_L9_64,197,3,2,0,0
candDIR_L9_64,197,4,2,0,0
candDIR_L9_64,197,5,2,0,0
candDIR_L9_64,197,6,2,0,0
candDIR_L9_64,197,7,2,0,0
candDIR_L9_64,197,8,2,0,0
candDIR_L9_64,197,9,2,0,0
candDIR_L9_64,197,10,2,0,0
candDIR_L9_64,197,11,2,0,0
candDIR_L9_64,197,12,2,0,0
candDIR_L9_64,197,13,1,0,1
candDIR_L9_64,197,14,1,0,0
candDIR_L9_64,197,15,1,0,0
candDIR_L9_64,197,16,2,1,0
candDIR_L9_64,197,17,3,1,0
candDIR_L9_64,197,18,3,0,0
candDIR_L9_64,197,19,1,0,2
candDIR_L9_64,197,20,1,0,0
candDIR_L9_64,197,21,1,0,0
candDIR_L9_64,197,22,1,0,0
candDIR_L9_64,197,23,2,1,0
candDIR_L9_64,197,24,1,0,1
candDIR_L9_64,197,25,1,0,0
candDIR_L9_64,197,26,1,0,0
candDIR_L9_64,197,27,2,1,0
candDIR_L9_64,197,28,1,0,1
candDIR_L9_64,197,29,2,1,0
candDIR_L9_64,197,30,1,0,1
candDIR_L9_64,197,31,1,0,0
candDIR_L9_64,197,32,1,0,0
candDIR_L9_64,197,33,1,0,0
candDIR_L9_64,197,34,1,0,0
candDIR_L9_64,197,35,2,1,0
candDIR_L9_64,197,36,2,0,0
candDIR_L9_64,197,37,1,0,1
candDIR_L9_64,197,38,2,1,0
candDIR_L9_64,197,39,1,0,1
candDIR_L9_64,197,40,2,1,0
candDIR_L9_64,197,41,2,0,0
candDIR_L9_64,197,42,1,0,1
candDIR_L9_64,197,43,2,1,0
candDIR_L9_64,197,44,1,0,1
candDIR_L9_64,197,45,1,0,0
candDIR_L9_64,197,46,1,0,0
candDIR_L9_64,197,47,2,1,0
candDIR_L9_64,197,48,1,0,1
candDIR_L9_64,197,49,1,0,0
candDIR_L9_64,197,50,1,0,0
candDIR_L9_64,197,51,1,0,0
candDIR_L9_64,197,52,1,0,0
candDIR_L9_64,197,53,1,0,0
candDIR_L9_64,197,54,1,0,0
candDIR_L9_64,197,55,1,0,0
candDIR_L9_64,197,56,1,0,0
candDIR_L9_64,197,57,1,0,0
candDIR_L9_64,197,58,2,1,0
candDIR_L9_64,197,59,1,0,1
candDIR_L9_64,197,60,1,0,0
candDIR_L9_64,197,61,1,0,0
candDIR_L9_64,197,62,1,0,0
candDIR_L9_64,197,63,1,0,0
candDIR_L9_64,197,64,2,1,0
candDIR_L9_64,198,1,1,0,0
candDIR_L9_64,198,2,2,1,0
candDIR_L9_64,198,3,2,0,0
candDIR_L9_64,198,4,2,0,0
candDIR_L9_64,198,5,2,0,0
candDIR_L9_64,198,6,2,0,0
candDIR_L9_64,198,7,1,0,1
candDIR_L9_64,198,8,1,0,0
candDIR_L9_64,198,9,1,0,0
candDIR_L9_64,198,10,1,0,0
candDIR_L9_64,198,11,4,3,0
candDIR_L9_64,198,12,4,0,0
candDIR_L9_64,198,13,1,0,3
candDIR_L9_64,198,14,3,2,0
candDIR_L9_64,198,15,3,0,0
candDIR_L9_64,198,16,4,1,0
candDIR_L9_64,198,17,5,1,0
candDIR_L9_64,198,18,5,0,0
candDIR_L9_64,198,19,5,0,0
candDIR_L9_64,198,20,1,0,4
candDIR_L9_64,198,21,1,0,0
candDIR_L9_64,198,22,1,0,0
candDIR_L9_64,198,23,1,0,0
candDIR_L9_64,198,24,1,0,0
candDIR_L9_64,198,25,1,0,0
candDIR_L9_64,198,26,4,3,0
candDIR_L9_64,198,27,1,0,3
candDIR_L9_64,198,28,1,0,0
candDIR_L9_64,198,29,1,0,0
candDIR_L9_64,198,30,1,0,0
candDIR_L9_64,198,31,1,0,0
candDIR_L9_64,198,32,4,3,0
candDIR_L9_64,198,33,5,1,0
candDIR_L9_64,198,34,1,0,4
candDIR_L9_64,198,35,1,0,0
candDIR_L9_64,198,36,1,0,0
candDIR_L9_64,198,37,1,0,0
candDIR_L9_64,198,38,1,0,0
candDIR_L9_64,198,39,2,1,0
candDIR_L9_64,198,40,2,0,0
candDIR_L9_64,198,41,3,1,0
candDIR_L9_64,198,42,4,1,0
candDIR_L9_64,198,43,1,0,3
candDIR_L9_64,198,44,3,2,0
candDIR_L9_64,198,45,3,0,0
candDIR_L9_64,198,46,3,0,0
candDIR_L9_64,198,47,2,0,1
candDIR_L9_64,198,48,3,1,0
candDIR_L9_64,198,49,1,0,2
candDIR_L9_64,198,50,1,0,0
candDIR_L9_64,198,51,1,0,0
candDIR_L9_64,198,52,1,0,0
candDIR_L9_64,198,53,1,0,0
candDIR_L9_64,198,54,2,1,0
candDIR_L9_64,198,55,2,0,0
candDIR_L9_64,198,56,1,0,1
candDIR_L9_64,198,57,2,1,0
candDIR_L9_64,198,58,1,0,1
candDIR_L9_64,198,59,1,0,0
candDIR_L9_64,198,60,1,0,0
candDIR_L9_64,198,61,2,1,0
candDIR_L9_64,198,62,3,1,0
candDIR_L9_64,198,63,1,0,2
candDIR_L9_64,198,64,1,0,0
candDIR_L9_64,199,1,1,0,0
candDIR_L9_64,199,2,2,1,0
candDIR_L9_64,199,3,2,0,0
candDIR_L9_64,199,4,2,0,0
candDIR_L9_64,199,5,2,0,0
candDIR_L9_64,199,6,2,0,0
candDIR_L9_64,199,7,1,0,1
candDIR_L9_64,199,8,1,0,0
candDIR_L9_64,199,9,1,0,0
candDIR_L9_64,199,10,1,0,0
candDIR_L9_64,199,11,1,0,0
candDIR_L9_64,199,12,1,0,0
candDIR_L9_64,199,13,3,2,0
candDIR_L9_64,199,14,3,0,0
candDIR_L9_64,199,15,3,0,0
candDIR_L9_64,199,16,1,0,2
candDIR_L9_64,199,17,1,0,0
candDIR_L9_64,199,18,1,0,0
candDIR_L9_64,199,19,1,0,0
candDIR_L9_64,199,20,1,0,0
candDIR_L9_64,199,21,1,0,0
candDIR_L9_64,199,22,1,0,0
candDIR_L9_64,199,23,1,0,0
candDIR_L9_64,199,24,1,0,0
candDIR_L9_64,199,25,1,0,0
candDIR_L9_64,199,26,1,0,0
candDIR_L9_64,199,27,1,0,0
candDIR_L9_64,199,28,1,0,0
candDIR_L9_64,199,29,1,0,0
candDIR_L9_64,199,30,1,0,0
candDIR_L9_64,199,31,2,1,0
candDIR_L9_64,199,32,2,0,0
candDIR_L9_64,199,33,1,0,1
candDIR_L9_64,199,34,1,0,0
candDIR_L9_64,199,35,2,1,0
candDIR_L9_64,199,36,2,0,0
candDIR_L9_64,199,37,2,0,0
candDIR_L9_64,199,38,2,0,0
candDIR_L9_64,199,39,1,0,1
candDIR_L9_64,199,40,2,1,0
candDIR_L9_64,199,41,1,0,1
candDIR_L9_64,199,42,1,0,0
candDIR_L9_64,199,43,2,1,0
candDIR_L9_64,199,44,1,0,1
candDIR_L9_64,199,45,1,0,0
candDIR_L9_64,199,46,1,0,0
candDIR_L9_64,199,47,1,0,0
candDIR_L9_64,199,48,1,0,0
candDIR_L9_64,199,49,1,0,0
candDIR_L9_64,199,50,3,2,0
candDIR_L9_64,199,51,1,0,2
candDIR_L9_64,199,52,1,0,0
candDIR_L9_64,199,53,1,0,0
candDIR_L9_64,199,54,1,0,0
candDIR_L9_64,199,55,1,0,0
candDIR_L9_64,199,56,1,0,0
candDIR_L9_64,199,57,3,2,0
candDIR_L9_64,199,58,4,2,1
candDIR_L9_64,199,59,3,0,1
candDIR_L9_64,199,60,3,1,1
candDIR_L9_64,199,61,3,0,0
candDIR_L9_64,199,62,1,0,2
candDIR_L9_64,199,63,1,0,0
candDIR_L9_64,199,64,2,1,0
candDIR_L9_64,200,1,1,0,0
candDIR_L9_64,200,2,2,1,0
candDIR_L9_64,200,3,2,0,0
candDIR_L9_64,200,4,2,0,0
candDIR_L9_64,200,5,2,0,0
candDIR_L9_64,200,6,2,0,0
candDIR_L9_64,200,7,1,0,1
candDIR_L9_64,200,8,1,0,0
candDIR_L9_64,200,9,1,0,0
candDIR_L9_64,200,10,1,0,0
candDIR_L9_64,200,11,1,0,0
candDIR_L9_64,200,12,1,0,0
candDIR_L9_64,200,13,1,0,0
candDIR_L9_64,200,14,1,0,0
candDIR_L9_64,200,15,1,0,0
candDIR_L9_64,200,16,1,0,0
candDIR_L9_64,200,17,1,0,0
candDIR_L9_64,200,18,1,0,0
candDIR_L9_64,200,19,1,0,0
candDIR_L9_64,200,20,1,0,0
candDIR_L9_64,200,21,1,0,0
candDIR_L9_64,200,22,1,0,0
candDIR_L9_64,200,23,1,0,0
candDIR_L9_64,200,24,1,0,0
candDIR_L9_64,200,25,1,0,0
candDIR_L9_64,200,26,1,0,0
candDIR_L9_64,200,27,1,0,0
candDIR_L9_64,200,28,2,1,0
candDIR_L9_64,200,29,2,0,0
candDIR_L9_64,200,30,2,0,0
candDIR_L9_64,200,31,1,0,1
candDIR_L9_64,200,32,1,0,0
candDIR_L9_64,200,33,1,0,0
candDIR_L9_64,200,34,1,0,0
candDIR_L9_64,200,35,1,0,0
candDIR_L9_64,200,36,1,0,0
candDIR_L9_64,200,37,1,0,0
candDIR_L9_64,200,38,2,1,0
candDIR_L9_64,200,39,2,0,0
candDIR_L9_64,200,40,2,0,0
candDIR_L9_64,200,41,2,0,0
candDIR_L9_64,200,42,2,0,0
candDIR_L9_64,200,43,1,0,1
candDIR_L9_64,200,44,1,0,0
candDIR_L9_64,200,45,1,0,0
candDIR_L9_64,200,46,1,0,0
candDIR_L9_64,200,47,2,1,0
candDIR_L9_64,200,48,1,0,1
candDIR_L9_64,200,49,1,0,0
candDIR_L9_64,200,50,1,0,0
candDIR_L9_64,200,51,1,0,0
candDIR_L9_64,200,52,1,0,0
candDIR_L9_64,200,53,1,0,0
candDIR_L9_64,200,54,2,1,0
candDIR_L9_64,200,55,2,0,0
candDIR_L9_64,200,56,1,0,1
candDIR_L9_64,200,57,2,1,0
candDIR_L9_64,200,58,1,0,1
candDIR_L9_64,200,59,2,1,0
candDIR_L9_64,200,60,1,0,1
candDIR_L9_64,200,61,1,0,0
candDIR_L9_64,200,62,1,0,0
candDIR_L9_64,200,63,1,0,0
candDIR_L9_64,200,64,2,1,0
candDIR_L9_64,201,1,1,0,0
candDIR_L9_64,201,2,2,1,0
candDIR_L9_64,201,3,2,0,0
candDIR_L9_64,201,4,2,0,0
candDIR_L9_64,201,5,2,0,0
candDIR_L9_64,201,6,2,0,0
candDIR_L9_64,201,7,1,0,1
candDIR_L9_64,201,8,1,0,0
candDIR_L9_64,201,9,1,0,0
candDIR_L9_64,201,10,1,0,0
candDIR_L9_64,201,11,1,0,0
candDIR_L9_64,201,12,4,3,0
candDIR_L9_64,201,13,1,0,3
candDIR_L9_64,201,14,1,0,0
candDIR_L9_64,201,15,1,0,0
candDIR_L9_64,201,16,1,0,0
candDIR_L9_64,201,17,1,0,0
candDIR_L9_64,201,18,1,0,0
candDIR_L9_64,201,19,2,1,0
candDIR_L9_64,201,20,4,2,0
candDIR_L9_64,201,21,3,0,1
candDIR_L9_64,201,22,4,1,0
candDIR_L9_64,201,23,4,0,0
candDIR_L9_64,201,24,1,0,3
candDIR_L9_64,201,25,1,0,0
candDIR_L9_64,201,26,1,0,0
candDIR_L9_64,201,27,1,0,0
candDIR_L9_64,201,28,1,0,0
candDIR_L9_64,201,29,1,0,0
candDIR_L9_64,201,30,1,0,0
candDIR_L9_64,201,31,1,0,0
candDIR_L9_64,201,32,1,0,0
candDIR_L9_64,201,33,1,0,0
candDIR_L9_64,201,34,1,0,0
candDIR_L9_64,201,35,1,0,0
candDIR_L9_64,201,36,1,0,0
candDIR_L9_64,201,37,1,0,0
candDIR_L9_64,201,38,1,0,0
candDIR_L9_64,201,39,1,0,0
candDIR_L9_64,201,40,1,0,0
candDIR_L9_64,201,41,2,1,0
candDIR_L9_64,201,42,3,1,0
candDIR_L9_64,201,43,3,0,0
candDIR_L9_64,201,44,4,1,0
candDIR_L9_64,201,45,2,0,2
candDIR_L9_64,201,46,2,0,0
candDIR_L9_64,201,47,1,0,1
candDIR_L9_64,201,48,1,0,0
candDIR_L9_64,201,49,1,0,0
candDIR_L9_64,201,50,1,0,0
candDIR_L9_64,201,51,1,0,0
candDIR_L9_64,201,52,1,0,0
candDIR_L9_64,201,53,1,0,0
candDIR_L9_64,201,54,2,1,0
candDIR_L9_64,201,55,2,0,0
candDIR_L9_64,201,56,2,0,0
candDIR_L9_64,201,57,2,0,0
candDIR_L9_64,201,58,3,1,0
candDIR_L9_64,201,59,4,1,0
candDIR_L9_64,201,60,3,0,1
candDIR_L9_64,201,61,3,1,1
candDIR_L9_64,201,62,3,0,0
candDIR_L9_64,201,63,1,0,2
candDIR_L9_64,201,64,3,2,0
candDIR_L9_64,202,1,1,0,0
candDIR_L9_64,202,2,2,1,0
candDIR_L9_64,202,3,2,0,0
candDIR_L9_64,202,4,2,0,0
candDIR_L9_64,202,5,2,0,0
candDIR_L9_64,202,6,2,0,0
candDIR_L9_64,202,7,1,0,1
candDIR_L9_64,202,8,1,0,0
candDIR_L9_64,202,9,1,0,0
candDIR_L9_64,202,10,1,0,0
candDIR_L9_64,202,11,1,0,0
candDIR_L9_64,202,12,1,0,0
candDIR_L9_64,202,13,1,0,0
candDIR_L9_64,202,14,1,0,0
candDIR_L9_64,202,15,1,0,0
candDIR_L9_64,202,16,1,0,0
candDIR_L9_64,202,17,1,0,0
candDIR_L9_64,202,18,1,0,0
candDIR_L9_64,202,19,2,1,0
candDIR_L9_64,202,20,1,0,1
candDIR_L9_64,202,21,3,2,0
candDIR_L9_64,202,22,1,0,2
candDIR_L9_64,202,23,1,0,0
candDIR_L9_64,202,24,1,0,0
candDIR_L9_64,202,25,2,1,0
candDIR_L9_64,202,26,3,1,0
candDIR_L9_64,202,27,3,0,0
candDIR_L9_64,202,28,3,1,1
candDIR_L9_64,202,29,4,1,0
candDIR_L9_64,202,30,1,0,3
candDIR_L9_64,202,31,1,0,0
candDIR_L9_64,202,32,3,2,0
candDIR_L9_64,202,33,2,0,1
candDIR_L9_64,202,34,2,0,0
candDIR_L9_64,202,35,3,1,0
candDIR_L9_64,202,36,4,1,0
candDIR_L9_64,202,37,4,0,0
candDIR_L9_64,202,38,3,0,1
candDIR_L9_64,202,39,4,1,0
candDIR_L9_64,202,40,3,0,1
candDIR_L9_64,202,41,5,2,0
candDIR_L9_64,202,42,1,0,4
candDIR_L9_64,202,43,1,0,0
candDIR_L9_64,202,44,1,0,0
candDIR_L9_64,202,45,2,1,0
candDIR_L9_64,202,46,3,1,0
candDIR_L9_64,202,47,3,0,0
candDIR_L9_64,202,48,3,0,0
candDIR_L9_64,202,49,4,1,0
candDIR_L9_64,202,50,3,0,1
candDIR_L9_64,202,51,1,0,2
candDIR_L9_64,202,52,1,0,0
candDIR_L9_64,202,53,1,0,0
candDIR_L9_64,202,54,1,0,0
candDIR_L9_64,202,55,1,0,0
candDIR_L9_64,202,56,2,1,0
candDIR_L9_64,202,57,2,0,0
candDIR_L9_64,202,58,2,0,0
candDIR_L9_64,202,59,1,0,1
candDIR_L9_64,202,60,3,2,0
candDIR_L9_64,202,61,1,0,2
candDIR_L9_64,202,62,1,0,0
candDIR_L9_64,202,63,1,0,0
candDIR_L9_64,202,64,1,0,0
candDIR_L9_64,203,1,1,0,0
candDIR_L9_64,203,2,2,1,0
candDIR_L9_64,203,3,2,0,0
candDIR_L9_64,203,4,2,0,0
candDIR_L9_64,203,5,2,0,0
candDIR_L9_64,203,6,2,0,0
candDIR_L9_64,203,7,1,0,1
candDIR_L9_64,203,8,1,0,0
candDIR_L9_64,203,9,1,0,0
candDIR_L9_64,203,10,1,0,0
candDIR_L9_64,203,11,1,0,0
candDIR_L9_64,203,12,1,0,0
candDIR_L9_64,203,13,1,0,0
candDIR_L9_64,203,14,1,0,0
candDIR_L9_64,203,15,1,0,0
candDIR_L9_64,203,16,1,0,0
candDIR_L9_64,203,17,2,1,0
candDIR_L9_64,203,18,1,0,1
candDIR_L9_64,203,19,2,1,0
candDIR_L9_64,203,20,1,0,1
candDIR_L9_64,203,21,1,0,0
candDIR_L9_64,203,22,1,0,0
candDIR_L9_64,203,23,2,1,0
candDIR_L9_64,203,24,1,0,1
candDIR_L9_64,203,25,1,0,0
candDIR_L9_64,203,26,1,0,0
candDIR_L9_64,203,27,2,1,0
candDIR_L9_64,203,28,1,0,1
candDIR_L9_64,203,29,1,0,0
candDIR_L9_64,203,30,1,0,0
candDIR_L9_64,203,31,1,0,0
candDIR_L9_64,203,32,1,0,0
candDIR_L9_64,203,33,2,1,0
candDIR_L9_64,203,34,2,0,0
candDIR_L9_64,203,35,2,0,0
candDIR_L9_64,203,36,1,0,1
candDIR_L9_64,203,37,1,0,0
candDIR_L9_64,203,38,1,0,0
candDIR_L9_64,203,39,1,0,0
candDIR_L9_64,203,40,2,1,0
candDIR_L9_64,203,41,1,0,1
candDIR_L9_64,203,42,1,0,0
candDIR_L9_64,203,43,2,1,0
candDIR_L9_64,203,44,1,0,1
candDIR_L9_64,203,45,2,1,0
candDIR_L9_64,203,46,1,0,1
candDIR_L9_64,203,47,1,0,0
candDIR_L9_64,203,48,1,0,0
candDIR_L9_64,203,49,1,0,0
candDIR_L9_64,203,50,2,1,0
candDIR_L9_64,203,51,1,0,1
candDIR_L9_64,203,52,2,1,0
candDIR_L9_64,203,53,3,1,0
candDIR_L9_64,203,54,1,0,2
candDIR_L9_64,203,55,1,0,0
candDIR_L9_64,203,56,2,1,0
candDIR_L9_64,203,57,2,0,0
candDIR_L9_64,203,58,2,0,0
candDIR_L9_64,203,59,1,0,1
candDIR_L9_64,203,60,1,0,0
candDIR_L9_64,203,61,2,1,0
candDIR_L9_64,203,62,2,0,0
candDIR_L9_64,203,63,2,0,0
candDIR_L9_64,203,64,2,0,0
candDIR_L9_64,204,1,1,0,0
candDIR_L9_64,204,2,2,1,0
candDIR_L9_64,204,3,2,0,0
candDIR_L9_64,204,4,2,0,0
candDIR_L9_64,204,5,2,0,0
candDIR_L9_64,204,6,2,0,0
candDIR_L9_64,204,7,1,0,1
candDIR_L9_64,204,8,1,0,0
candDIR_L9_64,204,9,1,0,0
candDIR_L9_64,204,10,1,0,0
candDIR_L9_64,204,11,1,0,0
candDIR_L9_64,204,12,1,0,0
candDIR_L9_64,204,13,1,0,0
candDIR_L9_64,204,14,1,0,0
candDIR_L9_64,204,15,1,0,0
candDIR_L9_64,204,16,1,0,0
candDIR_L9_64,204,17,3,2,0
candDIR_L9_64,204,18,4,1,0
candDIR_L9_64,204,19,3,0,1
candDIR_L9_64,204,20,1,0,2
candDIR_L9_64,204,21,1,0,0
candDIR_L9_64,204,22,1,0,0
candDIR_L9_64,204,23,1,0,0
candDIR_L9_64,204,24,1,0,0
candDIR_L9_64,204,25,2,1,0
candDIR_L9_64,204,26,3,1,0
candDIR_L9_64,204,27,3,0,0
candDIR_L9_64,204,28,4,1,0
candDIR_L9_64,204,29,3,0,1
candDIR_L9_64,204,30,1,0,2
candDIR_L9_64,204,31,4,3,0
candDIR_L9_64,204,32,6,2,0
candDIR_L9_64,204,33,4,0,2
candDIR_L9_64,204,34,5,1,0
candDIR_L9_64,204,35,5,0,0
candDIR_L9_64,204,36,4,0,1
candDIR_L9_64,204,37,4,0,0
candDIR_L9_64,204,38,3,0,1
candDIR_L9_64,204,39,1,0,2
candDIR_L9_64,204,40,1,0,0
candDIR_L9_64,204,41,3,2,0
candDIR_L9_64,204,42,1,0,2
candDIR_L9_64,204,43,3,2,0
candDIR_L9_64,204,44,1,0,2
candDIR_L9_64,204,45,1,0,0
candDIR_L9_64,204,46,1,0,0
candDIR_L9_64,204,47,1,0,0
candDIR_L9_64,204,48,1,0,0
candDIR_L9_64,204,49,1,0,0
candDIR_L9_64,204,50,1,0,0
candDIR_L9_64,204,51,1,0,0
candDIR_L9_64,204,52,1,0,0
candDIR_L9_64,204,53,1,0,0
candDIR_L9_64,204,54,1,0,0
candDIR_L9_64,204,55,1,0,0
candDIR_L9_64,204,56,1,0,0
candDIR_L9_64,204,57,2,1,0
candDIR_L9_64,204,58,3,1,0
candDIR_L9_64,204,59,3,0,0
candDIR_L9_64,204,60,3,0,0
candDIR_L9_64,204,61,2,0,1
candDIR_L9_64,204,62,3,1,0
candDIR_L9_64,204,63,1,0,2
candDIR_L9_64,204,64,1,0,0
candDIR_L9_64,205,1,1,0,0
candDIR_L9_64,205,2,2,1,0
candDIR_L9_64,205,3,2,0,0
candDIR_L9_64,205,4,2,0,0
candDIR_L9_64,205,5,2,0,0
candDIR_L9_64,205,6,2,0,0
candDIR_L9_64,205,7,1,0,1
candDIR_L9_64,205,8,1,0,0
candDIR_L9_64,205,9,1,0,0
candDIR_L9_64,205,10,3,2,0
candDIR_L9_64,205,11,3,0,0
candDIR_L9_64,205,12,2,0,1
candDIR_L9_64,205,13,3,1,0
candDIR_L9_64,205,14,1,0,2
candDIR_L9_64,205,15,1,0,0
candDIR_L9_64,205,16,3,2,0
candDIR_L9_64,205,17,1,0,2
candDIR_L9_64,205,18,1,0,0
candDIR_L9_64,205,19,2,1,0
candDIR_L9_64,205,20,3,1,0
candDIR_L9_64,205,21,3,0,0
candDIR_L9_64,205,22,3,0,0
candDIR_L9_64,205,23,3,0,0
candDIR_L9_64,205,24,3,0,0
candDIR_L9_64,205,25,4,1,0
candDIR_L9_64,205,26,4,0,0
candDIR_L9_64,205,27,3,0,1
candDIR_L9_64,205,28,2,0,1
candDIR_L9_64,205,29,2,0,0
candDIR_L9_64,205,30,1,0,1
candDIR_L9_64,205,31,1,0,0
candDIR_L9_64,205,32,1,0,0
candDIR_L9_64,205,33,2,1,0
candDIR_L9_64,205,34,1,0,1
candDIR_L9_64,205,35,1,0,0
candDIR_L9_64,205,36,3,2,0
candDIR_L9_64,205,37,3,0,0
candDIR_L9_64,205,38,3,0,0
candDIR_L9_64,205,39,3,0,0
candDIR_L9_64,205,40,2,0,1
candDIR_L9_64,205,41,2,0,0
candDIR_L9_64,205,42,1,0,1
candDIR_L9_64,205,43,1,0,0
candDIR_L9_64,205,44,1,0,0
candDIR_L9_64,205,45,1,0,0
candDIR_L9_64,205,46,1,0,0
candDIR_L9_64,205,47,1,0,0
candDIR_L9_64,205,48,1,0,0
candDIR_L9_64,205,49,1,0,0
candDIR_L9_64,205,50,1,0,0
candDIR_L9_64,205,51,2,1,0
candDIR_L9_64,205,52,3,1,0
candDIR_L9_64,205,53,1,0,2
candDIR_L9_64,205,54,1,0,0
candDIR_L9_64,205,55,1,0,0
candDIR_L9_64,205,56,1,0,0
candDIR_L9_64,205,57,2,1,0
candDIR_L9_64,205,58,1,0,1
candDIR_L9_64,205,59,1,0,0
candDIR_L9_64,205,60,1,0,0
candDIR_L9_64,205,61,2,1,0
candDIR_L9_64,205,62,2,0,0
candDIR_L9_64,205,63,1,0,1
candDIR_L9_64,205,64,1,0,0
candDIR_L9_64,206,1,1,0,0
candDIR_L9_64,206,2,2,1,0
candDIR_L9_64,206,3,2,0,0
candDIR_L9_64,206,4,2,0,0
candDIR_L9_64,206,5,2,0,0
candDIR_L9_64,206,6,2,0,0
candDIR_L9_64,206,7,1,0,1
candDIR_L9_64,206,8,1,0,0
candDIR_L9_64,206,9,1,0,0
candDIR_L9_64,206,10,1,0,0
candDIR_L9_64,206,11,1,0,0
candDIR_L9_64,206,12,2,1,0
candDIR_L9_64,206,13,1,0,1
candDIR_L9_64,206,14,1,0,0
candDIR_L9_64,206,15,1,0,0
candDIR_L9_64,206,16,1,0,0
candDIR_L9_64,206,17,2,1,0
candDIR_L9_64,206,18,1,0,1
candDIR_L9_64,206,19,2,1,0
candDIR_L9_64,206,20,1,0,1
candDIR_L9_64,206,21,1,0,0
candDIR_L9_64,206,22,1,0,0
candDIR_L9_64,206,23,1,0,0
candDIR_L9_64,206,24,1,0,0
candDIR_L9_64,206,25,1,0,0
candDIR_L9_64,206,26,1,0,0
candDIR_L9_64,206,27,2,1,0
candDIR_L9_64,206,28,1,0,1
candDIR_L9_64,206,29,2,1,0
candDIR_L9_64,206,30,2,0,0
candDIR_L9_64,206,31,2,0,0
candDIR_L9_64,206,32,1,0,1
candDIR_L9_64,206,33,2,1,0
candDIR_L9_64,206,34,1,0,1
candDIR_L9_64,206,35,1,0,0
candDIR_L9_64,206,36,1,0,0
candDIR_L9_64,206,37,1,0,0
candDIR_L9_64,206,38,1,0,0
candDIR_L9_64,206,39,1,0,0
candDIR_L9_64,206,40,2,1,0
candDIR_L9_64,206,41,2,0,0
candDIR_L9_64,206,42,1,0,1
candDIR_L9_64,206,43,1,0,0
candDIR_L9_64,206,44,1,0,0
candDIR_L9_64,206,45,2,1,0
candDIR_L9_64,206,46,2,0,0
candDIR_L9_64,206,47,2,0,0
candDIR_L9_64,206,48,2,0,0
candDIR_L9_64,206,49,1,0,1
candDIR_L9_64,206,50,1,0,0
candDIR_L9_64,206,51,1,0,0
candDIR_L9_64,206,52,2,1,0
candDIR_L9_64,206,53,1,0,1
candDIR_L9_64,206,54,2,1,0
candDIR_L9_64,206,55,2,0,0
candDIR_L9_64,206,56,2,0,0
candDIR_L9_64,206,57,1,0,1
candDIR_L9_64,206,58,1,0,0
candDIR_L9_64,206,59,1,0,0
candDIR_L9_64,206,60,1,0,0
candDIR_L9_64,206,61,2,1,0
candDIR_L9_64,206,62,2,0,0
candDIR_L9_64,206,63,2,0,0
candDIR_L9_64,206,64,1,0,1
candDIR_L9_64,207,1,1,0,0
candDIR_L9_64,207,2,2,1,0
candDIR_L9_64,207,3,2,0,0
candDIR_L9_64,207,4,2,0,0
candDIR_L9_64,207,5,2,0,0
candDIR_L9_64,207,6,2,0,0
candDIR_L9_64,207,7,1,0,1
candDIR_L9_64,207,8,1,0,0
candDIR_L9_64,207,9,1,0,0
candDIR_L9_64,207,10,3,2,0
candDIR_L9_64,207,11,3,0,0
candDIR_L9_64,207,12,3,0,0
candDIR_L9_64,207,13,1,0,2
candDIR_L9_64,207,14,1,0,0
candDIR_L9_64,207,15,1,0,0
candDIR_L9_64,207,16,2,1,0
candDIR_L9_64,207,17,2,0,0
candDIR_L9_64,207,18,2,0,0
candDIR_L9_64,207,19,1,0,1
candDIR_L9_64,207,20,1,0,0
candDIR_L9_64,207,21,1,0,0
candDIR_L9_64,207,22,1,0,0
candDIR_L9_64,207,23,1,0,0
candDIR_L9_64,207,24,1,0,0
candDIR_L9_64,207,25,2,1,0
candDIR_L9_64,207,26,1,0,1
candDIR_L9_64,207,27,1,0,0
candDIR_L9_64,207,28,1,0,0
candDIR_L9_64,207,29,3,2,0
candDIR_L9_64,207,30,3,0,0
candDIR_L9_64,207,31,3,0,0
candDIR_L9_64,207,32,1,0,2
candDIR_L9_64,207,33,3,2,0
candDIR_L9_64,207,34,4,1,0
candDIR_L9_64,207,35,4,0,0
candDIR_L9_64,207,36,1,0,3
candDIR_L9_64,207,37,1,0,0
candDIR_L9_64,207,38,1,0,0
candDIR_L9_64,207,39,1,0,0
candDIR_L9_64,207,40,2,1,0
candDIR_L9_64,207,41,1,0,1
candDIR_L9_64,207,42,1,0,0
candDIR_L9_64,207,43,2,1,0
candDIR_L9_64,207,44,1,0,1
candDIR_L9_64,207,45,1,0,0
candDIR_L9_64,207,46,3,2,0
candDIR_L9_64,207,47,2,0,1
candDIR_L9_64,207,48,2,0,0
candDIR_L9_64,207,49,2,0,0
candDIR_L9_64,207,50,3,1,0
candDIR_L9_64,207,51,1,0,2
candDIR_L9_64,207,52,1,0,0
candDIR_L9_64,207,53,1,0,0
candDIR_L9_64,207,54,1,0,0
candDIR_L9_64,207,55,2,1,0
candDIR_L9_64,207,56,3,1,0
candDIR_L9_64,207,57,2,0,1
candDIR_L9_64,207,58,1,0,1
candDIR_L9_64,207,59,1,0,0
candDIR_L9_64,207,60,1,0,0
candDIR_L9_64,207,61,2,1,0
candDIR_L9_64,207,62,1,0,1
candDIR_L9_64,207,63,1,0,0
candDIR_L9_64,207,64,1,0,0
candDIR_L9_64,208,1,1,0,0
candDIR_L9_64,208,2,2,1,0
candDIR_L9_64,208,3,2,0,0
candDIR_L9_64,208,4,2,0,0
candDIR_L9_64,208,5,2,0,0
candDIR_L9_64,208,6,2,0,0
candDIR_L9_64,208,7,3,1,0
candDIR_L9_64,208,8,1,0,2
candDIR_L9_64,208,9,1,0,0
candDIR_L9_64,208,10,3,2,0
candDIR_L9_64,208,11,3,0,0
candDIR_L9_64,208,12,3,0,0
candDIR_L9_64,208,13,1,0,2
candDIR_L9_64,208,14,3,2,0
candDIR_L9_64,208,15,1,0,2
candDIR_L9_64,208,16,1,0,0
candDIR_L9_64,208,17,1,0,0
candDIR_L9_64,208,18,1,0,0
candDIR_L9_64,208,19,1,0,0
candDIR_L9_64,208,20,1,0,0
candDIR_L9_64,208,21,1,0,0
candDIR_L9_64,208,22,1,0,0
candDIR_L9_64,208,23,1,0,0
candDIR_L9_64,208,24,1,0,0
candDIR_L9_64,208,25,3,2,0
candDIR_L9_64,208,26,1,0,2
candDIR_L9_64,208,27,1,0,0
candDIR_L9_64,208,28,1,0,0
candDIR_L9_64,208,29,1,0,0
candDIR_L9_64,208,30,1,0,0
candDIR_L9_64,208,31,1,0,0
candDIR_L9_64,208,32,1,0,0
candDIR_L9_64,208,33,1,0,0
candDIR_L9_64,208,34,1,0,0
candDIR_L9_64,208,35,1,0,0
candDIR_L9_64,208,36,1,0,0
candDIR_L9_64,208,37,1,0,0
candDIR_L9_64,208,38,1,0,0
candDIR_L9_64,208,39,2,1,0
candDIR_L9_64,208,40,1,0,1
candDIR_L9_64,208,41,1,0,0
candDIR_L9_64,208,42,1,0,0
candDIR_L9_64,208,43,1,0,0
candDIR_L9_64,208,44,1,0,0
candDIR_L9_64,208,45,1,0,0
candDIR_L9_64,208,46,2,1,0
candDIR_L9_64,208,47,2,0,0
candDIR_L9_64,208,48,2,0,0
candDIR_L9_64,208,49,3,1,0
candDIR_L9_64,208,50,1,0,2
candDIR_L9_64,208,51,1,0,0
candDIR_L9_64,208,52,1,0,0
candDIR_L9_64,208,53,3,2,0
candDIR_L9_64,208,54,4,1,0
candDIR_L9_64,208,55,1,0,3
candDIR_L9_64,208,56,1,0,0
candDIR_L9_64,208,57,3,2,0
candDIR_L9_64,208,58,1,0,2
candDIR_L9_64,208,59,2,1,0
candDIR_L9_64,208,60,3,1,0
candDIR_L9_64,208,61,2,0,1
candDIR_L9_64,208,62,2,0,0
candDIR_L9_64,208,63,3,1,0
candDIR_L9_64,208,64,2,0,1
candDIR_L9_64,209,1,1,0,0
candDIR_L9_64,209,2,2,1,0
candDIR_L9_64,209,3,2,0,0
candDIR_L9_64,209,4,2,0,0
candDIR_L9_64,209,5,2,0,0
candDIR_L9_64,209,6,2,0,0
candDIR_L9_64,209,7,1,0,1
candDIR_L9_64,209,8,1,0,0
candDIR_L9_64,209,9,1,0,0
candDIR_L9_64,209,10,1,0,0
candDIR_L9_64,209,11,1,0,0
candDIR_L9_64,209,12,1,0,0
candDIR_L9_64,209,13,1,0,0
candDIR_L9_64,209,14,1,0,0
candDIR_L9_64,209,15,1,0,0
candDIR_L9_64,209,16,1,0,0
candDIR_L9_64,209,17,1,0,0
candDIR_L9_64,209,18,1,0,0
candDIR_L9_64,209,19,2,1,0
candDIR_L9_64,209,20,1,0,1
candDIR_L9_64,209,21,1,0,0
candDIR_L9_64,209,22,1,0,0
candDIR_L9_64,209,23,1,0,0
candDIR_L9_64,209,24,1,0,0
candDIR_L9_64,209,25,1,0,0
candDIR_L9_64,209,26,1,0,0
candDIR_L9_64,209,27,1,0,0
candDIR_L9_64,209,28,1,0,0
candDIR_L9_64,209,29,1,0,0
candDIR_L9_64,209,30,1,0,0
candDIR_L9_64,209,31,1,0,0
candDIR_L9_64,209,32,1,0,0
candDIR_L9_64,209,33,2,1,0
candDIR_L9_64,209,34,1,0,1
candDIR_L9_64,209,35,1,0,0
candDIR_L9_64,209,36,1,0,0
candDIR_L9_64,209,37,1,0,0
candDIR_L9_64,209,38,1,0,0
candDIR_L9_64,209,39,2,1,0
candDIR_L9_64,209,40,1,0,1
candDIR_L9_64,209,41,1,0,0
candDIR_L9_64,209,42,1,0,0
candDIR_L9_64,209,43,2,1,0
candDIR_L9_64,209,44,1,0,1
candDIR_L9_64,209,45,1,0,0
candDIR_L9_64,209,46,1,0,0
candDIR_L9_64,209,47,2,1,0
candDIR_L9_64,209,48,2,0,0
candDIR_L9_64,209,49,1,0,1
candDIR_L9_64,209,50,1,0,0
candDIR_L9_64,209,51,1,0,0
candDIR_L9_64,209,52,1,0,0
candDIR_L9_64,209,53,1,0,0
candDIR_L9_64,209,54,1,0,0
candDIR_L9_64,209,55,1,0,0
candDIR_L9_64,209,56,1,0,0
candDIR_L9_64,209,57,1,0,0
candDIR_L9_64,209,58,2,1,0
candDIR_L9_64,209,59,2,0,0
candDIR_L9_64,209,60,2,0,0
candDIR_L9_64,209,61,2,0,0
candDIR_L9_64,209,62,2,0,0
candDIR_L9_64,209,63,1,0,1
candDIR_L9_64,209,64,2,1,0
candDIR_L9_64,210,1,1,0,0
candDIR_L9_64,210,2,2,1,0
candDIR_L9_64,210,3,2,0,0
candDIR_L9_64,210,4,2,0,0
candDIR_L9_64,210,5,2,0,0
candDIR_L9_64,210,6,2,0,0
candDIR_L9_64,210,7,1,0,1
candDIR_L9_64,210,8,1,0,0
candDIR_L9_64,210,9,1,0,0
candDIR_L9_64,210,10,1,0,0
candDIR_L9_64,210,11,1,0,0
candDIR_L9_64,210,12,1,0,0
candDIR_L9_64,210,13,1,0,0
candDIR_L9_64,210,14,1,0,0
candDIR_L9_64,210,15,2,1,0
candDIR_L9_64,210,16,2,0,0
candDIR_L9_64,210,17,1,0,1
candDIR_L9_64,210,18,1,0,0
candDIR_L9_64,210,19,2,1,0
candDIR_L9_64,210,20,3,1,0
candDIR_L9_64,210,21,3,0,0
candDIR_L9_64,210,22,3,0,0
candDIR_L9_64,210,23,3,0,0
candDIR_L9_64,210,24,5,2,0
candDIR_L9_64,210,25,4,0,1
candDIR_L9_64,210,26,4,0,0
candDIR_L9_64,210,27,3,0,1
candDIR_L9_64,210,28,3,0,0
candDIR_L9_64,210,29,1,0,2
candDIR_L9_64,210,30,1,0,0
candDIR_L9_64,210,31,3,2,0
candDIR_L9_64,210,32,3,0,0
candDIR_L9_64,210,33,3,0,0
candDIR_L9_64,210,34,4,1,0
candDIR_L9_64,210,35,4,0,0
candDIR_L9_64,210,36,3,0,1
candDIR_L9_64,210,37,3,0,0
candDIR_L9_64,210,38,3,0,0
candDIR_L9_64,210,39,4,1,0
candDIR_L9_64,210,40,4,0,0
candDIR_L9_64,210,41,1,0,3
candDIR_L9_64,210,42,3,2,0
candDIR_L9_64,210,43,1,0,2
candDIR_L9_64,210,44,1,0,0
candDIR_L9_64,210,45,1,0,0
candDIR_L9_64,210,46,3,2,0
candDIR_L9_64,210,47,3,0,0
candDIR_L9_64,210,48,3,0,0
candDIR_L9_64,210,49,4,1,0
candDIR_L9_64,210,50,3,0,1
candDIR_L9_64,210,51,4,1,0
candDIR_L9_64,210,52,3,0,1
candDIR_L9_64,210,53,3,0,0
candDIR_L9_64,210,54,2,0,1
candDIR_L9_64,210,55,1,0,1
candDIR_L9_64,210,56,2,1,0
candDIR_L9_64,210,57,2,0,0
candDIR_L9_64,210,58,2,0,0
candDIR_L9_64,210,59,3,1,0
candDIR_L9_64,210,60,3,0,0
candDIR_L9_64,210,61,4,1,0
candDIR_L9_64,210,62,1,0,3
candDIR_L9_64,210,63,1,0,0
candDIR_L9_64,210,64,1,0,0
candDIR_L9_64,211,1,1,0,0
candDIR_L9_64,211,2,2,1,0
candDIR_L9_64,211,3,2,0,0
candDIR_L9_64,211,4,2,0,0
candDIR_L9_64,211,5,2,0,0
candDIR_L9_64,211,6,2,0,0
candDIR_L9_64,211,7,1,0,1
candDIR_L9_64,211,8,1,0,0
candDIR_L9_64,211,9,1,0,0
candDIR_L9_64,211,10,1,0,0
candDIR_L9_64,211,11,1,0,0
candDIR_L9_64,211,12,2,1,0
candDIR_L9_64,211,13,1,0,1
candDIR_L9_64,211,14,1,0,0
candDIR_L9_64,211,15,4,3,0
candDIR_L9_64,211,16,4,0,0
candDIR_L9_64,211,17,1,0,3
candDIR_L9_64,211,18,4,3,0
candDIR_L9_64,211,19,4,0,0
candDIR_L9_64,211,20,1,0,3
candDIR_L9_64,211,21,1,0,0
candDIR_L9_64,211,22,1,0,0
candDIR_L9_64,211,23,1,0,0
candDIR_L9_64,211,24,1,0,0
candDIR_L9_64,211,25,2,1,0
candDIR_L9_64,211,26,2,0,0
candDIR_L9_64,211,27,2,0,0
candDIR_L9_64,211,28,2,0,0
candDIR_L9_64,211,29,1,0,1
candDIR_L9_64,211,30,1,0,0
candDIR_L9_64,211,31,1,0,0
candDIR_L9_64,211,32,1,0,0
candDIR_L9_64,211,33,1,0,0
candDIR_L9_64,211,34,1,0,0
candDIR_L9_64,211,35,1,0,0
candDIR_L9_64,211,36,2,1,0
candDIR_L9_64,211,37,2,0,0
candDIR_L9_64,211,38,2,0,0
candDIR_L9_64,211,39,1,0,1
candDIR_L9_64,211,40,1,0,0
candDIR_L9_64,211,41,1,0,0
candDIR_L9_64,211,42,1,0,0
candDIR_L9_64,211,43,1,0,0
candDIR_L9_64,211,44,1,0,0
candDIR_L9_64,211,45,1,0,0
candDIR_L9_64,211,46,1,0,0
candDIR_L9_64,211,47,1,0,0
candDIR_L9_64,211,48,1,0,0
candDIR_L9_64,211,49,1,0,0
candDIR_L9_64,211,50,1,0,0
candDIR_L9_64,211,51,1,0,0
candDIR_L9_64,211,52,1,0,0
candDIR_L9_64,211,53,1,0,0
candDIR_L9_64,211,54,2,1,0
candDIR_L9_64,211,55,2,0,0
candDIR_L9_64,211,56,2,0,0
candDIR_L9_64,211,57,2,0,0
candDIR_L9_64,211,58,2,0,0
candDIR_L9_64,211,59,1,0,1
candDIR_L9_64,211,60,1,0,0
candDIR_L9_64,211,61,1,0,0
candDIR_L9_64,211,62,1,0,0
candDIR_L9_64,211,63,1,0,0
candDIR_L9_64,211,64,1,0,0
candDIR_L9_64,212,1,1,0,0
candDIR_L9_64,212,2,2,1,0
candDIR_L9_64,212,3,2,0,0
candDIR_L9_64,212,4,2,0,0
candDIR_L9_64,212,5,2,0,0
candDIR_L9_64,212,6,2,0,0
candDIR_L9_64,212,7,1,0,1
candDIR_L9_64,212,8,1,0,0
candDIR_L9_64,212,9,1,0,0
candDIR_L9_64,212,10,1,0,0
candDIR_L9_64,212,11,2,1,0
candDIR_L9_64,212,12,2,0,0
candDIR_L9_64,212,13,1,0,1
candDIR_L9_64,212,14,1,0,0
candDIR_L9_64,212,15,1,0,0
candDIR_L9_64,212,16,1,0,0
candDIR_L9_64,212,17,1,0,0
candDIR_L9_64,212,18,1,0,0
candDIR_L9_64,212,19,1,0,0
candDIR_L9_64,212,20,1,0,0
candDIR_L9_64,212,21,1,0,0
candDIR_L9_64,212,22,1,0,0
candDIR_L9_64,212,23,2,1,0
candDIR_L9_64,212,24,1,0,1
candDIR_L9_64,212,25,1,0,0
candDIR_L9_64,212,26,1,0,0
candDIR_L9_64,212,27,1,0,0
candDIR_L9_64,212,28,1,0,0
candDIR_L9_64,212,29,2,1,0
candDIR_L9_64,212,30,2,0,0
candDIR_L9_64,212,31,2,0,0
candDIR_L9_64,212,32,2,0,0
candDIR_L9_64,212,33,2,0,0
candDIR_L9_64,212,34,1,0,1
candDIR_L9_64,212,35,1,0,0
candDIR_L9_64,212,36,1,0,0
candDIR_L9_64,212,37,1,0,0
candDIR_L9_64,212,38,1,0,0
candDIR_L9_64,212,39,1,0,0
candDIR_L9_64,212,40,1,0,0
candDIR_L9_64,212,41,2,1,0
candDIR_L9_64,212,42,1,0,1
candDIR_L9_64,212,43,1,0,0
candDIR_L9_64,212,44,1,0,0
candDIR_L9_64,212,45,1,0,0
candDIR_L9_64,212,46,1,0,0
candDIR_L9_64,212,47,1,0,0
candDIR_L9_64,212,48,1,0,0
candDIR_L9_64,212,49,1,0,0
candDIR_L9_64,212,50,2,1,0
candDIR_L9_64,212,51,1,0,1
candDIR_L9_64,212,52,2,1,0
candDIR_L9_64,212,53,2,0,0
candDIR_L9_64,212,54,2,0,0
candDIR_L9_64,212,55,2,0,0
candDIR_L9_64,212,56,2,0,0
candDIR_L9_64,212,57,2,0,0
candDIR_L9_64,212,58,2,0,0
candDIR_L9_64,212,59,1,0,1
candDIR_L9_64,212,60,1,0,0
candDIR_L9_64,212,61,1,0,0
candDIR_L9_64,212,62,1,0,0
candDIR_L9_64,212,63,1,0,0
candDIR_L9_64,212,64,2,1,0
candDIR_L9_64,213,1,1,0,0
candDIR_L9_64,213,2,2,1,0
candDIR_L9_64,213,3,2,0,0
candDIR_L9_64,213,4,2,0,0
candDIR_L9_64,213,5,2,0,0
candDIR_L9_64,213,6,2,0,0
candDIR_L9_64,213,7,1,0,1
candDIR_L9_64,213,8,1,0,0
candDIR_L9_64,213,9,1,0,0
candDIR_L9_64,213,10,1,0,0
candDIR_L9_64,213,11,4,3,0
candDIR_L9_64,213,12,4,0,0
candDIR_L9_64,213,13,1,0,3
candDIR_L9_64,213,14,3,2,0
candDIR_L9_64,213,15,4,1,0
candDIR_L9_64,213,16,4,1,1
candDIR_L9_64,213,17,5,1,0
candDIR_L9_64,213,18,2,0,3
candDIR_L9_64,213,19,2,0,0
candDIR_L9_64,213,20,1,0,1
candDIR_L9_64,213,21,1,0,0
candDIR_L9_64,213,22,1,0,0
candDIR_L9_64,213,23,1,0,0
candDIR_L9_64,213,24,1,0,0
candDIR_L9_64,213,25,1,0,0
candDIR_L9_64,213,26,2,1,0
candDIR_L9_64,213,27,3,1,0
candDIR_L9_64,213,28,3,0,0
candDIR_L9_64,213,29,1,0,2
candDIR_L9_64,213,30,2,1,0
candDIR_L9_64,213,31,2,0,0
candDIR_L9_64,213,32,1,0,1
candDIR_L9_64,213,33,2,1,0
candDIR_L9_64,213,34,2,0,0
candDIR_L9_64,213,35,2,0,0
candDIR_L9_64,213,36,2,0,0
candDIR_L9_64,213,37,3,1,0
candDIR_L9_64,213,38,3,0,0
candDIR_L9_64,213,39,3,0,0
candDIR_L9_64,213,40,1,0,2
candDIR_L9_64,213,41,3,2,0
candDIR_L9_64,213,42,1,0,2
candDIR_L9_64,213,43,1,0,0
candDIR_L9_64,213,44,1,0,0
candDIR_L9_64,213,45,1,0,0
candDIR_L9_64,213,46,1,0,0
candDIR_L9_64,213,47,1,0,0
candDIR_L9_64,213,48,3,2,0
candDIR_L9_64,213,49,2,0,1
candDIR_L9_64,213,50,4,2,0
candDIR_L9_64,213,51,1,0,3
candDIR_L9_64,213,52,1,0,0
candDIR_L9_64,213,53,1,0,0
candDIR_L9_64,213,54,1,0,0
candDIR_L9_64,213,55,1,0,0
candDIR_L9_64,213,56,1,0,0
candDIR_L9_64,213,57,1,0,0
candDIR_L9_64,213,58,1,0,0
candDIR_L9_64,213,59,2,1,0
candDIR_L9_64,213,60,1,0,1
candDIR_L9_64,213,61,2,1,0
candDIR_L9_64,213,62,2,0,0
candDIR_L9_64,213,63,1,0,1
candDIR_L9_64,213,64,1,0,0
candDIR_L9_64,214,1,1,0,0
candDIR_L9_64,214,2,2,1,0
candDIR_L9_64,214,3,2,0,0
candDIR_L9_64,214,4,2,0,0
candDIR_L9_64,214,5,2,0,0
candDIR_L9_64,214,6,2,0,0
candDIR_L9_64,214,7,1,0,1
candDIR_L9_64,214,8,1,0,0
candDIR_L9_64,214,9,1,0,0
candDIR_L9_64,214,10,1,0,0
candDIR_L9_64,214,11,1,0,0
candDIR_L9_64,214,12,1,0,0
candDIR_L9_64,214,13,1,0,0
candDIR_L9_64,214,14,1,0,0
candDIR_L9_64,214,15,1,0,0
candDIR_L9_64,214,16,1,0,0
candDIR_L9_64,214,17,1,0,0
candDIR_L9_64,214,18,2,1,0
candDIR_L9_64,214,19,2,0,0
candDIR_L9_64,214,20,2,0,0
candDIR_L9_64,214,21,3,1,0
candDIR_L9_64,214,22,4,1,0
candDIR_L9_64,214,23,4,0,0
candDIR_L9_64,214,24,4,0,0
candDIR_L9_64,214,25,4,0,0
candDIR_L9_64,214,26,4,0,0
candDIR_L9_64,214,27,1,0,3
candDIR_L9_64,214,28,1,0,0
candDIR_L9_64,214,29,4,3,0
candDIR_L9_64,214,30,1,0,3
candDIR_L9_64,214,31,1,0,0
candDIR_L9_64,214,32,1,0,0
candDIR_L9_64,214,33,1,0,0
candDIR_L9_64,214,34,1,0,0
candDIR_L9_64,214,35,1,0,0
candDIR_L9_64,214,36,2,1,0
candDIR_L9_64,214,37,1,0,1
candDIR_L9_64,214,38,1,0,0
candDIR_L9_64,214,39,1,0,0
candDIR_L9_64,214,40,1,0,0
candDIR_L9_64,214,41,1,0,0
candDIR_L9_64,214,42,1,0,0
candDIR_L9_64,214,43,1,0,0
candDIR_L9_64,214,44,2,1,0
candDIR_L9_64,214,45,2,0,0
candDIR_L9_64,214,46,2,0,0
candDIR_L9_64,214,47,1,0,1
candDIR_L9_64,214,48,1,0,0
candDIR_L9_64,214,49,2,1,0
candDIR_L9_64,214,50,1,0,1
candDIR_L9_64,214,51,1,0,0
candDIR_L9_64,214,52,1,0,0
candDIR_L9_64,214,53,1,0,0
candDIR_L9_64,214,54,1,0,0
candDIR_L9_64,214,55,1,0,0
candDIR_L9_64,214,56,1,0,0
candDIR_L9_64,214,57,2,1,0
candDIR_L9_64,214,58,4,2,0
candDIR_L9_64,214,59,3,0,1
candDIR_L9_64,214,60,3,0,0
candDIR_L9_64,214,61,1,0,2
candDIR_L9_64,214,62,1,0,0
candDIR_L9_64,214,63,1,0,0
candDIR_L9_64,214,64,1,0,0
candDIR_L9_64,215,1,1,0,0
candDIR_L9_64,215,2,2,1,0
candDIR_L9_64,215,3,2,0,0
candDIR_L9_64,215,4,2,0,0
candDIR_L9_64,215,5,2,0,0
candDIR_L9_64,215,6,2,0,0
candDIR_L9_64,215,7,1,0,1
candDIR_L9_64,215,8,1,0,0
candDIR_L9_64,215,9,1,0,0
candDIR_L9_64,215,10,1,0,0
candDIR_L9_64,215,11,1,0,0
candDIR_L9_64,215,12,2,1,0
candDIR_L9_64,215,13,2,0,0
candDIR_L9_64,215,14,2,0,0
candDIR_L9_64,215,15,2,0,0
candDIR_L9_64,215,16,1,0,1
candDIR_L9_64,215,17,1,0,0
candDIR_L9_64,215,18,2,1,0
candDIR_L9_64,215,19,2,0,0
candDIR_L9_64,215,20,2,0,0
candDIR_L9_64,215,21,2,0,0
candDIR_L9_64,215,22,1,0,1
candDIR_L9_64,215,23,1,0,0
candDIR_L9_64,215,24,1,0,0
candDIR_L9_64,215,25,1,0,0
candDIR_L9_64,215,26,1,0,0
candDIR_L9_64,215,27,1,0,0
candDIR_L9_64,215,28,1,0,0
candDIR_L9_64,215,29,1,0,0
candDIR_L9_64,215,30,1,0,0
candDIR_L9_64,215,31,1,0,0
candDIR_L9_64,215,32,2,1,0
candDIR_L9_64,215,33,2,0,0
candDIR_L9_64,215,34,3,1,0
candDIR_L9_64,215,35,3,0,0
candDIR_L9_64,215,36,2,0,1
candDIR_L9_64,215,37,2,0,0
candDIR_L9_64,215,38,2,0,0
candDIR_L9_64,215,39,2,0,0
candDIR_L9_64,215,40,2,0,0
candDIR_L9_64,215,41,2,0,0
candDIR_L9_64,215,42,1,0,1
candDIR_L9_64,215,43,2,1,0
candDIR_L9_64,215,44,1,0,1
candDIR_L9_64,215,45,1,0,0
candDIR_L9_64,215,46,1,0,0
candDIR_L9_64,215,47,1,0,0
candDIR_L9_64,215,48,1,0,0
candDIR_L9_64,215,49,2,1,0
candDIR_L9_64,215,50,1,0,1
candDIR_L9_64,215,51,1,0,0
candDIR_L9_64,215,52,1,0,0
candDIR_L9_64,215,53,1,0,0
candDIR_L9_64,215,54,1,0,0
candDIR_L9_64,215,55,1,0,0
candDIR_L9_64,215,56,2,1,0
candDIR_L9_64,215,57,2,0,0
candDIR_L9_64,215,58,1,0,1
candDIR_L9_64,215,59,2,1,0
candDIR_L9_64,215,60,2,0,0
candDIR_L9_64,215,61,2,0,0
candDIR_L9_64,215,62,2,0,0
candDIR_L9_64,215,63,2,0,0
candDIR_L9_64,215,64,2,0,0
candDIR_L9_64,216,1,1,0,0
candDIR_L9_64,216,2,2,1,0
candDIR_L9_64,216,3,2,0,0
candDIR_L9_64,216,4,2,0,0
candDIR_L9_64,216,5,2,0,0
candDIR_L9_64,216,6,2,0,0
candDIR_L9_64,216,7,4,2,0
candDIR_L9_64,216,8,1,0,3
candDIR_L9_64,216,9,1,0,0
candDIR_L9_64,216,10,1,0,0
candDIR_L9_64,216,11,4,3,0
candDIR_L9_64,216,12,4,0,0
candDIR_L9_64,216,13,4,0,0
candDIR_L9_64,216,14,4,1,1
candDIR_L9_64,216,15,4,1,1
candDIR_L9_64,216,16,5,1,0
candDIR_L9_64,216,17,6,1,0
candDIR_L9_64,216,18,5,0,1
candDIR_L9_64,216,19,4,0,1
candDIR_L9_64,216,20,1,0,3
candDIR_L9_64,216,21,1,0,0
candDIR_L9_64,216,22,1,0,0
candDIR_L9_64,216,23,1,0,0
candDIR_L9_64,216,24,4,3,0
candDIR_L9_64,216,25,3,0,1
candDIR_L9_64,216,26,3,0,0
candDIR_L9_64,216,27,4,1,0
candDIR_L9_64,216,28,5,1,0
candDIR_L9_64,216,29,6,1,0
candDIR_L9_64,216,30,1,0,5
candDIR_L9_64,216,31,5,4,0
candDIR_L9_64,216,32,1,0,4
candDIR_L9_64,216,33,1,0,0
candDIR_L9_64,216,34,1,0,0
candDIR_L9_64,216,35,1,0,0
candDIR_L9_64,216,36,1,0,0
candDIR_L9_64,216,37,1,0,0
candDIR_L9_64,216,38,1,0,0
candDIR_L9_64,216,39,1,0,0
candDIR_L9_64,216,40,3,2,0
candDIR_L9_64,216,41,4,1,0
candDIR_L9_64,216,42,4,0,0
candDIR_L9_64,216,43,1,0,3
candDIR_L9_64,216,44,1,0,0
candDIR_L9_64,216,45,1,0,0
candDIR_L9_64,216,46,4,3,0
candDIR_L9_64,216,47,4,1,1
candDIR_L9_64,216,48,5,1,0
candDIR_L9_64,216,49,4,0,1
candDIR_L9_64,216,50,4,0,0
candDIR_L9_64,216,51,5,1,0
candDIR_L9_64,216,52,5,0,0
candDIR_L9_64,216,53,5,0,0
candDIR_L9_64,216,54,1,0,4
candDIR_L9_64,216,55,1,0,0
candDIR_L9_64,216,56,1,0,0
candDIR_L9_64,216,57,2,1,0
candDIR_L9_64,216,58,1,0,1
candDIR_L9_64,216,59,1,0,0
candDIR_L9_64,216,60,1,0,0
candDIR_L9_64,216,61,2,1,0
candDIR_L9_64,216,62,1,0,1
candDIR_L9_64,216,63,1,0,0
candDIR_L9_64,216,64,2,1,0
candDIR_L9_64,217,1,1,0,0
candDIR_L9_64,217,2,2,1,0
candDIR_L9_64,217,3,2,0,0
candDIR_L9_64,217,4,2,0,0
candDIR_L9_64,217,5,2,0,0
candDIR_L9_64,217,6,2,0,0
candDIR_L9_64,217,7,1,0,1
candDIR_L9_64,217,8,1,0,0
candDIR_L9_64,217,9,1,0,0
candDIR_L9_64,217,10,1,0,0
candDIR_L9_64,217,11,1,0,0
candDIR_L9_64,217,12,1,0,0
candDIR_L9_64,217,13,1,0,0
candDIR_L9_64,217,14,2,1,0
candDIR_L9_64,217,15,1,0,1
candDIR_L9_64,217,16,1,0,0
candDIR_L9_64,217,17,1,0,0
candDIR_L9_64,217,18,2,1,0
candDIR_L9_64,217,19,2,0,0
candDIR_L9_64,217,20,1,0,1
candDIR_L9_64,217,21,1,0,0
candDIR_L9_64,217,22,1,0,0
candDIR_L9_64,217,23,1,0,0
candDIR_L9_64,217,24,2,1,0
candDIR_L9_64,217,25,2,0,0
candDIR_L9_64,217,26,3,1,0
candDIR_L9_64,217,27,1,0,2
candDIR_L9_64,217,28,1,0,0
candDIR_L9_64,217,29,1,0,0
candDIR_L9_64,217,30,1,0,0
candDIR_L9_64,217,31,1,0,0
candDIR_L9_64,217,32,2,1,0
candDIR_L9_64,217,33,1,0,1
candDIR_L9_64,217,34,1,0,0
candDIR_L9_64,217,35,3,2,0
candDIR_L9_64,217,36,1,0,2
candDIR_L9_64,217,37,1,0,0
candDIR_L9_64,217,38,1,0,0
candDIR_L9_64,217,39,2,1,0
candDIR_L9_64,217,40,3,1,0
candDIR_L9_64,217,41,1,0,2
candDIR_L9_64,217,42,1,0,0
candDIR_L9_64,217,43,1,0,0
candDIR_L9_64,217,44,1,0,0
candDIR_L9_64,217,45,1,0,0
candDIR_L9_64,217,46,1,0,0
candDIR_L9_64,217,47,2,1,0
candDIR_L9_64,217,48,1,0,1
candDIR_L9_64,217,49,3,2,0
candDIR_L9_64,217,50,3,0,0
candDIR_L9_64,217,51,1,0,2
candDIR_L9_64,217,52,1,0,0
candDIR_L9_64,217,53,1,0,0
candDIR_L9_64,217,54,1,0,0
candDIR_L9_64,217,55,1,0,0
candDIR_L9_64,217,56,1,0,0
candDIR_L9_64,217,57,2,1,0
candDIR_L9_64,217,58,1,0,1
candDIR_L9_64,217,59,1,0,0
candDIR_L9_64,217,60,1,0,0
candDIR_L9_64,217,61,2,1,0
candDIR_L9_64,217,62,2,0,0
candDIR_L9_64,217,63,2,0,0
candDIR_L9_64,217,64,2,0,0
candDIR_L9_64,218,1,1,0,0
candDIR_L9_64,218,2,2,1,0
candDIR_L9_64,218,3,2,0,0
candDIR_L9_64,218,4,2,0,0
candDIR_L9_64,218,5,2,0,0
candDIR_L9_64,218,6,2,0,0
candDIR_L9_64,218,7,1,0,1
candDIR_L9_64,218,8,1,0,0
candDIR_L9_64,218,9,1,0,0
candDIR_L9_64,218,10,1,0,0
candDIR_L9_64,218,11,1,0,0
candDIR_L9_64,218,12,2,1,0
candDIR_L9_64,218,13,2,0,0
candDIR_L9_64,218,14,2,0,0
candDIR_L9_64,218,15,2,0,0
candDIR_L9_64,218,16,1,0,1
candDIR_L9_64,218,17,1,0,0
candDIR_L9_64,218,18,1,0,0
candDIR_L9_64,218,19,1,0,0
candDIR_L9_64,218,20,1,0,0
candDIR_L9_64,218,21,1,0,0
candDIR_L9_64,218,22,1,0,0
candDIR_L9_64,218,23,1,0,0
candDIR_L9_64,218,24,1,0,0
candDIR_L9_64,218,25,2,1,0
candDIR_L9_64,218,26,1,0,1
candDIR_L9_64,218,27,2,1,0
candDIR_L9_64,218,28,1,0,1
candDIR_L9_64,218,29,1,0,0
candDIR_L9_64,218,30,1,0,0
candDIR_L9_64,218,31,2,1,0
candDIR_L9_64,218,32,2,0,0
candDIR_L9_64,218,33,1,0,1
candDIR_L9_64,218,34,1,0,0
candDIR_L9_64,218,35,1,0,0
candDIR_L9_64,218,36,1,0,0
candDIR_L9_64,218,37,1,0,0
candDIR_L9_64,218,38,1,0,0
candDIR_L9_64,218,39,2,1,0
candDIR_L9_64,218,40,1,0,1
candDIR_L9_64,218,41,1,0,0
candDIR_L9_64,218,42,1,0,0
candDIR_L9_64,218,43,1,0,0
candDIR_L9_64,218,44,1,0,0
candDIR_L9_64,218,45,1,0,0
candDIR_L9_64,218,46,1,0,0
candDIR_L9_64,218,47,2,1,0
candDIR_L9_64,218,48,1,0,1
candDIR_L9_64,218,49,1,0,0
candDIR_L9_64,218,50,1,0,0
candDIR_L9_64,218,51,1,0,0
candDIR_L9_64,218,52,1,0,0
candDIR_L9_64,218,53,1,0,0
candDIR_L9_64,218,54,2,1,0
candDIR_L9_64,218,55,2,0,0
candDIR_L9_64,218,56,2,0,0
candDIR_L9_64,218,57,1,0,1
candDIR_L9_64,218,58,1,0,0
candDIR_L9_64,218,59,1,0,0
candDIR_L9_64,218,60,2,1,0
candDIR_L9_64,218,61,1,0,1
candDIR_L9_64,218,62,1,0,0
candDIR_L9_64,218,63,3,2,0
candDIR_L9_64,218,64,3,0,0
candDIR_L9_64,219,1,1,0,0
candDIR_L9_64,219,2,2,1,0
candDIR_L9_64,219,3,2,0,0
candDIR_L9_64,219,4,2,0,0
candDIR_L9_64,219,5,2,0,0
candDIR_L9_64,219,6,2,0,0
candDIR_L9_64,219,7,1,0,1
candDIR_L9_64,219,8,1,0,0
candDIR_L9_64,219,9,1,0,0
candDIR_L9_64,219,10,1,0,0
candDIR_L9_64,219,11,1,0,0
candDIR_L9_64,219,12,1,0,0
candDIR_L9_64,219,13,1,0,0
candDIR_L9_64,219,14,1,0,0
candDIR_L9_64,219,15,2,1,0
candDIR_L9_64,219,16,2,0,0
candDIR_L9_64,219,17,1,0,1
candDIR_L9_64,219,18,1,0,0
candDIR_L9_64,219,19,2,1,0
candDIR_L9_64,219,20,1,0,1
candDIR_L9_64,219,21,1,0,0
candDIR_L9_64,219,22,1,0,0
candDIR_L9_64,219,23,3,2,0
candDIR_L9_64,219,24,1,0,2
candDIR_L9_64,219,25,1,0,0
candDIR_L9_64,219,26,1,0,0
candDIR_L9_64,219,27,1,0,0
candDIR_L9_64,219,28,1,0,0
candDIR_L9_64,219,29,1,0,0
candDIR_L9_64,219,30,1,0,0
candDIR_L9_64,219,31,1,0,0
candDIR_L9_64,219,32,1,0,0
candDIR_L9_64,219,33,1,0,0
candDIR_L9_64,219,34,1,0,0
candDIR_L9_64,219,35,1,0,0
candDIR_L9_64,219,36,2,1,0
candDIR_L9_64,219,37,2,0,0
candDIR_L9_64,219,38,2,0,0
candDIR_L9_64,219,39,1,0,1
candDIR_L9_64,219,40,1,0,0
candDIR_L9_64,219,41,2,1,0
candDIR_L9_64,219,42,3,1,0
candDIR_L9_64,219,43,1,0,2
candDIR_L9_64,219,44,1,0,0
candDIR_L9_64,219,45,1,0,0
candDIR_L9_64,219,46,1,0,0
candDIR_L9_64,219,47,3,2,0
candDIR_L9_64,219,48,1,0,2
candDIR_L9_64,219,49,1,0,0
candDIR_L9_64,219,50,1,0,0
candDIR_L9_64,219,51,1,0,0
candDIR_L9_64,219,52,1,0,0
candDIR_L9_64,219,53,1,0,0
candDIR_L9_64,219,54,1,0,0
candDIR_L9_64,219,55,1,0,0
candDIR_L9_64,219,56,2,1,0
candDIR_L9_64,219,57,2,0,0
candDIR_L9_64,219,58,2,0,0
candDIR_L9_64,219,59,3,1,0
candDIR_L9_64,219,60,3,0,0
candDIR_L9_64,219,61,1,0,2
candDIR_L9_64,219,62,1,0,0
candDIR_L9_64,219,63,1,0,0
candDIR_L9_64,219,64,1,0,0
candDIR_L9_64,220,1,1,0,0
candDIR_L9_64,220,2,3,2,0
candDIR_L9_64,220,3,3,0,0
candDIR_L9_64,220,4,3,0,0
candDIR_L9_64,220,5,3,0,0
candDIR_L9_64,220,6,3,0,0
candDIR_L9_64,220,7,1,0,2
candDIR_L9_64,220,8,1,0,0
candDIR_L9_64,220,9,1,0,0
candDIR_L9_64,220,10,1,0,0
candDIR_L9_64,220,11,1,0,0
candDIR_L9_64,220,12,1,0,0
candDIR_L9_64,220,13,3,2,0
candDIR_L9_64,220,14,3,0,0
candDIR_L9_64,220,15,1,0,2
candDIR_L9_64,220,16,1,0,0
candDIR_L9_64,220,17,1,0,0
candDIR_L9_64,220,18,1,0,0
candDIR_L9_64,220,19,3,2,0
candDIR_L9_64,220,20,1,0,2
candDIR_L9_64,220,21,1,0,0
candDIR_L9_64,220,22,1,0,0
candDIR_L9_64,220,23,1,0,0
candDIR_L9_64,220,24,1,0,0
candDIR_L9_64,220,25,1,0,0
candDIR_L9_64,220,26,1,0,0
candDIR_L9_64,220,27,1,0,0
candDIR_L9_64,220,28,1,0,0
candDIR_L9_64,220,29,3,2,0
candDIR_L9_64,220,30,1,0,2
candDIR_L9_64,220,31,1,0,0
candDIR_L9_64,220,32,3,2,0
candDIR_L9_64,220,33,1,0,2
candDIR_L9_64,220,34,1,0,0
candDIR_L9_64,220,35,1,0,0
candDIR_L9_64,220,36,1,0,0
candDIR_L9_64,220,37,1,0,0
candDIR_L9_64,220,38,3,2,0
candDIR_L9_64,220,39,3,0,0
candDIR_L9_64,220,40,3,0,0
candDIR_L9_64,220,41,3,0,0
candDIR_L9_64,220,42,1,0,2
candDIR_L9_64,220,43,1,0,0
candDIR_L9_64,220,44,1,0,0
candDIR_L9_64,220,45,1,0,0
candDIR_L9_64,220,46,1,0,0
candDIR_L9_64,220,47,1,0,0
candDIR_L9_64,220,48,1,0,0
candDIR_L9_64,220,49,1,0,0
candDIR_L9_64,220,50,1,0,0
candDIR_L9_64,220,51,1,0,0
candDIR_L9_64,220,52,1,0,0
candDIR_L9_64,220,53,1,0,0
candDIR_L9_64,220,54,1,0,0
candDIR_L9_64,220,55,1,0,0
candDIR_L9_64,220,56,3,2,0
candDIR_L9_64,220,57,3,0,0
candDIR_L9_64,220,58,3,0,0
candDIR_L9_64,220,59,1,0,2
candDIR_L9_64,220,60,1,0,0
candDIR_L9_64,220,61,1,0,0
candDIR_L9_64,220,62,1,0,0
candDIR_L9_64,220,63,1,0,0
candDIR_L9_64,220,64,1,0,0
candDIR_L9_64,221,1,1,0,0
candDIR_L9_64,221,2,1,0,0
candDIR_L9_64,221,3,1,0,0
candDIR_L9_64,221,4,1,0,0
candDIR_L9_64,221,5,1,0,0
candDIR_L9_64,221,6,1,0,0
candDIR_L9_64,221,7,1,0,0
candDIR_L9_64,221,8,1,0,0
candDIR_L9_64,221,9,1,0,0
candDIR_L9_64,221,10,1,0,0
candDIR_L9_64,221,11,1,0,0
candDIR_L9_64,221,12,1,0,0
candDIR_L9_64,221,13,1,0,0
candDIR_L9_64,221,14,1,0,0
candDIR_L9_64,221,15,1,0,0
candDIR_L9_64,221,16,1,0,0
candDIR_L9_64,221,17,1,0,0
candDIR_L9_64,221,18,1,0,0
candDIR_L9_64,221,19,1,0,0
candDIR_L9_64,221,20,1,0,0
candDIR_L9_64,221,21,1,0,0
candDIR_L9_64,221,22,1,0,0
candDIR_L9_64,221,23,1,0,0
candDIR_L9_64,221,24,1,0,0
candDIR_L9_64,221,25,1,0,0
candDIR_L9_64,221,26,1,0,0
candDIR_L9_64,221,27,1,0,0
candDIR_L9_64,221,28,1,0,0
candDIR_L9_64,221,29,1,0,0
candDIR_L9_64,221,30,1,0,0
candDIR_L9_64,221,31,1,0,0
candDIR_L9_64,221,32,1,0,0
candDIR_L9_64,221,33,1,0,0
candDIR_L9_64,221,34,1,0,0
candDIR_L9_64,221,35,1,0,0
candDIR_L9_64,221,36,1,0,0
candDIR_L9_64,221,37,1,0,0
candDIR_L9_64,221,38,1,0,0
candDIR_L9_64,221,39,1,0,0
candDIR_L9_64,221,40,1,0,0
candDIR_L9_64,221,41,1,0,0
candDIR_L9_64,221,42,1,0,0
candDIR_L9_64,221,43,1,0,0
candDIR_L9_64,221,44,1,0,0
candDIR_L9_64,221,45,1,0,0
candDIR_L9_64,221,46,1,0,0
candDIR_L9_64,221,47,1,0,0
candDIR_L9_64,221,48,1,0,0
candDIR_L9_64,221,49,1,0,0
candDIR_L9_64,221,50,1,0,0
candDIR_L9_64,221,51,1,0,0
candDIR_L9_64,221,52,1,0,0
candDIR_L9_64,221,53,1,0,0
candDIR_L9_64,221,54,1,0,0
candDIR_L9_64,221,55,1,0,0
candDIR_L9_64,221,56,1,0,0
candDIR_L9_64,221,57,1,0,0
candDIR_L9_64,221,58,1,0,0
candDIR_L9_64,221,59,1,0,0
candDIR_L9_64,221,60,1,0,0
candDIR_L9_64,221,61,1,0,0
candDIR_L9_64,221,62,1,0,0
candDIR_L9_64,221,63,1,0,0
candDIR_L9_64,221,64,1,0,0
candDIR_L9_64,222,1,1,0,0
candDIR_L9_64,222,2,2,1,0
candDIR_L9_64,222,3,2,0,0
candDIR_L9_64,222,4,2,0,0
candDIR_L9_64,222,5,2,0,0
candDIR_L9_64,222,6,2,0,0
candDIR_L9_64,222,7,1,0,1
candDIR_L9_64,222,8,1,0,0
candDIR_L9_64,222,9,1,0,0
candDIR_L9_64,222,10,1,0,0
candDIR_L9_64,222,11,1,0,0
candDIR_L9_64,222,12,1,0,0
candDIR_L9_64,222,13,1,0,0
candDIR_L9_64,222,14,1,0,0
candDIR_L9_64,222,15,1,0,0
candDIR_L9_64,222,16,1,0,0
candDIR_L9_64,222,17,1,0,0
candDIR_L9_64,222,18,1,0,0
candDIR_L9_64,222,19,1,0,0
candDIR_L9_64,222,20,1,0,0
candDIR_L9_64,222,21,1,0,0
candDIR_L9_64,222,22,1,0,0
candDIR_L9_64,222,23,1,0,0
candDIR_L9_64,222,24,1,0,0
candDIR_L9_64,222,25,2,1,0
candDIR_L9_64,222,26,2,0,0
candDIR_L9_64,222,27,1,0,1
candDIR_L9_64,222,28,1,0,0
candDIR_L9_64,222,29,1,0,0
candDIR_L9_64,222,30,1,0,0
candDIR_L9_64,222,31,1,0,0
candDIR_L9_64,222,32,1,0,0
candDIR_L9_64,222,33,1,0,0
candDIR_L9_64,222,34,1,0,0
candDIR_L9_64,222,35,1,0,0
candDIR_L9_64,222,36,2,1,0
candDIR_L9_64,222,37,3,1,0
candDIR_L9_64,222,38,3,0,0
candDIR_L9_64,222,39,3,0,0
candDIR_L9_64,222,40,3,0,0
candDIR_L9_64,222,41,3,0,0
candDIR_L9_64,222,42,1,0,2
candDIR_L9_64,222,43,3,2,0
candDIR_L9_64,222,44,1,0,2
candDIR_L9_64,222,45,1,0,0
candDIR_L9_64,222,46,1,0,0
candDIR_L9_64,222,47,1,0,0
candDIR_L9_64,222,48,1,0,0
candDIR_L9_64,222,49,1,0,0
candDIR_L9_64,222,50,1,0,0
candDIR_L9_64,222,51,1,0,0
candDIR_L9_64,222,52,1,0,0
candDIR_L9_64,222,53,1,0,0
candDIR_L9_64,222,54,1,0,0
candDIR_L9_64,222,55,1,0,0
candDIR_L9_64,222,56,1,0,0
candDIR_L9_64,222,57,1,0,0
candDIR_L9_64,222,58,2,1,0
candDIR_L9_64,222,59,2,0,0
candDIR_L9_64,222,60,2,0,0
candDIR_L9_64,222,61,2,0,0
candDIR_L9_64,222,62,1,0,1
candDIR_L9_64,222,63,1,0,0
candDIR_L9_64,222,64,1,0,0
candDIR_L9_64,223,1,1,0,0
candDIR_L9_64,223,2,3,2,0
candDIR_L9_64,223,3,3,0,0
candDIR_L9_64,223,4,3,0,0
candDIR_L9_64,223,5,3,0,0
candDIR_L9_64,223,6,3,0,0
candDIR_L9_64,223,7,1,0,2
candDIR_L9_64,223,8,1,0,0
candDIR_L9_64,223,9,1,0,0
candDIR_L9_64,223,10,1,0,0
candDIR_L9_64,223,11,1,0,0
candDIR_L9_64,223,12,3,2,0
candDIR_L9_64,223,13,3,0,0
candDIR_L9_64,223,14,3,0,0
candDIR_L9_64,223,15,3,0,0
candDIR_L9_64,223,16,3,0,0
candDIR_L9_64,223,17,1,0,2
candDIR_L9_64,223,18,1,0,0
candDIR_L9_64,223,19,1,0,0
candDIR_L9_64,223,20,1,0,0
candDIR_L9_64,223,21,1,0,0
candDIR_L9_64,223,22,1,0,0
candDIR_L9_64,223,23,1,0,0
candDIR_L9_64,223,24,1,0,0
candDIR_L9_64,223,25,1,0,0
candDIR_L9_64,223,26,1,0,0
candDIR_L9_64,223,27,1,0,0
candDIR_L9_64,223,28,1,0,0
candDIR_L9_64,223,29,1,0,0
candDIR_L9_64,223,30,1,0,0
candDIR_L9_64,223,31,1,0,0
candDIR_L9_64,223,32,1,0,0
candDIR_L9_64,223,33,1,0,0
candDIR_L9_64,223,34,1,0,0
candDIR_L9_64,223,35,1,0,0
candDIR_L9_64,223,36,3,2,0
candDIR_L9_64,223,37,1,0,2
candDIR_L9_64,223,38,1,0,0
candDIR_L9_64,223,39,1,0,0
candDIR_L9_64,223,40,1,0,0
candDIR_L9_64,223,41,1,0,0
candDIR_L9_64,223,42,1,0,0
candDIR_L9_64,223,43,1,0,0
candDIR_L9_64,223,44,1,0,0
candDIR_L9_64,223,45,1,0,0
candDIR_L9_64,223,46,1,0,0
candDIR_L9_64,223,47,1,0,0
candDIR_L9_64,223,48,1,0,0
candDIR_L9_64,223,49,1,0,0
candDIR_L9_64,223,50,1,0,0
candDIR_L9_64,223,51,1,0,0
candDIR_L9_64,223,52,1,0,0
candDIR_L9_64,223,53,1,0,0
candDIR_L9_64,223,54,3,2,0
candDIR_L9_64,223,55,3,0,0
candDIR_L9_64,223,56,1,0,2
candDIR_L9_64,223,57,3,2,0
candDIR_L9_64,223,58,1,0,2
candDIR_L9_64,223,59,1,0,0
candDIR_L9_64,223,60,3,2,0
candDIR_L9_64,223,61,3,0,0
candDIR_L9_64,223,62,1,0,2
candDIR_L9_64,223,63,1,0,0
candDIR_L9_64,223,64,1,0,0
candDIR_L9_64,224,1,1,0,0
candDIR_L9_64,224,2,1,0,0
candDIR_L9_64,224,3,1,0,0
candDIR_L9_64,224,4,1,0,0
candDIR_L9_64,224,5,1,0,0
candDIR_L9_64,224,6,1,0,0
candDIR_L9_64,224,7,1,0,0
candDIR_L9_64,224,8,1,0,0
candDIR_L9_64,224,9,1,0,0
candDIR_L9_64,224,10,1,0,0
candDIR_L9_64,224,11,1,0,0
candDIR_L9_64,224,12,1,0,0
candDIR_L9_64,224,13,1,0,0
candDIR_L9_64,224,14,1,0,0
candDIR_L9_64,224,15,1,0,0
candDIR_L9_64,224,16,1,0,0
candDIR_L9_64,224,17,1,0,0
candDIR_L9_64,224,18,1,0,0
candDIR_L9_64,224,19,1,0,0
candDIR_L9_64,224,20,1,0,0
candDIR_L9_64,224,21,1,0,0
candDIR_L9_64,224,22,1,0,0
candDIR_L9_64,224,23,1,0,0
candDIR_L9_64,224,24,1,0,0
candDIR_L9_64,224,25,1,0,0
candDIR_L9_64,224,26,1,0,0
candDIR_L9_64,224,27,1,0,0
candDIR_L9_64,224,28,1,0,0
candDIR_L9_64,224,29,1,0,0
candDIR_L9_64,224,30,1,0,0
candDIR_L9_64,224,31,1,0,0
candDIR_L9_64,224,32,1,0,0
candDIR_L9_64,224,33,1,0,0
candDIR_L9_64,224,34,1,0,0
candDIR_L9_64,224,35,1,0,0
candDIR_L9_64,224,36,1,0,0
candDIR_L9_64,224,37,1,0,0
candDIR_L9_64,224,38,1,0,0
candDIR_L9_64,224,39,1,0,0
candDIR_L9_64,224,40,1,0,0
candDIR_L9_64,224,41,1,0,0
candDIR_L9_64,224,42,1,0,0
candDIR_L9_64,224,43,1,0,0
candDIR_L9_64,224,44,1,0,0
candDIR_L9_64,224,45,1,0,0
candDIR_L9_64,224,46,1,0,0
candDIR_L9_64,224,47,1,0,0
candDIR_L9_64,224,48,1,0,0
candDIR_L9_64,224,49,1,0,0
candDIR_L9_64,224,50,1,0,0
candDIR_L9_64,224,51,1,0,0
candDIR_L9_64,224,52,1,0,0
candDIR_L9_64,224,53,1,0,0
candDIR_L9_64,224,54,1,0,0
candDIR_L9_64,224,55,1,0,0
candDIR_L9_64,224,56,1,0,0
candDIR_L9_64,224,57,1,0,0
candDIR_L9_64,224,58,1,0,0
candDIR_L9_64,224,59,1,0,0
candDIR_L9_64,224,60,1,0,0
candDIR_L9_64,224,61,1,0,0
candDIR_L9_64,224,62,1,0,0
candDIR_L9_64,224,63,1,0,0
candDIR_L9_64,224,64,1,0,0
candDIR_L9_64,225,1,1,0,0
candDIR_L9_64,225,2,2,1,0
candDIR_L9_64,225,3,2,0,0
candDIR_L9_64,225,4,2,0,0
candDIR_L9_64,225,5,2,0,0
candDIR_L9_64,225,6,2,0,0
candDIR_L9_64,225,7,1,0,1
candDIR_L9_64,225,8,1,0,0
candDIR_L9_64,225,9,1,0,0
candDIR_L9_64,225,10,1,0,0
candDIR_L9_64,225,11,1,0,0
candDIR_L9_64,225,12,1,0,0
candDIR_L9_64,225,13,1,0,0
candDIR_L9_64,225,14,1,0,0
candDIR_L9_64,225,15,1,0,0
candDIR_L9_64,225,16,1,0,0
candDIR_L9_64,225,17,1,0,0
candDIR_L9_64,225,18,1,0,0
candDIR_L9_64,225,19,3,2,0
candDIR_L9_64,225,20,1,0,2
candDIR_L9_64,225,21,1,0,0
candDIR_L9_64,225,22,1,0,0
candDIR_L9_64,225,23,1,0,0
candDIR_L9_64,225,24,1,0,0
candDIR_L9_64,225,25,3,2,0
candDIR_L9_64,225,26,1,0,2
candDIR_L9_64,225,27,1,0,0
candDIR_L9_64,225,28,2,1,0
candDIR_L9_64,225,29,1,0,1
candDIR_L9_64,225,30,3,2,0
candDIR_L9_64,225,31,3,0,0
candDIR_L9_64,225,32,1,0,2
candDIR_L9_64,225,33,1,0,0
candDIR_L9_64,225,34,3,2,0
candDIR_L9_64,225,35,1,0,2
candDIR_L9_64,225,36,1,0,0
candDIR_L9_64,225,37,1,0,0
candDIR_L9_64,225,38,3,2,0
candDIR_L9_64,225,39,1,0,2
candDIR_L9_64,225,40,1,0,0
candDIR_L9_64,225,41,1,0,0
candDIR_L9_64,225,42,1,0,0
candDIR_L9_64,225,43,1,0,0
candDIR_L9_64,225,44,2,1,0
candDIR_L9_64,225,45,3,1,0
candDIR_L9_64,225,46,3,0,0
candDIR_L9_64,225,47,2,0,1
candDIR_L9_64,225,48,3,1,0
candDIR_L9_64,225,49,1,0,2
candDIR_L9_64,225,50,1,0,0
candDIR_L9_64,225,51,1,0,0
candDIR_L9_64,225,52,1,0,0
candDIR_L9_64,225,53,2,1,0
candDIR_L9_64,225,54,2,0,0
candDIR_L9_64,225,55,2,0,0
candDIR_L9_64,225,56,2,0,0
candDIR_L9_64,225,57,2,0,0
candDIR_L9_64,225,58,1,0,1
candDIR_L9_64,225,59,1,0,0
candDIR_L9_64,225,60,1,0,0
candDIR_L9_64,225,61,2,1,0
candDIR_L9_64,225,62,1,0,1
candDIR_L9_64,225,63,1,0,0
candDIR_L9_64,225,64,3,2,0
candDIR_L9_64,226,1,1,0,0
candDIR_L9_64,226,2,3,2,0
candDIR_L9_64,226,3,3,0,0
candDIR_L9_64,226,4,3,0,0
candDIR_L9_64,226,5,3,0,0
candDIR_L9_64,226,6,3,0,0
candDIR_L9_64,226,7,1,0,2
candDIR_L9_64,226,8,1,0,0
candDIR_L9_64,226,9,1,0,0
candDIR_L9_64,226,10,1,0,0
candDIR_L9_64,226,11,1,0,0
candDIR_L9_64,226,12,1,0,0
candDIR_L9_64,226,13,1,0,0
candDIR_L9_64,226,14,1,0,0
candDIR_L9_64,226,15,1,0,0
candDIR_L9_64,226,16,1,0,0
candDIR_L9_64,226,17,1,0,0
candDIR_L9_64,226,18,1,0,0
candDIR_L9_64,226,19,1,0,0
candDIR_L9_64,226,20,1,0,0
candDIR_L9_64,226,21,1,0,0
candDIR_L9_64,226,22,1,0,0
candDIR_L9_64,226,23,1,0,0
candDIR_L9_64,226,24,1,0,0
candDIR_L9_64,226,25,1,0,0
candDIR_L9_64,226,26,3,2,0
candDIR_L9_64,226,27,3,0,0
candDIR_L9_64,226,28,3,0,0
candDIR_L9_64,226,29,1,0,2
candDIR_L9_64,226,30,1,0,0
candDIR_L9_64,226,31,1,0,0
candDIR_L9_64,226,32,1,0,0
candDIR_L9_64,226,33,1,0,0
candDIR_L9_64,226,34,1,0,0
candDIR_L9_64,226,35,1,0,0
candDIR_L9_64,226,36,1,0,0
candDIR_L9_64,226,37,1,0,0
candDIR_L9_64,226,38,1,0,0
candDIR_L9_64,226,39,3,2,0
candDIR_L9_64,226,40,3,0,0
candDIR_L9_64,226,41,1,0,2
candDIR_L9_64,226,42,1,0,0
candDIR_L9_64,226,43,3,2,0
candDIR_L9_64,226,44,3,0,0
candDIR_L9_64,226,45,1,0,2
candDIR_L9_64,226,46,1,0,0
candDIR_L9_64,226,47,3,2,0
candDIR_L9_64,226,48,1,0,2
candDIR_L9_64,226,49,1,0,0
candDIR_L9_64,226,50,1,0,0
candDIR_L9_64,226,51,1,0,0
candDIR_L9_64,226,52,3,2,0
candDIR_L9_64,226,53,1,0,2
candDIR_L9_64,226,54,1,0,0
candDIR_L9_64,226,55,1,0,0
candDIR_L9_64,226,56,3,2,0
candDIR_L9_64,226,57,3,0,0
candDIR_L9_64,226,58,1,0,2
candDIR_L9_64,226,59,1,0,0
candDIR_L9_64,226,60,1,0,0
candDIR_L9_64,226,61,3,2,0
candDIR_L9_64,226,62,1,0,2
candDIR_L9_64,226,63,1,0,0
candDIR_L9_64,226,64,1,0,0
candDIR_L9_64,227,1,1,0,0
candDIR_L9_64,227,2,1,0,0
candDIR_L9_64,227,3,1,0,0
candDIR_L9_64,227,4,1,0,0
candDIR_L9_64,227,5,1,0,0
candDIR_L9_64,227,6,1,0,0
candDIR_L9_64,227,7,1,0,0
candDIR_L9_64,227,8,1,0,0
candDIR_L9_64,227,9,1,0,0
candDIR_L9_64,227,10,1,0,0
candDIR_L9_64,227,11,1,0,0
candDIR_L9_64,227,12,1,0,0
candDIR_L9_64,227,13,1,0,0
candDIR_L9_64,227,14,1,0,0
candDIR_L9_64,227,15,1,0,0
candDIR_L9_64,227,16,1,0,0
candDIR_L9_64,227,17,1,0,0
candDIR_L9_64,227,18,1,0,0
candDIR_L9_64,227,19,1,0,0
candDIR_L9_64,227,20,1,0,0
candDIR_L9_64,227,21,1,0,0
candDIR_L9_64,227,22,1,0,0
candDIR_L9_64,227,23,1,0,0
candDIR_L9_64,227,24,1,0,0
candDIR_L9_64,227,25,1,0,0
candDIR_L9_64,227,26,1,0,0
candDIR_L9_64,227,27,1,0,0
candDIR_L9_64,227,28,1,0,0
candDIR_L9_64,227,29,1,0,0
candDIR_L9_64,227,30,1,0,0
candDIR_L9_64,227,31,1,0,0
candDIR_L9_64,227,32,1,0,0
candDIR_L9_64,227,33,1,0,0
candDIR_L9_64,227,34,1,0,0
candDIR_L9_64,227,35,1,0,0
candDIR_L9_64,227,36,1,0,0
candDIR_L9_64,227,37,1,0,0
candDIR_L9_64,227,38,1,0,0
candDIR_L9_64,227,39,1,0,0
candDIR_L9_64,227,40,1,0,0
candDIR_L9_64,227,41,1,0,0
candDIR_L9_64,227,42,1,0,0
candDIR_L9_64,227,43,1,0,0
candDIR_L9_64,227,44,1,0,0
candDIR_L9_64,227,45,1,0,0
candDIR_L9_64,227,46,1,0,0
candDIR_L9_64,227,47,1,0,0
candDIR_L9_64,227,48,1,0,0
candDIR_L9_64,227,49,1,0,0
candDIR_L9_64,227,50,1,0,0
candDIR_L9_64,227,51,1,0,0
candDIR_L9_64,227,52,1,0,0
candDIR_L9_64,227,53,1,0,0
candDIR_L9_64,227,54,1,0,0
candDIR_L9_64,227,55,1,0,0
candDIR_L9_64,227,56,1,0,0
candDIR_L9_64,227,57,1,0,0
candDIR_L9_64,227,58,1,0,0
candDIR_L9_64,227,59,1,0,0
candDIR_L9_64,227,60,1,0,0
candDIR_L9_64,227,61,1,0,0
candDIR_L9_64,227,62,1,0,0
candDIR_L9_64,227,63,1,0,0
candDIR_L9_64,227,64,1,0,0
candDIR_L9_64,228,1,1,0,0
candDIR_L9_64,228,2,2,1,0
candDIR_L9_64,228,3,2,0,0
candDIR_L9_64,228,4,2,0,0
candDIR_L9_64,228,5,2,0,0
candDIR_L9_64,228,6,2,0,0
candDIR_L9_64,228,7,1,0,1
candDIR_L9_64,228,8,1,0,0
candDIR_L9_64,228,9,1,0,0
candDIR_L9_64,228,10,1,0,0
candDIR_L9_64,228,11,1,0,0
candDIR_L9_64,228,12,1,0,0
candDIR_L9_64,228,13,1,0,0
candDIR_L9_64,228,14,1,0,0
candDIR_L9_64,228,15,1,0,0
candDIR_L9_64,228,16,1,0,0
candDIR_L9_64,228,17,1,0,0
candDIR_L9_64,228,18,1,0,0
candDIR_L9_64,228,19,1,0,0
candDIR_L9_64,228,20,1,0,0
candDIR_L9_64,228,21,1,0,0
candDIR_L9_64,228,22,1,0,0
candDIR_L9_64,228,23,1,0,0
candDIR_L9_64,228,24,3,2,0
candDIR_L9_64,228,25,1,0,2
candDIR_L9_64,228,26,1,0,0
candDIR_L9_64,228,27,1,0,0
candDIR_L9_64,228,28,2,1,0
candDIR_L9_64,228,29,2,0,0
candDIR_L9_64,228,30,1,0,1
candDIR_L9_64,228,31,2,1,0
candDIR_L9_64,228,32,1,0,1
candDIR_L9_64,228,33,1,0,0
candDIR_L9_64,228,34,1,0,0
candDIR_L9_64,228,35,1,0,0
candDIR_L9_64,228,36,1,0,0
candDIR_L9_64,228,37,1,0,0
candDIR_L9_64,228,38,1,0,0
candDIR_L9_64,228,39,1,0,0
candDIR_L9_64,228,40,1,0,0
candDIR_L9_64,228,41,1,0,0
candDIR_L9_64,228,42,2,1,0
candDIR_L9_64,228,43,1,0,1
candDIR_L9_64,228,44,1,0,0
candDIR_L9_64,228,45,1,0,0
candDIR_L9_64,228,46,1,0,0
candDIR_L9_64,228,47,1,0,0
candDIR_L9_64,228,48,1,0,0
candDIR_L9_64,228,49,1,0,0
candDIR_L9_64,228,50,1,0,0
candDIR_L9_64,228,51,1,0,0
candDIR_L9_64,228,52,1,0,0
candDIR_L9_64,228,53,1,0,0
candDIR_L9_64,228,54,1,0,0
candDIR_L9_64,228,55,1,0,0
candDIR_L9_64,228,56,1,0,0
candDIR_L9_64,228,57,1,0,0
candDIR_L9_64,228,58,2,1,0
candDIR_L9_64,228,59,2,0,0
candDIR_L9_64,228,60,2,0,0
candDIR_L9_64,228,61,3,1,0
candDIR_L9_64,228,62,1,0,2
candDIR_L9_64,228,63,1,0,0
candDIR_L9_64,228,64,1,0,0
candDIR_L9_64,229,1,1,0,0
candDIR_L9_64,229,2,3,2,0
candDIR_L9_64,229,3,3,0,0
candDIR_L9_64,229,4,3,0,0
candDIR_L9_64,229,5,3,0,0
candDIR_L9_64,229,6,3,0,0
candDIR_L9_64,229,7,1,0,2
candDIR_L9_64,229,8,1,0,0
candDIR_L9_64,229,9,1,0,0
candDIR_L9_64,229,10,1,0,0
candDIR_L9_64,229,11,1,0,0
candDIR_L9_64,229,12,1,0,0
candDIR_L9_64,229,13,1,0,0
candDIR_L9_64,229,14,1,0,0
candDIR_L9_64,229,15,1,0,0
candDIR_L9_64,229,16,1,0,0
candDIR_L9_64,229,17,1,0,0
candDIR_L9_64,229,18,1,0,0
candDIR_L9_64,229,19,1,0,0
candDIR_L9_64,229,20,1,0,0
candDIR_L9_64,229,21,1,0,0
candDIR_L9_64,229,22,1,0,0
candDIR_L9_64,229,23,1,0,0
candDIR_L9_64,229,24,1,0,0
candDIR_L9_64,229,25,3,2,0
candDIR_L9_64,229,26,1,0,2
candDIR_L9_64,229,27,1,0,0
candDIR_L9_64,229,28,1,0,0
candDIR_L9_64,229,29,1,0,0
candDIR_L9_64,229,30,1,0,0
candDIR_L9_64,229,31,1,0,0
candDIR_L9_64,229,32,1,0,0
candDIR_L9_64,229,33,1,0,0
candDIR_L9_64,229,34,1,0,0
candDIR_L9_64,229,35,1,0,0
candDIR_L9_64,229,36,1,0,0
candDIR_L9_64,229,37,1,0,0
candDIR_L9_64,229,38,3,2,0
candDIR_L9_64,229,39,3,0,0
candDIR_L9_64,229,40,3,0,0
candDIR_L9_64,229,41,3,0,0
candDIR_L9_64,229,42,1,0,2
candDIR_L9_64,229,43,1,0,0
candDIR_L9_64,229,44,1,0,0
candDIR_L9_64,229,45,1,0,0
candDIR_L9_64,229,46,3,2,0
candDIR_L9_64,229,47,3,0,0
candDIR_L9_64,229,48,3,0,0
candDIR_L9_64,229,49,1,0,2
candDIR_L9_64,229,50,1,0,0
candDIR_L9_64,229,51,3,2,0
candDIR_L9_64,229,52,1,0,2
candDIR_L9_64,229,53,1,0,0
candDIR_L9_64,229,54,1,0,0
candDIR_L9_64,229,55,1,0,0
candDIR_L9_64,229,56,1,0,0
candDIR_L9_64,229,57,3,2,0
candDIR_L9_64,229,58,3,0,0
candDIR_L9_64,229,59,3,0,0
candDIR_L9_64,229,60,3,0,0
candDIR_L9_64,229,61,1,0,2
candDIR_L9_64,229,62,3,2,0
candDIR_L9_64,229,63,1,0,2
candDIR_L9_64,229,64,1,0,0
candDIR_L9_64,230,1,1,0,0
candDIR_L9_64,230,2,1,0,0
candDIR_L9_64,230,3,1,0,0
candDIR_L9_64,230,4,1,0,0
candDIR_L9_64,230,5,1,0,0
candDIR_L9_64,230,6,1,0,0
candDIR_L9_64,230,7,1,0,0
candDIR_L9_64,230,8,1,0,0
candDIR_L9_64,230,9,1,0,0
candDIR_L9_64,230,10,1,0,0
candDIR_L9_64,230,11,1,0,0
candDIR_L9_64,230,12,1,0,0
candDIR_L9_64,230,13,1,0,0
candDIR_L9_64,230,14,1,0,0
candDIR_L9_64,230,15,1,0,0
candDIR_L9_64,230,16,1,0,0
candDIR_L9_64,230,17,1,0,0
candDIR_L9_64,230,18,1,0,0
candDIR_L9_64,230,19,1,0,0
candDIR_L9_64,230,20,1,0,0
candDIR_L9_64,230,21,1,0,0
candDIR_L9_64,230,22,1,0,0
candDIR_L9_64,230,23,1,0,0
candDIR_L9_64,230,24,1,0,0
candDIR_L9_64,230,25,1,0,0
candDIR_L9_64,230,26,1,0,0
candDIR_L9_64,230,27,1,0,0
candDIR_L9_64,230,28,1,0,0
candDIR_L9_64,230,29,1,0,0
candDIR_L9_64,230,30,1,0,0
candDIR_L9_64,230,31,1,0,0
candDIR_L9_64,230,32,1,0,0
candDIR_L9_64,230,33,1,0,0
candDIR_L9_64,230,34,1,0,0
candDIR_L9_64,230,35,1,0,0
candDIR_L9_64,230,36,1,0,0
candDIR_L9_64,230,37,1,0,0
candDIR_L9_64,230,38,1,0,0
candDIR_L9_64,230,39,1,0,0
candDIR_L9_64,230,40,1,0,0
candDIR_L9_64,230,41,1,0,0
candDIR_L9_64,230,42,1,0,0
candDIR_L9_64,230,43,1,0,0
candDIR_L9_64,230,44,1,0,0
candDIR_L9_64,230,45,1,0,0
candDIR_L9_64,230,46,1,0,0
candDIR_L9_64,230,47,1,0,0
candDIR_L9_64,230,48,1,0,0
candDIR_L9_64,230,49,1,0,0
candDIR_L9_64,230,50,1,0,0
candDIR_L9_64,230,51,1,0,0
candDIR_L9_64,230,52,1,0,0
candDIR_L9_64,230,53,1,0,0
candDIR_L9_64,230,54,1,0,0
candDIR_L9_64,230,55,1,0,0
candDIR_L9_64,230,56,1,0,0
candDIR_L9_64,230,57,1,0,0
candDIR_L9_64,230,58,1,0,0
candDIR_L9_64,230,59,1,0,0
candDIR_L9_64,230,60,1,0,0
candDIR_L9_64,230,61,1,0,0
candDIR_L9_64,230,62,1,0,0
candDIR_L9_64,230,63,1,0,0
candDIR_L9_64,230,64,1,0,0
candDIR_L9_64,231,1,1,0,0
candDIR_L9_64,231,2,2,1,0
candDIR_L9_64,231,3,2,0,0
candDIR_L9_64,231,4,2,0,0
candDIR_L9_64,231,5,2,0,0
candDIR_L9_64,231,6,2,0,0
candDIR_L9_64,231,7,1,0,1
candDIR_L9_64,231,8,1,0,0
candDIR_L9_64,231,9,1,0,0
candDIR_L9_64,231,10,1,0,0
candDIR_L9_64,231,11,1,0,0
candDIR_L9_64,231,12,1,0,0
candDIR_L9_64,231,13,2,1,0
candDIR_L9_64,231,14,3,1,0
candDIR_L9_64,231,15,1,0,2
candDIR_L9_64,231,16,1,0,0
candDIR_L9_64,231,17,1,0,0
candDIR_L9_64,231,18,1,0,0
candDIR_L9_64,231,19,1,0,0
candDIR_L9_64,231,20,1,0,0
candDIR_L9_64,231,21,1,0,0
candDIR_L9_64,231,22,1,0,0
candDIR_L9_64,231,23,1,0,0
candDIR_L9_64,231,24,1,0,0
candDIR_L9_64,231,25,1,0,0
candDIR_L9_64,231,26,1,0,0
candDIR_L9_64,231,27,1,0,0
candDIR_L9_64,231,28,1,0,0
candDIR_L9_64,231,29,1,0,0
candDIR_L9_64,231,30,1,0,0
candDIR_L9_64,231,31,1,0,0
candDIR_L9_64,231,32,1,0,0
candDIR_L9_64,231,33,1,0,0
candDIR_L9_64,231,34,1,0,0
candDIR_L9_64,231,35,1,0,0
candDIR_L9_64,231,36,1,0,0
candDIR_L9_64,231,37,2,1,0
candDIR_L9_64,231,38,2,0,0
candDIR_L9_64,231,39,3,1,0
candDIR_L9_64,231,40,3,0,0
candDIR_L9_64,231,41,3,0,0
candDIR_L9_64,231,42,3,0,0
candDIR_L9_64,231,43,1,0,2
candDIR_L9_64,231,44,1,0,0
candDIR_L9_64,231,45,1,0,0
candDIR_L9_64,231,46,1,0,0
candDIR_L9_64,231,47,1,0,0
candDIR_L9_64,231,48,1,0,0
candDIR_L9_64,231,49,1,0,0
candDIR_L9_64,231,50,1,0,0
candDIR_L9_64,231,51,1,0,0
candDIR_L9_64,231,52,3,2,0
candDIR_L9_64,231,53,3,0,0
candDIR_L9_64,231,54,1,0,2
candDIR_L9_64,231,55,3,2,0
candDIR_L9_64,231,56,1,0,2
candDIR_L9_64,231,57,3,2,0
candDIR_L9_64,231,58,1,0,2
candDIR_L9_64,231,59,3,2,0
candDIR_L9_64,231,60,1,0,2
candDIR_L9_64,231,61,3,2,0
candDIR_L9_64,231,62,1,0,2
candDIR_L9_64,231,63,1,0,0
candDIR_L9_64,231,64,1,0,0
candDIR_L9_64,232,1,1,0,0
candDIR_L9_64,232,2,3,2,0
candDIR_L9_64,232,3,3,0,0
candDIR_L9_64,232,4,3,0,0
candDIR_L9_64,232,5,3,0,0
candDIR_L9_64,232,6,3,0,0
candDIR_L9_64,232,7,1,0,2
candDIR_L9_64,232,8,1,0,0
candDIR_L9_64,232,9,1,0,0
candDIR_L9_64,232,10,1,0,0
candDIR_L9_64,232,11,3,2,0
candDIR_L9_64,232,12,3,0,0
candDIR_L9_64,232,13,3,0,0
candDIR_L9_64,232,14,1,0,2
candDIR_L9_64,232,15,1,0,0
candDIR_L9_64,232,16,1,0,0
candDIR_L9_64,232,17,1,0,0
candDIR_L9_64,232,18,1,0,0
candDIR_L9_64,232,19,1,0,0
candDIR_L9_64,232,20,3,2,0
candDIR_L9_64,232,21,1,0,2
candDIR_L9_64,232,22,1,0,0
candDIR_L9_64,232,23,1,0,0
candDIR_L9_64,232,24,1,0,0
candDIR_L9_64,232,25,1,0,0
candDIR_L9_64,232,26,1,0,0
candDIR_L9_64,232,27,1,0,0
candDIR_L9_64,232,28,1,0,0
candDIR_L9_64,232,29,1,0,0
candDIR_L9_64,232,30,1,0,0
candDIR_L9_64,232,31,1,0,0
candDIR_L9_64,232,32,1,0,0
candDIR_L9_64,232,33,1,0,0
candDIR_L9_64,232,34,1,0,0
candDIR_L9_64,232,35,1,0,0
candDIR_L9_64,232,36,1,0,0
candDIR_L9_64,232,37,1,0,0
candDIR_L9_64,232,38,3,2,0
candDIR_L9_64,232,39,1,0,2
candDIR_L9_64,232,40,1,0,0
candDIR_L9_64,232,41,1,0,0
candDIR_L9_64,232,42,1,0,0
candDIR_L9_64,232,43,1,0,0
candDIR_L9_64,232,44,1,0,0
candDIR_L9_64,232,45,1,0,0
candDIR_L9_64,232,46,1,0,0
candDIR_L9_64,232,47,1,0,0
candDIR_L9_64,232,48,1,0,0
candDIR_L9_64,232,49,1,0,0
candDIR_L9_64,232,50,1,0,0
candDIR_L9_64,232,51,1,0,0
candDIR_L9_64,232,52,1,0,0
candDIR_L9_64,232,53,1,0,0
candDIR_L9_64,232,54,1,0,0
candDIR_L9_64,232,55,1,0,0
candDIR_L9_64,232,56,1,0,0
candDIR_L9_64,232,57,1,0,0
candDIR_L9_64,232,58,1,0,0
candDIR_L9_64,232,59,1,0,0
candDIR_L9_64,232,60,1,0,0
candDIR_L9_64,232,61,1,0,0
candDIR_L9_64,232,62,1,0,0
candDIR_L9_64,232,63,1,0,0
candDIR_L9_64,232,64,1,0,0
candDIR_L9_64,233,1,1,0,0
candDIR_L9_64,233,2,1,0,0
candDIR_L9_64,233,3,1,0,0
candDIR_L9_64,233,4,1,0,0
candDIR_L9_64,233,5,1,0,0
candDIR_L9_64,233,6,1,0,0
candDIR_L9_64,233,7,1,0,0
candDIR_L9_64,233,8,1,0,0
candDIR_L9_64,233,9,1,0,0
candDIR_L9_64,233,10,1,0,0
candDIR_L9_64,233,11,1,0,0
candDIR_L9_64,233,12,1,0,0
candDIR_L9_64,233,13,1,0,0
candDIR_L9_64,233,14,1,0,0
candDIR_L9_64,233,15,1,0,0
candDIR_L9_64,233,16,1,0,0
candDIR_L9_64,233,17,1,0,0
candDIR_L9_64,233,18,1,0,0
candDIR_L9_64,233,19,1,0,0
candDIR_L9_64,233,20,1,0,0
candDIR_L9_64,233,21,1,0,0
candDIR_L9_64,233,22,1,0,0
candDIR_L9_64,233,23,1,0,0
candDIR_L9_64,233,24,1,0,0
candDIR_L9_64,233,25,1,0,0
candDIR_L9_64,233,26,1,0,0
candDIR_L9_64,233,27,1,0,0
candDIR_L9_64,233,28,1,0,0
candDIR_L9_64,233,29,1,0,0
candDIR_L9_64,233,30,1,0,0
candDIR_L9_64,233,31,1,0,0
candDIR_L9_64,233,32,1,0,0
candDIR_L9_64,233,33,1,0,0
candDIR_L9_64,233,34,1,0,0
candDIR_L9_64,233,35,1,0,0
candDIR_L9_64,233,36,1,0,0
candDIR_L9_64,233,37,1,0,0
candDIR_L9_64,233,38,1,0,0
candDIR_L9_64,233,39,1,0,0
candDIR_L9_64,233,40,1,0,0
candDIR_L9_64,233,41,1,0,0
candDIR_L9_64,233,42,1,0,0
candDIR_L9_64,233,43,1,0,0
candDIR_L9_64,233,44,1,0,0
candDIR_L9_64,233,45,1,0,0
candDIR_L9_64,233,46,1,0,0
candDIR_L9_64,233,47,1,0,0
candDIR_L9_64,233,48,1,0,0
candDIR_L9_64,233,49,1,0,0
candDIR_L9_64,233,50,1,0,0
candDIR_L9_64,233,51,1,0,0
candDIR_L9_64,233,52,1,0,0
candDIR_L9_64,233,53,1,0,0
candDIR_L9_64,233,54,1,0,0
candDIR_L9_64,233,55,1,0,0
candDIR_L9_64,233,56,1,0,0
candDIR_L9_64,233,57,1,0,0
candDIR_L9_64,233,58,1,0,0
candDIR_L9_64,233,59,1,0,0
candDIR_L9_64,233,60,1,0,0
candDIR_L9_64,233,61,1,0,0
candDIR_L9_64,233,62,1,0,0
candDIR_L9_64,233,63,1,0,0
candDIR_L9_64,233,64,1,0,0
candDIR_L9_64,234,1,1,0,0
candDIR_L9_64,234,2,2,1,0
candDIR_L9_64,234,3,2,0,0
candDIR_L9_64,234,4,2,0,0
candDIR_L9_64,234,5,2,0,0
candDIR_L9_64,234,6,2,0,0
candDIR_L9_64,234,7,1,0,1
candDIR_L9_64,234,8,1,0,0
candDIR_L9_64,234,9,1,0,0
candDIR_L9_64,234,10,1,0,0
candDIR_L9_64,234,11,1,0,0
candDIR_L9_64,234,12,3,2,0
candDIR_L9_64,234,13,1,0,2
candDIR_L9_64,234,14,1,0,0
candDIR_L9_64,234,15,1,0,0
candDIR_L9_64,234,16,1,0,0
candDIR_L9_64,234,17,1,0,0
candDIR_L9_64,234,18,1,0,0
candDIR_L9_64,234,19,1,0,0
candDIR_L9_64,234,20,1,0,0
candDIR_L9_64,234,21,1,0,0
candDIR_L9_64,234,22,1,0,0
candDIR_L9_64,234,23,3,2,0
candDIR_L9_64,234,24,1,0,2
candDIR_L9_64,234,25,1,0,0
candDIR_L9_64,234,26,1,0,0
candDIR_L9_64,234,27,2,1,0
candDIR_L9_64,234,28,2,0,0
candDIR_L9_64,234,29,2,0,0
candDIR_L9_64,234,30,2,0,0
candDIR_L9_64,234,31,2,0,0
candDIR_L9_64,234,32,2,0,0
candDIR_L9_64,234,33,2,0,0
candDIR_L9_64,234,34,2,0,0
candDIR_L9_64,234,35,1,0,1
candDIR_L9_64,234,36,2,1,0
candDIR_L9_64,234,37,1,0,1
candDIR_L9_64,234,38,1,0,0
candDIR_L9_64,234,39,1,0,0
candDIR_L9_64,234,40,2,1,0
candDIR_L9_64,234,41,2,0,0
candDIR_L9_64,234,42,2,0,0
candDIR_L9_64,234,43,1,0,1
candDIR_L9_64,234,44,1,0,0
candDIR_L9_64,234,45,1,0,0
candDIR_L9_64,234,46,1,0,0
candDIR_L9_64,234,47,2,1,0
candDIR_L9_64,234,48,2,0,0
candDIR_L9_64,234,49,1,0,1
candDIR_L9_64,234,50,2,1,0
candDIR_L9_64,234,51,2,0,0
candDIR_L9_64,234,52,2,0,0
candDIR_L9_64,234,53,2,0,0
candDIR_L9_64,234,54,2,0,0
candDIR_L9_64,234,55,3,1,0
candDIR_L9_64,234,56,3,0,0
candDIR_L9_64,234,57,3,0,0
candDIR_L9_64,234,58,3,0,0
candDIR_L9_64,234,59,3,0,0
candDIR_L9_64,234,60,2,0,1
candDIR_L9_64,234,61,1,0,1
candDIR_L9_64,234,62,1,0,0
candDIR_L9_64,234,63,1,0,0
candDIR_L9_64,234,64,1,0,0
candDIR_L9_64,235,1,1,0,0
candDIR_L9_64,235,2,3,2,0
candDIR_L9_64,235,3,3,0,0
candDIR_L9_64,235,4,3,0,0
candDIR_L9_64,235,5,3,0,0
candDIR_L9_64,235,6,3,0,0
candDIR_L9_64,235,7,1,0,2
candDIR_L9_64,235,8,1,0,0
candDIR_L9_64,235,9,1,0,0
candDIR_L9_64,235,10,1,0,0
candDIR_L9_64,235,11,1,0,0
candDIR_L9_64,235,12,1,0,0
candDIR_L9_64,235,13,1,0,0
candDIR_L9_64,235,14,1,0,0
candDIR_L9_64,235,15,1,0,0
candDIR_L9_64,235,16,1,0,0
candDIR_L9_64,235,17,1,0,0
candDIR_L9_64,235,18,1,0,0
candDIR_L9_64,235,19,1,0,0
candDIR_L9_64,235,20,1,0,0
candDIR_L9_64,235,21,1,0,0
candDIR_L9_64,235,22,1,0,0
candDIR_L9_64,235,23,1,0,0
candDIR_L9_64,235,24,3,2,0
candDIR_L9_64,235,25,3,0,0
candDIR_L9_64,235,26,3,0,0
candDIR_L9_64,235,27,3,0,0
candDIR_L9_64,235,28,3,0,0
candDIR_L9_64,235,29,1,0,2
candDIR_L9_64,235,30,1,0,0
candDIR_L9_64,235,31,1,0,0
candDIR_L9_64,235,32,1,0,0
candDIR_L9_64,235,33,1,0,0
candDIR_L9_64,235,34,1,0,0
candDIR_L9_64,235,35,1,0,0
candDIR_L9_64,235,36,1,0,0
candDIR_L9_64,235,37,1,0,0
candDIR_L9_64,235,38,1,0,0
candDIR_L9_64,235,39,1,0,0
candDIR_L9_64,235,40,1,0,0
candDIR_L9_64,235,41,1,0,0
candDIR_L9_64,235,42,1,0,0
candDIR_L9_64,235,43,1,0,0
candDIR_L9_64,235,44,1,0,0
candDIR_L9_64,235,45,1,0,0
candDIR_L9_64,235,46,1,0,0
candDIR_L9_64,235,47,1,0,0
candDIR_L9_64,235,48,1,0,0
candDIR_L9_64,235,49,1,0,0
candDIR_L9_64,235,50,1,0,0
candDIR_L9_64,235,51,1,0,0
candDIR_L9_64,235,52,1,0,0
candDIR_L9_64,235,53,1,0,0
candDIR_L9_64,235,54,3,2,0
candDIR_L9_64,235,55,1,0,2
candDIR_L9_64,235,56,1,0,0
candDIR_L9_64,235,57,1,0,0
candDIR_L9_64,235,58,1,0,0
candDIR_L9_64,235,59,1,0,0
candDIR_L9_64,235,60,3,2,0
candDIR_L9_64,235,61,1,0,2
candDIR_L9_64,235,62,1,0,0
candDIR_L9_64,235,63,3,2,0
candDIR_L9_64,235,64,3,0,0
candDIR_L9_64,236,1,1,0,0
candDIR_L9_64,236,2,1,0,0
candDIR_L9_64,236,3,1,0,0
candDIR_L9_64,236,4,1,0,0
candDIR_L9_64,236,5,1,0,0
candDIR_L9_64,236,6,1,0,0
candDIR_L9_64,236,7,1,0,0
candDIR_L9_64,236,8,1,0,0
candDIR_L9_64,236,9,1,0,0
candDIR_L9_64,236,10,1,0,0
candDIR_L9_64,236,11,1,0,0
candDIR_L9_64,236,12,1,0,0
candDIR_L9_64,236,13,1,0,0
candDIR_L9_64,236,14,1,0,0
candDIR_L9_64,236,15,1,0,0
candDIR_L9_64,236,16,1,0,0
candDIR_L9_64,236,17,1,0,0
candDIR_L9_64,236,18,1,0,0
candDIR_L9_64,236,19,1,0,0
candDIR_L9_64,236,20,1,0,0
candDIR_L9_64,236,21,1,0,0
candDIR_L9_64,236,22,1,0,0
candDIR_L9_64,236,23,1,0,0
candDIR_L9_64,236,24,1,0,0
candDIR_L9_64,236,25,1,0,0
candDIR_L9_64,236,26,1,0,0
candDIR_L9_64,236,27,1,0,0
candDIR_L9_64,236,28,1,0,0
candDIR_L9_64,236,29,1,0,0
candDIR_L9_64,236,30,1,0,0
candDIR_L9_64,236,31,1,0,0
candDIR_L9_64,236,32,1,0,0
candDIR_L9_64,236,33,1,0,0
candDIR_L9_64,236,34,1,0,0
candDIR_L9_64,236,35,1,0,0
candDIR_L9_64,236,36,1,0,0
candDIR_L9_64,236,37,1,0,0
candDIR_L9_64,236,38,1,0,0
candDIR_L9_64,236,39,1,0,0
candDIR_L9_64,236,40,1,0,0
candDIR_L9_64,236,41,1,0,0
candDIR_L9_64,236,42,1,0,0
candDIR_L9_64,236,43,1,0,0
candDIR_L9_64,236,44,1,0,0
candDIR_L9_64,236,45,1,0,0
candDIR_L9_64,236,46,1,0,0
candDIR_L9_64,236,47,1,0,0
candDIR_L9_64,236,48,1,0,0
candDIR_L9_64,236,49,1,0,0
candDIR_L9_64,236,50,1,0,0
candDIR_L9_64,236,51,1,0,0
candDIR_L9_64,236,52,1,0,0
candDIR_L9_64,236,53,1,0,0
candDIR_L9_64,236,54,1,0,0
candDIR_L9_64,236,55,1,0,0
candDIR_L9_64,236,56,1,0,0
candDIR_L9_64,236,57,1,0,0
candDIR_L9_64,236,58,1,0,0
candDIR_L9_64,236,59,1,0,0
candDIR_L9_64,236,60,1,0,0
candDIR_L9_64,236,61,1,0,0
candDIR_L9_64,236,62,1,0,0
candDIR_L9_64,236,63,1,0,0
candDIR_L9_64,236,64,1,0,0
candDIR_L9_64,237,1,1,0,0
candDIR_L9_64,237,2,2,1,0
candDIR_L9_64,237,3,2,0,0
candDIR_L9_64,237,4,2,0,0
candDIR_L9_64,237,5,2,0,0
candDIR_L9_64,237,6,2,0,0
candDIR_L9_64,237,7,1,0,1
candDIR_L9_64,237,8,1,0,0
candDIR_L9_64,237,9,1,0,0
candDIR_L9_64,237,10,1,0,0
candDIR_L9_64,237,11,1,0,0
candDIR_L9_64,237,12,1,0,0
candDIR_L9_64,237,13,2,1,0
candDIR_L9_64,237,14,3,1,0
candDIR_L9_64,237,15,1,0,2
candDIR_L9_64,237,16,3,2,0
candDIR_L9_64,237,17,1,0,2
candDIR_L9_64,237,18,2,1,0
candDIR_L9_64,237,19,2,0,0
candDIR_L9_64,237,20,2,0,0
candDIR_L9_64,237,21,1,0,1
candDIR_L9_64,237,22,1,0,0
candDIR_L9_64,237,23,1,0,0
candDIR_L9_64,237,24,1,0,0
candDIR_L9_64,237,25,1,0,0
candDIR_L9_64,237,26,1,0,0
candDIR_L9_64,237,27,1,0,0
candDIR_L9_64,237,28,1,0,0
candDIR_L9_64,237,29,1,0,0
candDIR_L9_64,237,30,1,0,0
candDIR_L9_64,237,31,1,0,0
candDIR_L9_64,237,32,1,0,0
candDIR_L9_64,237,33,3,2,0
candDIR_L9_64,237,34,1,0,2
candDIR_L9_64,237,35,1,0,0
candDIR_L9_64,237,36,3,2,0
candDIR_L9_64,237,37,3,0,0
candDIR_L9_64,237,38,1,0,2
candDIR_L9_64,237,39,2,1,0
candDIR_L9_64,237,40,2,0,0
candDIR_L9_64,237,41,3,1,0
candDIR_L9_64,237,42,1,0,2
candDIR_L9_64,237,43,1,0,0
candDIR_L9_64,237,44,1,0,0
candDIR_L9_64,237,45,1,0,0
candDIR_L9_64,237,46,1,0,0
candDIR_L9_64,237,47,1,0,0
candDIR_L9_64,237,48,1,0,0
candDIR_L9_64,237,49,3,2,0
candDIR_L9_64,237,50,1,0,2
candDIR_L9_64,237,51,1,0,0
candDIR_L9_64,237,52,1,0,0
candDIR_L9_64,237,53,3,2,0
candDIR_L9_64,237,54,1,0,2
candDIR_L9_64,237,55,1,0,0
candDIR_L9_64,237,56,1,0,0
candDIR_L9_64,237,57,3,2,0
candDIR_L9_64,237,58,1,0,2
candDIR_L9_64,237,59,1,0,0
candDIR_L9_64,237,60,1,0,0
candDIR_L9_64,237,61,1,0,0
candDIR_L9_64,237,62,1,0,0
candDIR_L9_64,237,63,1,0,0
candDIR_L9_64,237,64,1,0,0
candDIR_L9_64,238,1,1,0,0
candDIR_L9_64,238,2,3,2,0
candDIR_L9_64,238,3,3,0,0
candDIR_L9_64,238,4,3,0,0
candDIR_L9_64,238,5,3,0,0
candDIR_L9_64,238,6,3,0,0
candDIR_L9_64,238,7,1,0,2
candDIR_L9_64,238,8,1,0,0
candDIR_L9_64,238,9,1,0,0
candDIR_L9_64,238,10,1,0,0
candDIR_L9_64,238,11,1,0,0
candDIR_L9_64,238,12,3,2,0
candDIR_L9_64,238,13,3,0,0
candDIR_L9_64,238,14,1,0,2
candDIR_L9_64,238,15,1,0,0
candDIR_L9_64,238,16,1,0,0
candDIR_L9_64,238,17,3,2,0
candDIR_L9_64,238,18,3,0,0
candDIR_L9_64,238,19,3,0,0
candDIR_L9_64,238,20,3,0,0
candDIR_L9_64,238,21,1,0,2
candDIR_L9_64,238,22,1,0,0
candDIR_L9_64,238,23,1,0,0
candDIR_L9_64,238,24,1,0,0
candDIR_L9_64,238,25,1,0,0
candDIR_L9_64,238,26,1,0,0
candDIR_L9_64,238,27,1,0,0
candDIR_L9_64,238,28,1,0,0
candDIR_L9_64,238,29,1,0,0
candDIR_L9_64,238,30,1,0,0
candDIR_L9_64,238,31,1,0,0
candDIR_L9_64,238,32,1,0,0
candDIR_L9_64,238,33,1,0,0
candDIR_L9_64,238,34,1,0,0
candDIR_L9_64,238,35,1,0,0
candDIR_L9_64,238,36,1,0,0
candDIR_L9_64,238,37,1,0,0
candDIR_L9_64,238,38,1,0,0
candDIR_L9_64,238,39,3,2,0
candDIR_L9_64,238,40,3,0,0
candDIR_L9_64,238,41,1,0,2
candDIR_L9_64,238,42,1,0,0
candDIR_L9_64,238,43,1,0,0
candDIR_L9_64,238,44,1,0,0
candDIR_L9_64,238,45,1,0,0
candDIR_L9_64,238,46,1,0,0
candDIR_L9_64,238,47,1,0,0
candDIR_L9_64,238,48,1,0,0
candDIR_L9_64,238,49,1,0,0
candDIR_L9_64,238,50,1,0,0
candDIR_L9_64,238,51,1,0,0
candDIR_L9_64,238,52,1,0,0
candDIR_L9_64,238,53,1,0,0
candDIR_L9_64,238,54,1,0,0
candDIR_L9_64,238,55,1,0,0
candDIR_L9_64,238,56,1,0,0
candDIR_L9_64,238,57,1,0,0
candDIR_L9_64,238,58,1,0,0
candDIR_L9_64,238,59,1,0,0
candDIR_L9_64,238,60,1,0,0
candDIR_L9_64,238,61,1,0,0
candDIR_L9_64,238,62,1,0,0
candDIR_L9_64,238,63,1,0,0
candDIR_L9_64,238,64,1,0,0
candDIR_L9_64,239,1,1,0,0
candDIR_L9_64,239,2,1,0,0
candDIR_L9_64,239,3,1,0,0
candDIR_L9_64,239,4,1,0,0
candDIR_L9_64,239,5,1,0,0
candDIR_L9_64,239,6,1,0,0
candDIR_L9_64,239,7,1,0,0
candDIR_L9_64,239,8,1,0,0
candDIR_L9_64,239,9,1,0,0
candDIR_L9_64,239,10,1,0,0
candDIR_L9_64,239,11,1,0,0
candDIR_L9_64,239,12,1,0,0
candDIR_L9_64,239,13,1,0,0
candDIR_L9_64,239,14,1,0,0
candDIR_L9_64,239,15,1,0,0
candDIR_L9_64,239,16,1,0,0
candDIR_L9_64,239,17,1,0,0
candDIR_L9_64,239,18,1,0,0
candDIR_L9_64,239,19,1,0,0
candDIR_L9_64,239,20,1,0,0
candDIR_L9_64,239,21,1,0,0
candDIR_L9_64,239,22,1,0,0
candDIR_L9_64,239,23,1,0,0
candDIR_L9_64,239,24,1,0,0
candDIR_L9_64,239,25,1,0,0
candDIR_L9_64,239,26,1,0,0
candDIR_L9_64,239,27,1,0,0
candDIR_L9_64,239,28,1,0,0
candDIR_L9_64,239,29,1,0,0
candDIR_L9_64,239,30,1,0,0
candDIR_L9_64,239,31,1,0,0
candDIR_L9_64,239,32,1,0,0
candDIR_L9_64,239,33,1,0,0
candDIR_L9_64,239,34,1,0,0
candDIR_L9_64,239,35,1,0,0
candDIR_L9_64,239,36,1,0,0
candDIR_L9_64,239,37,1,0,0
candDIR_L9_64,239,38,1,0,0
candDIR_L9_64,239,39,1,0,0
candDIR_L9_64,239,40,1,0,0
candDIR_L9_64,239,41,1,0,0
candDIR_L9_64,239,42,1,0,0
candDIR_L9_64,239,43,1,0,0
candDIR_L9_64,239,44,1,0,0
candDIR_L9_64,239,45,1,0,0
candDIR_L9_64,239,46,1,0,0
candDIR_L9_64,239,47,1,0,0
candDIR_L9_64,239,48,1,0,0
candDIR_L9_64,239,49,1,0,0
candDIR_L9_64,239,50,1,0,0
candDIR_L9_64,239,51,1,0,0
candDIR_L9_64,239,52,1,0,0
candDIR_L9_64,239,53,1,0,0
candDIR_L9_64,239,54,1,0,0
candDIR_L9_64,239,55,1,0,0
candDIR_L9_64,239,56,1,0,0
candDIR_L9_64,239,57,1,0,0
candDIR_L9_64,239,58,1,0,0
candDIR_L9_64,239,59,1,0,0
candDIR_L9_64,239,60,1,0,0
candDIR_L9_64,239,61,1,0,0
candDIR_L9_64,239,62,1,0,0
candDIR_L9_64,239,63,1,0,0
candDIR_L9_64,239,64,1,0,0
candDIR_L9_64,240,1,1,0,0
candDIR_L9_64,240,2,2,1,0
candDIR_L9_64,240,3,2,0,0
candDIR_L9_64,240,4,2,0,0
candDIR_L9_64,240,5,2,0,0
candDIR_L9_64,240,6,2,0,0
candDIR_L9_64,240,7,1,0,1
candDIR_L9_64,240,8,1,0,0
candDIR_L9_64,240,9,1,0,0
candDIR_L9_64,240,10,1,0,0
candDIR_L9_64,240,11,1,0,0
candDIR_L9_64,240,12,1,0,0
candDIR_L9_64,240,13,1,0,0
candDIR_L9_64,240,14,1,0,0
candDIR_L9_64,240,15,1,0,0
candDIR_L9_64,240,16,1,0,0
candDIR_L9_64,240,17,1,0,0
candDIR_L9_64,240,18,1,0,0
candDIR_L9_64,240,19,2,1,0
candDIR_L9_64,240,20,2,0,0
candDIR_L9_64,240,21,2,0,0
candDIR_L9_64,240,22,1,0,1
candDIR_L9_64,240,23,1,0,0
candDIR_L9_64,240,24,1,0,0
candDIR_L9_64,240,25,1,0,0
candDIR_L9_64,240,26,1,0,0
candDIR_L9_64,240,27,2,1,0
candDIR_L9_64,240,28,2,0,0
candDIR_L9_64,240,29,1,0,1
candDIR_L9_64,240,30,1,0,0
candDIR_L9_64,240,31,1,0,0
candDIR_L9_64,240,32,1,0,0
candDIR_L9_64,240,33,1,0,0
candDIR_L9_64,240,34,1,0,0
candDIR_L9_64,240,35,1,0,0
candDIR_L9_64,240,36,1,0,0
candDIR_L9_64,240,37,1,0,0
candDIR_L9_64,240,38,1,0,0
candDIR_L9_64,240,39,1,0,0
candDIR_L9_64,240,40,2,1,0
candDIR_L9_64,240,41,2,0,0
candDIR_L9_64,240,42,2,0,0
candDIR_L9_64,240,43,1,0,1
candDIR_L9_64,240,44,2,1,0
candDIR_L9_64,240,45,2,0,0
candDIR_L9_64,240,46,2,0,0
candDIR_L9_64,240,47,1,0,1
candDIR_L9_64,240,48,1,0,0
candDIR_L9_64,240,49,1,0,0
candDIR_L9_64,240,50,1,0,0
candDIR_L9_64,240,51,1,0,0
candDIR_L9_64,240,52,1,0,0
candDIR_L9_64,240,53,1,0,0
candDIR_L9_64,240,54,1,0,0
candDIR_L9_64,240,55,2,1,0
candDIR_L9_64,240,56,1,0,1
candDIR_L9_64,240,57,2,1,0
candDIR_L9_64,240,58,1,0,1
candDIR_L9_64,240,59,2,1,0
candDIR_L9_64,240,60,2,0,0
candDIR_L9_64,240,61,1,0,1
candDIR_L9_64,240,62,1,0,0
candDIR_L9_64,240,63,1,0,0
candDIR_L9_64,240,64,1,0,0
candDIR_L9_64,241,1,1,0,0
candDIR_L9_64,241,2,3,2,0
candDIR_L9_64,241,3,3,0,0
candDIR_L9_64,241,4,3,0,0
candDIR_L9_64,241,5,3,0,0
candDIR_L9_64,241,6,3,0,0
candDIR_L9_64,241,7,1,0,2
candDIR_L9_64,241,8,1,0,0
candDIR_L9_64,241,9,1,0,0
candDIR_L9_64,241,10,1,0,0
candDIR_L9_64,241,11,1,0,0
candDIR_L9_64,241,12,1,0,0
candDIR_L9_64,241,13,3,2,0
candDIR_L9_64,241,14,1,0,2
candDIR_L9_64,241,15,3,2,0
candDIR_L9_64,241,16,3,0,0
candDIR_L9_64,241,17,1,0,2
candDIR_L9_64,241,18,1,0,0
candDIR_L9_64,241,19,1,0,0
candDIR_L9_64,241,20,1,0,0
candDIR_L9_64,241,21,1,0,0
candDIR_L9_64,241,22,1,0,0
candDIR_L9_64,241,23,1,0,0
candDIR_L9_64,241,24,1,0,0
candDIR_L9_64,241,25,1,0,0
candDIR_L9_64,241,26,1,0,0
candDIR_L9_64,241,27,1,0,0
candDIR_L9_64,241,28,1,0,0
candDIR_L9_64,241,29,1,0,0
candDIR_L9_64,241,30,1,0,0
candDIR_L9_64,241,31,1,0,0
candDIR_L9_64,241,32,1,0,0
candDIR_L9_64,241,33,1,0,0
candDIR_L9_64,241,34,1,0,0
candDIR_L9_64,241,35,1,0,0
candDIR_L9_64,241,36,1,0,0
candDIR_L9_64,241,37,1,0,0
candDIR_L9_64,241,38,1,0,0
candDIR_L9_64,241,39,1,0,0
candDIR_L9_64,241,40,1,0,0
candDIR_L9_64,241,41,1,0,0
candDIR_L9_64,241,42,1,0,0
candDIR_L9_64,241,43,1,0,0
candDIR_L9_64,241,44,1,0,0
candDIR_L9_64,241,45,1,0,0
candDIR_L9_64,241,46,1,0,0
candDIR_L9_64,241,47,1,0,0
candDIR_L9_64,241,48,1,0,0
candDIR_L9_64,241,49,1,0,0
candDIR_L9_64,241,50,1,0,0
candDIR_L9_64,241,51,1,0,0
candDIR_L9_64,241,52,1,0,0
candDIR_L9_64,241,53,1,0,0
candDIR_L9_64,241,54,1,0,0
candDIR_L9_64,241,55,1,0,0
candDIR_L9_64,241,56,1,0,0
candDIR_L9_64,241,57,3,2,0
candDIR_L9_64,241,58,1,0,2
candDIR_L9_64,241,59,3,2,0
candDIR_L9_64,241,60,3,0,0
candDIR_L9_64,241,61,3,0,0
candDIR_L9_64,241,62,1,0,2
candDIR_L9_64,241,63,1,0,0
candDIR_L9_64,241,64,1,0,0
candDIR_L9_64,242,1,1,0,0
candDIR_L9_64,242,2,1,0,0
candDIR_L9_64,242,3,1,0,0
candDIR_L9_64,242,4,1,0,0
candDIR_L9_64,242,5,1,0,0
candDIR_L9_64,242,6,1,0,0
candDIR_L9_64,242,7,1,0,0
candDIR_L9_64,242,8,1,0,0
candDIR_L9_64,242,9,1,0,0
candDIR_L9_64,242,10,1,0,0
candDIR_L9_64,242,11,1,0,0
candDIR_L9_64,242,12,1,0,0
candDIR_L9_64,242,13,1,0,0
candDIR_L9_64,242,14,1,0,0
candDIR_L9_64,242,15,1,0,0
candDIR_L9_64,242,16,1,0,0
candDIR_L9_64,242,17,1,0,0
candDIR_L9_64,242,18,1,0,0
candDIR_L9_64,242,19,1,0,0
candDIR_L9_64,242,20,1,0,0
candDIR_L9_64,242,21,1,0,0
candDIR_L9_64,242,22,1,0,0
candDIR_L9_64,242,23,1,0,0
candDIR_L9_64,242,24,1,0,0
candDIR_L9_64,242,25,1,0,0
candDIR_L9_64,242,26,1,0,0
candDIR_L9_64,242,27,1,0,0
candDIR_L9_64,242,28,1,0,0
candDIR_L9_64,242,29,1,0,0
candDIR_L9_64,242,30,1,0,0
candDIR_L9_64,242,31,1,0,0
candDIR_L9_64,242,32,1,0,0
candDIR_L9_64,242,33,1,0,0
candDIR_L9_64,242,34,1,0,0
candDIR_L9_64,242,35,1,0,0
candDIR_L9_64,242,36,1,0,0
candDIR_L9_64,242,37,1,0,0
candDIR_L9_64,242,38,1,0,0
candDIR_L9_64,242,39,1,0,0
candDIR_L9_64,242,40,1,0,0
candDIR_L9_64,242,41,1,0,0
candDIR_L9_64,242,42,1,0,0
candDIR_L9_64,242,43,1,0,0
candDIR_L9_64,242,44,1,0,0
candDIR_L9_64,242,45,1,0,0
candDIR_L9_64,242,46,1,0,0
candDIR_L9_64,242,47,1,0,0
candDIR_L9_64,242,48,1,0,0
candDIR_L9_64,242,49,1,0,0
candDIR_L9_64,242,50,1,0,0
candDIR_L9_64,242,51,1,0,0
candDIR_L9_64,242,52,1,0,0
candDIR_L9_64,242,53,1,0,0
candDIR_L9_64,242,54,1,0,0
candDIR_L9_64,242,55,1,0,0
candDIR_L9_64,242,56,1,0,0
candDIR_L9_64,242,57,1,0,0
candDIR_L9_64,242,58,1,0,0
candDIR_L9_64,242,59,1,0,0
candDIR_L9_64,242,60,1,0,0
candDIR_L9_64,242,61,1,0,0
candDIR_L9_64,242,62,1,0,0
candDIR_L9_64,242,63,1,0,0
candDIR_L9_64,242,64,1,0,0
