run,island,frame,N,captures,escapes
candADDR_L9,0,1,1,0,0
candADDR_L9,0,2,4,3,0
candADDR_L9,0,3,4,0,0
candADDR_L9,0,4,4,0,0
candADDR_L9,0,5,4,0,0
candADDR_L9,0,6,4,0,0
candADDR_L9,0,7,4,0,0
candADDR_L9,0,8,4,0,0
candADDR_L9,0,9,4,0,0
candADDR_L9,0,10,4,0,0
candADDR_L9,0,11,4,0,0
candADDR_L9,0,12,4,0,0
candADDR_L9,0,13,4,0,0
candADDR_L9,0,14,4,0,0
candADDR_L9,0,15,4,0,0
candADDR_L9,0,16,4,0,0
candADDR_L9,0,17,4,0,0
candADDR_L9,0,18,4,0,0
candADDR_L9,0,19,4,0,0
candADDR_L9,0,20,4,0,0
candADDR_L9,1,1,1,0,0
candADDR_L9,1,2,1,0,0
candADDR_L9,1,3,1,0,0
candADDR_L9,1,4,1,0,0
candADDR_L9,1,5,1,0,0
candADDR_L9,1,6,1,0,0
candADDR_L9,1,7,1,0,0
candADDR_L9,1,8,1,0,0
candADDR_L9,1,9,1,0,0
candADDR_L9,1,10,1,0,0
candADDR_L9,1,11,1,0,0
candADDR_L9,1,12,1,0,0
candADDR_L9,1,13,1,0,0
candADDR_L9,1,14,1,0,0
candADDR_L9,1,15,1,0,0
candADDR_L9,1,16,1,0,0
candADDR_L9,1,17,1,0,0
candADDR_L9,1,18,1,0,0
candADDR_L9,1,19,1,0,0
candADDR_L9,1,20,1,0,0
candADDR_L9,2,1,1,0,0
candADDR_L9,2,2,1,0,0
candADDR_L9,2,3,1,0,0
candADDR_L9,2,4,1,0,0
candADDR_L9,2,5,1,0,0
candADDR_L9,2,6,1,0,0
candADDR_L9,2,7,1,0,0
candADDR_L9,2,8,1,0,0
candADDR_L9,2,9,1,0,0
candADDR_L9,2,10,1,0,0
candADDR_L9,2,11,1,0,0
candADDR_L9,2,12,1,0,0
candADDR_L9,2,13,1,0,0
candADDR_L9,2,14,1,0,0
candADDR_L9,2,15,1,0,0
candADDR_L9,2,16,1,0,0
candADDR_L9,2,17,1,0,0
candADDR_L9,2,18,1,0,0
candADDR_L9,2,19,1,0,0
candADDR_L9,2,20,1,0,0
candADDR_L9,3,1,1,0,0
candADDR_L9,3,2,4,3,0
candADDR_L9,3,3,4,0,0
candADDR_L9,3,4,4,0,0
candADDR_L9,3,5,4,0,0
candADDR_L9,3,6,4,0,0
candADDR_L9,3,7,4,0,0
candADDR_L9,3,8,4,0,0
candADDR_L9,3,9,4,0,0
candADDR_L9,3,10,4,0,0
candADDR_L9,3,11,4,0,0
candADDR_L9,3,12,4,0,0
candADDR_L9,3,13,4,0,0
candADDR_L9,3,14,4,0,0
candADDR_L9,3,15,4,0,0
candADDR_L9,3,16,4,0,0
candADDR_L9,3,17,4,0,0
candADDR_L9,3,18,4,0,0
candADDR_L9,3,19,4,0,0
candADDR_L9,3,20,4,0,0
candADDR_L9,4,1,1,0,0
candADDR_L9,4,2,1,0,0
candADDR_L9,4,3,1,0,0
candADDR_L9,4,4,1,0,0
candADDR_L9,4,5,1,0,0
candADDR_L9,4,6,1,0,0
candADDR_L9,4,7,1,0,0
candADDR_L9,4,8,1,0,0
candADDR_L9,4,9,1,0,0
candADDR_L9,4,10,1,0,0
candADDR_L9,4,11,1,0,0
candADDR_L9,4,12,1,0,0
candADDR_L9,4,13,1,0,0
candADDR_L9,4,14,1,0,0
candADDR_L9,4,15,1,0,0
candADDR_L9,4,16,1,0,0
candADDR_L9,4,17,1,0,0
candADDR_L9,4,18,1,0,0
candADDR_L9,4,19,1,0,0
candADDR_L9,4,20,1,0,0
candADDR_L9,5,1,1,0,0
candADDR_L9,5,2,1,0,0
candADDR_L9,5,3,1,0,0
candADDR_L9,5,4,1,0,0
candADDR_L9,5,5,1,0,0
candADDR_L9,5,6,1,0,0
candADDR_L9,5,7,1,0,0
candADDR_L9,5,8,1,0,0
candADDR_L9,5,9,1,0,0
candADDR_L9,5,10,1,0,0
candADDR_L9,5,11,1,0,0
candADDR_L9,5,12,1,0,0
candADDR_L9,5,13,1,0,0
candADDR_L9,5,14,1,0,0
candADDR_L9,5,15,1,0,0
candADDR_L9,5,16,1,0,0
candADDR_L9,5,17,1,0,0
candADDR_L9,5,18,1,0,0
candADDR_L9,5,19,1,0,0
candADDR_L9,5,20,1,0,0
candADDR_L9,6,1,1,0,0
candADDR_L9,6,2,4,3,0
candADDR_L9,6,3,4,0,0
candADDR_L9,6,4,4,0,0
candADDR_L9,6,5,4,0,0
candADDR_L9,6,6,4,0,0
candADDR_L9,6,7,4,0,0
candADDR_L9,6,8,4,0,0
candADDR_L9,6,9,4,0,0
candADDR_L9,6,10,4,0,0
candADDR_L9,6,11,4,0,0
candADDR_L9,6,12,4,0,0
candADDR_L9,6,13,4,0,0
candADDR_L9,6,14,4,0,0
candADDR_L9,6,15,4,0,0
candADDR_L9,6,16,4,0,0
candADDR_L9,6,17,4,0,0
candADDR_L9,6,18,4,0,0
candADDR_L9,6,19,4,0,0
candADDR_L9,6,20,4,0,0
candADDR_L9,7,1,1,0,0
candADDR_L9,7,2,1,0,0
candADDR_L9,7,3,1,0,0
candADDR_L9,7,4,1,0,0
candADDR_L9,7,5,1,0,0
candADDR_L9,7,6,1,0,0
candADDR_L9,7,7,1,0,0
candADDR_L9,7,8,1,0,0
candADDR_L9,7,9,1,0,0
candADDR_L9,7,10,1,0,0
candADDR_L9,7,11,1,0,0
candADDR_L9,7,12,1,0,0
candADDR_L9,7,13,1,0,0
candADDR_L9,7,14,1,0,0
candADDR_L9,7,15,1,0,0
candADDR_L9,7,16,1,0,0
candADDR_L9,7,17,1,0,0
candADDR_L9,7,18,1,0,0
candADDR_L9,7,19,1,0,0
candADDR_L9,7,20,1,0,0
candADDR_L9,8,1,1,0,0
candADDR_L9,8,2,1,0,0
candADDR_L9,8,3,1,0,0
candADDR_L9,8,4,1,0,0
candADDR_L9,8,5,1,0,0
candADDR_L9,8,6,1,0,0
candADDR_L9,8,7,1,0,0
candADDR_L9,8,8,1,0,0
candADDR_L9,8,9,1,0,0
candADDR_L9,8,10,1,0,0
candADDR_L9,8,11,1,0,0
candADDR_L9,8,12,1,0,0
candADDR_L9,8,13,1,0,0
candADDR_L9,8,14,1,0,0
candADDR_L9,8,15,1,0,0
candADDR_L9,8,16,1,0,0
candADDR_L9,8,17,1,0,0
candADDR_L9,8,18,1,0,0
candADDR_L9,8,19,1,0,0
candADDR_L9,8,20,1,0,0
candADDR_L9,9,1,1,0,0
candADDR_L9,9,2,4,3,0
candADDR_L9,9,3,4,0,0
candADDR_L9,9,4,4,0,0
candADDR_L9,9,5,4,0,0
candADDR_L9,9,6,4,0,0
candADDR_L9,9,7,4,0,0
candADDR_L9,9,8,4,0,0
candADDR_L9,9,9,4,0,0
candADDR_L9,9,10,4,0,0
candADDR_L9,9,11,4,0,0
candADDR_L9,9,12,4,0,0
candADDR_L9,9,13,4,0,0
candADDR_L9,9,14,4,0,0
candADDR_L9,9,15,4,0,0
candADDR_L9,9,16,4,0,0
candADDR_L9,9,17,4,0,0
candADDR_L9,9,18,4,0,0
candADDR_L9,9,19,4,0,0
candADDR_L9,9,20,4,0,0
candADDR_L9,10,1,1,0,0
candADDR_L9,10,2,1,0,0
candADDR_L9,10,3,1,0,0
candADDR_L9,10,4,1,0,0
candADDR_L9,10,5,1,0,0
candADDR_L9,10,6,1,0,0
candADDR_L9,10,7,1,0,0
candADDR_L9,10,8,1,0,0
candADDR_L9,10,9,1,0,0
candADDR_L9,10,10,1,0,0
candADDR_L9,10,11,1,0,0
candADDR_L9,10,12,1,0,0
candADDR_L9,10,13,1,0,0
candADDR_L9,10,14,1,0,0
candADDR_L9,10,15,1,0,0
candADDR_L9,10,16,1,0,0
candADDR_L9,10,17,1,0,0
candADDR_L9,10,18,1,0,0
candADDR_L9,10,19,1,0,0
candADDR_L9,10,20,1,0,0
candADDR_L9,11,1,1,0,0
candADDR_L9,11,2,1,0,0
candADDR_L9,11,3,1,0,0
candADDR_L9,11,4,1,0,0
candADDR_L9,11,5,1,0,0
candADDR_L9,11,6,1,0,0
candADDR_L9,11,7,1,0,0
candADDR_L9,11,8,1,0,0
candADDR_L9,11,9,1,0,0
candADDR_L9,11,10,1,0,0
candADDR_L9,11,11,1,0,0
candADDR_L9,11,12,1,0,0
candADDR_L9,11,13,1,0,0
candADDR_L9,11,14,1,0,0
candADDR_L9,11,15,1,0,0
candADDR_L9,11,16,1,0,0
candADDR_L9,11,17,1,0,0
candADDR_L9,11,18,1,0,0
candADDR_L9,11,19,1,0,0
candADDR_L9,11,20,1,0,0
candADDR_L9,12,1,1,0,0
candADDR_L9,12,2,4,3,0
candADDR_L9,12,3,4,0,0
candADDR_L9,12,4,4,0,0
candADDR_L9,12,5,4,0,0
candADDR_L9,12,6,4,0,0
candADDR_L9,12,7,4,0,0
candADDR_L9,12,8,4,0,0
candADDR_L9,12,9,4,0,0
candADDR_L9,12,10,4,0,0
candADDR_L9,12,11,4,0,0
candADDR_L9,12,12,4,0,0
candADDR_L9,12,13,4,0,0
candADDR_L9,12,14,4,0,0
candADDR_L9,12,15,4,0,0
candADDR_L9,12,16,4,0,0
candADDR_L9,12,17,4,0,0
candADDR_L9,12,18,4,0,0
candADDR_L9,12,19,4,0,0
candADDR_L9,12,20,4,0,0
candADDR_L9,13,1,1,0,0
candADDR_L9,13,2,1,0,0
candADDR_L9,13,3,1,0,0
candADDR_L9,13,4,1,0,0
candADDR_L9,13,5,1,0,0
candADDR_L9,13,6,1,0,0
candADDR_L9,13,7,1,0,0
candADDR_L9,13,8,1,0,0
candADDR_L9,13,9,1,0,0
candADDR_L9,13,10,1,0,0
candADDR_L9,13,11,1,0,0
candADDR_L9,13,12,1,0,0
candADDR_L9,13,13,1,0,0
candADDR_L9,13,14,1,0,0
candADDR_L9,13,15,1,0,0
candADDR_L9,13,16,1,0,0
candADDR_L9,13,17,1,0,0
candADDR_L9,13,18,1,0,0
candADDR_L9,13,19,1,0,0
candADDR_L9,13,20,1,0,0
candADDR_L9,14,1,1,0,0
candADDR_L9,14,2,1,0,0
candADDR_L9,14,3,1,0,0
candADDR_L9,14,4,1,0,0
candADDR_L9,14,5,1,0,0
candADDR_L9,14,6,1,0,0
candADDR_L9,14,7,1,0,0
candADDR_L9,14,8,1,0,0
candADDR_L9,14,9,1,0,0
candADDR_L9,14,10,1,0,0
candADDR_L9,14,11,1,0,0
candADDR_L9,14,12,1,0,0
candADDR_L9,14,13,1,0,0
candADDR_L9,14,14,1,0,0
candADDR_L9,14,15,1,0,0
candADDR_L9,14,16,1,0,0
candADDR_L9,14,17,1,0,0
candADDR_L9,14,18,1,0,0
candADDR_L9,14,19,1,0,0
candADDR_L9,14,20,1,0,0
candADDR_L9,15,1,1,0,0
candADDR_L9,15,2,4,3,0
candADDR_L9,15,3,4,0,0
candADDR_L9,15,4,4,0,0
candADDR_L9,15,5,4,0,0
candADDR_L9,15,6,4,0,0
candADDR_L9,15,7,4,0,0
candADDR_L9,15,8,4,0,0
candADDR_L9,15,9,4,0,0
candADDR_L9,15,10,4,0,0
candADDR_L9,15,11,4,0,0
candADDR_L9,15,12,4,0,0
candADDR_L9,15,13,4,0,0
candADDR_L9,15,14,4,0,0
candADDR_L9,15,15,4,0,0
candADDR_L9,15,16,4,0,0
candADDR_L9,15,17,4,0,0
candADDR_L9,15,18,4,0,0
candADDR_L9,15,19,4,0,0
candADDR_L9,15,20,4,0,0
candADDR_L9,16,1,1,0,0
candADDR_L9,16,2,1,0,0
candADDR_L9,16,3,1,0,0
candADDR_L9,16,4,1,0,0
candADDR_L9,16,5,1,0,0
candADDR_L9,16,6,1,0,0
candADDR_L9,16,7,1,0,0
candADDR_L9,16,8,1,0,0
candADDR_L9,16,9,1,0,0
candADDR_L9,16,10,1,0,0
candADDR_L9,16,11,1,0,0
candADDR_L9,16,12,1,0,0
candADDR_L9,16,13,1,0,0
candADDR_L9,16,14,1,0,0
candADDR_L9,16,15,1,0,0
candADDR_L9,16,16,1,0,0
candADDR_L9,16,17,1,0,0
candADDR_L9,16,18,1,0,0
candADDR_L9,16,19,1,0,0
candADDR_L9,16,20,1,0,0
candADDR_L9,17,1,1,0,0
candADDR_L9,17,2,1,0,0
candADDR_L9,17,3,1,0,0
candADDR_L9,17,4,1,0,0
candADDR_L9,17,5,1,0,0
candADDR_L9,17,6,1,0,0
candADDR_L9,17,7,1,0,0
candADDR_L9,17,8,1,0,0
candADDR_L9,17,9,1,0,0
candADDR_L9,17,10,1,0,0
candADDR_L9,17,11,1,0,0
candADDR_L9,17,12,1,0,0
candADDR_L9,17,13,1,0,0
candADDR_L9,17,14,1,0,0
candADDR_L9,17,15,1,0,0
candADDR_L9,17,16,1,0,0
candADDR_L9,17,17,1,0,0
candADDR_L9,17,18,1,0,0
candADDR_L9,17,19,1,0,0
candADDR_L9,17,20,1,0,0
candADDR_L9,18,1,1,0,0
candADDR_L9,18,2,4,3,0
candADDR_L9,18,3,4,0,0
candADDR_L9,18,4,4,0,0
candADDR_L9,18,5,4,0,0
candADDR_L9,18,6,4,0,0
candADDR_L9,18,7,4,0,0
candADDR_L9,18,8,4,0,0
candADDR_L9,18,9,4,0,0
candADDR_L9,18,10,4,0,0
candADDR_L9,18,11,4,0,0
candADDR_L9,18,12,4,0,0
candADDR_L9,18,13,4,0,0
candADDR_L9,18,14,4,0,0
candADDR_L9,18,15,4,0,0
candADDR_L9,18,16,4,0,0
candADDR_L9,18,17,4,0,0
candADDR_L9,18,18,4,0,0
candADDR_L9,18,19,4,0,0
candADDR_L9,18,20,4,0,0
candADDR_L9,19,1,1,0,0
candADDR_L9,19,2,1,0,0
candADDR_L9,19,3,1,0,0
candADDR_L9,19,4,1,0,0
candADDR_L9,19,5,1,0,0
candADDR_L9,19,6,1,0,0
candADDR_L9,19,7,1,0,0
candADDR_L9,19,8,1,0,0
candADDR_L9,19,9,1,0,0
candADDR_L9,19,10,1,0,0
candADDR_L9,19,11,1,0,0
candADDR_L9,19,12,1,0,0
candADDR_L9,19,13,1,0,0
candADDR_L9,19,14,1,0,0
candADDR_L9,19,15,1,0,0
candADDR_L9,19,16,1,0,0
candADDR_L9,19,17,1,0,0
candADDR_L9,19,18,1,0,0
candADDR_L9,19,19,1,0,0
candADDR_L9,19,20,1,0,0
candADDR_L9,20,1,1,0,0
candADDR_L9,20,2,1,0,0
candADDR_L9,20,3,1,0,0
candADDR_L9,20,4,1,0,0
candADDR_L9,20,5,1,0,0
candADDR_L9,20,6,1,0,0
candADDR_L9,20,7,1,0,0
candADDR_L9,20,8,1,0,0
candADDR_L9,20,9,1,0,0
candADDR_L9,20,10,1,0,0
candADDR_L9,20,11,1,0,0
candADDR_L9,20,12,1,0,0
candADDR_L9,20,13,1,0,0
candADDR_L9,20,14,1,0,0
candADDR_L9,20,15,1,0,0
candADDR_L9,20,16,1,0,0
candADDR_L9,20,17,1,0,0
candADDR_L9,20,18,1,0,0
candADDR_L9,20,19,1,0,0
candADDR_L9,20,20,1,0,0
candADDR_L9,21,1,1,0,0
candADDR_L9,21,2,4,3,0
candADDR_L9,21,3,4,0,0
candADDR_L9,21,4,4,0,0
candADDR_L9,21,5,4,0,0
candADDR_L9,21,6,4,0,0
candADDR_L9,21,7,4,0,0
candADDR_L9,21,8,4,0,0
candADDR_L9,21,9,4,0,0
candADDR_L9,21,10,4,0,0
candADDR_L9,21,11,4,0,0
candADDR_L9,21,12,4,0,0
candADDR_L9,21,13,4,0,0
candADDR_L9,21,14,4,0,0
candADDR_L9,21,15,4,0,0
candADDR_L9,21,16,4,0,0
candADDR_L9,21,17,4,0,0
candADDR_L9,21,18,4,0,0
candADDR_L9,21,19,4,0,0
candADDR_L9,21,20,4,0,0
candADDR_L9,22,1,1,0,0
candADDR_L9,22,2,1,0,0
candADDR_L9,22,3,1,0,0
candADDR_L9,22,4,1,0,0
candADDR_L9,22,5,1,0,0
candADDR_L9,22,6,1,0,0
candADDR_L9,22,7,1,0,0
candADDR_L9,22,8,1,0,0
candADDR_L9,22,9,1,0,0
candADDR_L9,22,10,1,0,0
candADDR_L9,22,11,1,0,0
candADDR_L9,22,12,1,0,0
candADDR_L9,22,13,1,0,0
candADDR_L9,22,14,1,0,0
candADDR_L9,22,15,1,0,0
candADDR_L9,22,16,1,0,0
candADDR_L9,22,17,1,0,0
candADDR_L9,22,18,1,0,0
candADDR_L9,22,19,1,0,0
candADDR_L9,22,20,1,0,0
candADDR_L9,23,1,1,0,0
candADDR_L9,23,2,1,0,0
candADDR_L9,23,3,1,0,0
candADDR_L9,23,4,1,0,0
candADDR_L9,23,5,1,0,0
candADDR_L9,23,6,1,0,0
candADDR_L9,23,7,1,0,0
candADDR_L9,23,8,1,0,0
candADDR_L9,23,9,1,0,0
candADDR_L9,23,10,1,0,0
candADDR_L9,23,11,1,0,0
candADDR_L9,23,12,1,0,0
candADDR_L9,23,13,1,0,0
candADDR_L9,23,14,1,0,0
candADDR_L9,23,15,1,0,0
candADDR_L9,23,16,1,0,0
candADDR_L9,23,17,1,0,0
candADDR_L9,23,18,1,0,0
candADDR_L9,23,19,1,0,0
candADDR_L9,23,20,1,0,0
candADDR_L9,24,1,1,0,0
candADDR_L9,24,2,4,3,0
candADDR_L9,24,3,4,0,0
candADDR_L9,24,4,4,0,0
candADDR_L9,24,5,4,0,0
candADDR_L9,24,6,4,0,0
candADDR_L9,24,7,4,0,0
candADDR_L9,24,8,4,0,0
candADDR_L9,24,9,4,0,0
candADDR_L9,24,10,4,0,0
candADDR_L9,24,11,4,0,0
candADDR_L9,24,12,4,0,0
candADDR_L9,24,13,4,0,0
candADDR_L9,24,14,4,0,0
candADDR_L9,24,15,4,0,0
candADDR_L9,24,16,4,0,0
candADDR_L9,24,17,4,0,0
candADDR_L9,24,18,4,0,0
candADDR_L9,24,19,4,0,0
candADDR_L9,24,20,4,0,0
candADDR_L9,25,1,1,0,0
candADDR_L9,25,2,1,0,0
candADDR_L9,25,3,1,0,0
candADDR_L9,25,4,1,0,0
candADDR_L9,25,5,1,0,0
candADDR_L9,25,6,1,0,0
candADDR_L9,25,7,1,0,0
candADDR_L9,25,8,1,0,0
candADDR_L9,25,9,1,0,0
candADDR_L9,25,10,1,0,0
candADDR_L9,25,11,1,0,0
candADDR_L9,25,12,1,0,0
candADDR_L9,25,13,1,0,0
candADDR_L9,25,14,1,0,0
candADDR_L9,25,15,1,0,0
candADDR_L9,25,16,1,0,0
candADDR_L9,25,17,1,0,0
candADDR_L9,25,18,1,0,0
candADDR_L9,25,19,1,0,0
candADDR_L9,25,20,1,0,0
candADDR_L9,26,1,1,0,0
candADDR_L9,26,2,1,0,0
candADDR_L9,26,3,1,0,0
candADDR_L9,26,4,1,0,0
candADDR_L9,26,5,1,0,0
candADDR_L9,26,6,1,0,0
candADDR_L9,26,7,1,0,0
candADDR_L9,26,8,1,0,0
candADDR_L9,26,9,1,0,0
candADDR_L9,26,10,1,0,0
candADDR_L9,26,11,1,0,0
candADDR_L9,26,12,1,0,0
candADDR_L9,26,13,1,0,0
candADDR_L9,26,14,1,0,0
candADDR_L9,26,15,1,0,0
candADDR_L9,26,16,1,0,0
candADDR_L9,26,17,1,0,0
candADDR_L9,26,18,1,0,0
candADDR_L9,26,19,1,0,0
candADDR_L9,26,20,1,0,0
candADDR_L9,27,1,1,0,0
candADDR_L9,27,2,4,3,0
candADDR_L9,27,3,4,0,0
candADDR_L9,27,4,4,0,0
candADDR_L9,27,5,4,0,0
candADDR_L9,27,6,4,0,0
candADDR_L9,27,7,4,0,0
candADDR_L9,27,8,4,0,0
candADDR_L9,27,9,4,0,0
candADDR_L9,27,10,4,0,0
candADDR_L9,27,11,4,0,0
candADDR_L9,27,12,4,0,0
candADDR_L9,27,13,4,0,0
candADDR_L9,27,14,4,0,0
candADDR_L9,27,15,4,0,0
candADDR_L9,27,16,4,0,0
candADDR_L9,27,17,4,0,0
candADDR_L9,27,18,4,0,0
candADDR_L9,27,19,4,0,0
candADDR_L9,27,20,4,0,0
candADDR_L9,28,1,1,0,0
candADDR_L9,28,2,1,0,0
candADDR_L9,28,3,1,0,0
candADDR_L9,28,4,1,0,0
candADDR_L9,28,5,1,0,0
candADDR_L9,28,6,1,0,0
candADDR_L9,28,7,1,0,0
candADDR_L9,28,8,1,0,0
candADDR_L9,28,9,1,0,0
candADDR_L9,28,10,1,0,0
candADDR_L9,28,11,1,0,0
candADDR_L9,28,12,1,0,0
candADDR_L9,28,13,1,0,0
candADDR_L9,28,14,1,0,0
candADDR_L9,28,15,1,0,0
candADDR_L9,28,16,1,0,0
candADDR_L9,28,17,1,0,0
candADDR_L9,28,18,1,0,0
candADDR_L9,28,19,1,0,0
candADDR_L9,28,20,1,0,0
candADDR_L9,29,1,1,0,0
candADDR_L9,29,2,1,0,0
candADDR_L9,29,3,1,0,0
candADDR_L9,29,4,1,0,0
candADDR_L9,29,5,1,0,0
candADDR_L9,29,6,1,0,0
candADDR_L9,29,7,1,0,0
candADDR_L9,29,8,1,0,0
candADDR_L9,29,9,1,0,0
candADDR_L9,29,10,1,0,0
candADDR_L9,29,11,1,0,0
candADDR_L9,29,12,1,0,0
candADDR_L9,29,13,1,0,0
candADDR_L9,29,14,1,0,0
candADDR_L9,29,15,1,0,0
candADDR_L9,29,16,1,0,0
candADDR_L9,29,17,1,0,0
candADDR_L9,29,18,1,0,0
candADDR_L9,29,19,1,0,0
candADDR_L9,29,20,1,0,0
candADDR_L9,30,1,1,0,0
candADDR_L9,30,2,4,3,0
candADDR_L9,30,3,4,0,0
candADDR_L9,30,4,4,0,0
candADDR_L9,30,5,4,0,0
candADDR_L9,30,6,4,0,0
candADDR_L9,30,7,4,0,0
candADDR_L9,30,8,4,0,0
candADDR_L9,30,9,4,0,0
candADDR_L9,30,10,4,0,0
candADDR_L9,30,11,4,0,0
candADDR_L9,30,12,4,0,0
candADDR_L9,30,13,4,0,0
candADDR_L9,30,14,4,0,0
candADDR_L9,30,15,4,0,0
candADDR_L9,30,16,4,0,0
candADDR_L9,30,17,4,0,0
candADDR_L9,30,18,4,0,0
candADDR_L9,30,19,4,0,0
candADDR_L9,30,20,4,0,0
candADDR_L9,31,1,1,0,0
candADDR_L9,31,2,1,0,0
candADDR_L9,31,3,1,0,0
candADDR_L9,31,4,1,0,0
candADDR_L9,31,5,1,0,0
candADDR_L9,31,6,1,0,0
candADDR_L9,31,7,1,0,0
candADDR_L9,31,8,1,0,0
candADDR_L9,31,9,1,0,0
candADDR_L9,31,10,1,0,0
candADDR_L9,31,11,1,0,0
candADDR_L9,31,12,1,0,0
candADDR_L9,31,13,1,0,0
candADDR_L9,31,14,1,0,0
candADDR_L9,31,15,1,0,0
candADDR_L9,31,16,1,0,0
candADDR_L9,31,17,1,0,0
candADDR_L9,31,18,1,0,0
candADDR_L9,31,19,1,0,0
candADDR_L9,31,20,1,0,0
candADDR_L9,32,1,1,0,0
candADDR_L9,32,2,1,0,0
candADDR_L9,32,3,1,0,0
candADDR_L9,32,4,1,0,0
candADDR_L9,32,5,1,0,0
candADDR_L9,32,6,1,0,0
candADDR_L9,32,7,1,0,0
candADDR_L9,32,8,1,0,0
candADDR_L9,32,9,1,0,0
candADDR_L9,32,10,1,0,0
candADDR_L9,32,11,1,0,0
candADDR_L9,32,12,1,0,0
candADDR_L9,32,13,1,0,0
candADDR_L9,32,14,1,0,0
candADDR_L9,32,15,1,0,0
candADDR_L9,32,16,1,0,0
candADDR_L9,32,17,1,0,0
candADDR_L9,32,18,1,0,0
candADDR_L9,32,19,1,0,0
candADDR_L9,32,20,1,0,0
candADDR_L9,33,1,1,0,0
candADDR_L9,33,2,4,3,0
candADDR_L9,33,3,4,0,0
candADDR_L9,33,4,4,0,0
candADDR_L9,33,5,4,0,0
candADDR_L9,33,6,4,0,0
candADDR_L9,33,7,4,0,0
candADDR_L9,33,8,4,0,0
candADDR_L9,33,9,4,0,0
candADDR_L9,33,10,4,0,0
candADDR_L9,33,11,4,0,0
candADDR_L9,33,12,4,0,0
candADDR_L9,33,13,4,0,0
candADDR_L9,33,14,4,0,0
candADDR_L9,33,15,4,0,0
candADDR_L9,33,16,4,0,0
candADDR_L9,33,17,4,0,0
candADDR_L9,33,18,4,0,0
candADDR_L9,33,19,4,0,0
candADDR_L9,33,20,4,0,0
candADDR_L9,34,1,1,0,0
candADDR_L9,34,2,1,0,0
candADDR_L9,34,3,1,0,0
candADDR_L9,34,4,1,0,0
candADDR_L9,34,5,1,0,0
candADDR_L9,34,6,1,0,0
candADDR_L9,34,7,1,0,0
candADDR_L9,34,8,1,0,0
candADDR_L9,34,9,1,0,0
candADDR_L9,34,10,1,0,0
candADDR_L9,34,11,1,0,0
candADDR_L9,34,12,1,0,0
candADDR_L9,34,13,1,0,0
candADDR_L9,34,14,1,0,0
candADDR_L9,34,15,1,0,0
candADDR_L9,34,16,1,0,0
candADDR_L9,34,17,1,0,0
candADDR_L9,34,18,1,0,0
candADDR_L9,34,19,1,0,0
candADDR_L9,34,20,1,0,0
candADDR_L9,35,1,1,0,0
candADDR_L9,35,2,1,0,0
candADDR_L9,35,3,1,0,0
candADDR_L9,35,4,1,0,0
candADDR_L9,35,5,1,0,0
candADDR_L9,35,6,1,0,0
candADDR_L9,35,7,1,0,0
candADDR_L9,35,8,1,0,0
candADDR_L9,35,9,1,0,0
candADDR_L9,35,10,1,0,0
candADDR_L9,35,11,1,0,0
candADDR_L9,35,12,1,0,0
candADDR_L9,35,13,1,0,0
candADDR_L9,35,14,1,0,0
candADDR_L9,35,15,1,0,0
candADDR_L9,35,16,1,0,0
candADDR_L9,35,17,1,0,0
candADDR_L9,35,18,1,0,0
candADDR_L9,35,19,1,0,0
candADDR_L9,35,20,1,0,0
candADDR_L9,36,1,1,0,0
candADDR_L9,36,2,4,3,0
candADDR_L9,36,3,4,0,0
candADDR_L9,36,4,4,0,0
candADDR_L9,36,5,4,0,0
candADDR_L9,36,6,4,0,0
candADDR_L9,36,7,4,0,0
candADDR_L9,36,8,4,0,0
candADDR_L9,36,9,4,0,0
candADDR_L9,36,10,4,0,0
candADDR_L9,36,11,4,0,0
candADDR_L9,36,12,4,0,0
candADDR_L9,36,13,4,0,0
candADDR_L9,36,14,4,0,0
candADDR_L9,36,15,4,0,0
candADDR_L9,36,16,4,0,0
candADDR_L9,36,17,4,0,0
candADDR_L9,36,18,4,0,0
candADDR_L9,36,19,4,0,0
candADDR_L9,36,20,4,0,0
candADDR_L9,37,1,1,0,0
candADDR_L9,37,2,1,0,0
candADDR_L9,37,3,1,0,0
candADDR_L9,37,4,1,0,0
candADDR_L9,37,5,1,0,0
candADDR_L9,37,6,1,0,0
candADDR_L9,37,7,1,0,0
candADDR_L9,37,8,1,0,0
candADDR_L9,37,9,1,0,0
candADDR_L9,37,10,1,0,0
candADDR_L9,37,11,1,0,0
candADDR_L9,37,12,1,0,0
candADDR_L9,37,13,1,0,0
candADDR_L9,37,14,1,0,0
candADDR_L9,37,15,1,0,0
candADDR_L9,37,16,1,0,0
candADDR_L9,37,17,1,0,0
candADDR_L9,37,18,1,0,0
candADDR_L9,37,19,1,0,0
candADDR_L9,37,20,1,0,0
candADDR_L9,38,1,1,0,0
candADDR_L9,38,2,1,0,0
candADDR_L9,38,3,1,0,0
candADDR_L9,38,4,1,0,0
candADDR_L9,38,5,1,0,0
candADDR_L9,38,6,1,0,0
candADDR_L9,38,7,1,0,0
candADDR_L9,38,8,1,0,0
candADDR_L9,38,9,1,0,0
candADDR_L9,38,10,1,0,0
candADDR_L9,38,11,1,0,0
candADDR_L9,38,12,1,0,0
candADDR_L9,38,13,1,0,0
candADDR_L9,38,14,1,0,0
candADDR_L9,38,15,1,0,0
candADDR_L9,38,16,1,0,0
candADDR_L9,38,17,1,0,0
candADDR_L9,38,18,1,0,0
candADDR_L9,38,19,1,0,0
candADDR_L9,38,20,1,0,0
candADDR_L9,39,1,1,0,0
candADDR_L9,39,2,4,3,0
candADDR_L9,39,3,4,0,0
candADDR_L9,39,4,4,0,0
candADDR_L9,39,5,4,0,0
candADDR_L9,39,6,4,0,0
candADDR_L9,39,7,4,0,0
candADDR_L9,39,8,4,0,0
candADDR_L9,39,9,4,0,0
candADDR_L9,39,10,4,0,0
candADDR_L9,39,11,4,0,0
candADDR_L9,39,12,4,0,0
candADDR_L9,39,13,4,0,0
candADDR_L9,39,14,4,0,0
candADDR_L9,39,15,4,0,0
candADDR_L9,39,16,4,0,0
candADDR_L9,39,17,4,0,0
candADDR_L9,39,18,4,0,0
candADDR_L9,39,19,4,0,0
candADDR_L9,39,20,4,0,0
candADDR_L9,40,1,1,0,0
candADDR_L9,40,2,1,0,0
candADDR_L9,40,3,1,0,0
candADDR_L9,40,4,1,0,0
candADDR_L9,40,5,1,0,0
candADDR_L9,40,6,1,0,0
candADDR_L9,40,7,1,0,0
candADDR_L9,40,8,1,0,0
candADDR_L9,40,9,1,0,0
candADDR_L9,40,10,1,0,0
candADDR_L9,40,11,1,0,0
candADDR_L9,40,12,1,0,0
candADDR_L9,40,13,1,0,0
candADDR_L9,40,14,1,0,0
candADDR_L9,40,15,1,0,0
candADDR_L9,40,16,1,0,0
candADDR_L9,40,17,1,0,0
candADDR_L9,40,18,1,0,0
candADDR_L9,40,19,1,0,0
candADDR_L9,40,20,1,0,0
candADDR_L9,41,1,1,0,0
candADDR_L9,41,2,1,0,0
candADDR_L9,41,3,1,0,0
candADDR_L9,41,4,1,0,0
candADDR_L9,41,5,1,0,0
candADDR_L9,41,6,1,0,0
candADDR_L9,41,7,1,0,0
candADDR_L9,41,8,1,0,0
candADDR_L9,41,9,1,0,0
candADDR_L9,41,10,1,0,0
candADDR_L9,41,11,1,0,0
candADDR_L9,41,12,1,0,0
candADDR_L9,41,13,1,0,0
candADDR_L9,41,14,1,0,0
candADDR_L9,41,15,1,0,0
candADDR_L9,41,16,1,0,0
candADDR_L9,41,17,1,0,0
candADDR_L9,41,18,1,0,0
candADDR_L9,41,19,1,0,0
candADDR_L9,41,20,1,0,0
candADDR_L9,42,1,1,0,0
candADDR_L9,42,2,4,3,0
candADDR_L9,42,3,4,0,0
candADDR_L9,42,4,4,0,0
candADDR_L9,42,5,4,0,0
candADDR_L9,42,6,4,0,0
candADDR_L9,42,7,4,0,0
candADDR_L9,42,8,4,0,0
candADDR_L9,42,9,4,0,0
candADDR_L9,42,10,4,0,0
candADDR_L9,42,11,4,0,0
candADDR_L9,42,12,4,0,0
candADDR_L9,42,13,4,0,0
candADDR_L9,42,14,4,0,0
candADDR_L9,42,15,4,0,0
candADDR_L9,42,16,4,0,0
candADDR_L9,42,17,4,0,0
candADDR_L9,42,18,4,0,0
candADDR_L9,42,19,4,0,0
candADDR_L9,42,20,4,0,0
candADDR_L9,43,1,1,0,0
candADDR_L9,43,2,1,0,0
candADDR_L9,43,3,1,0,0
candADDR_L9,43,4,1,0,0
candADDR_L9,43,5,1,0,0
candADDR_L9,43,6,1,0,0
candADDR_L9,43,7,1,0,0
candADDR_L9,43,8,1,0,0
candADDR_L9,43,9,1,0,0
candADDR_L9,43,10,1,0,0
candADDR_L9,43,11,1,0,0
candADDR_L9,43,12,1,0,0
candADDR_L9,43,13,1,0,0
candADDR_L9,43,14,1,0,0
candADDR_L9,43,15,1,0,0
candADDR_L9,43,16,1,0,0
candADDR_L9,43,17,1,0,0
candADDR_L9,43,18,1,0,0
candADDR_L9,43,19,1,0,0
candADDR_L9,43,20,1,0,0
candADDR_L9,44,1,1,0,0
candADDR_L9,44,2,1,0,0
candADDR_L9,44,3,1,0,0
candADDR_L9,44,4,1,0,0
candADDR_L9,44,5,1,0,0
candADDR_L9,44,6,1,0,0
candADDR_L9,44,7,1,0,0
candADDR_L9,44,8,1,0,0
candADDR_L9,44,9,1,0,0
candADDR_L9,44,10,1,0,0
candADDR_L9,44,11,1,0,0
candADDR_L9,44,12,1,0,0
candADDR_L9,44,13,1,0,0
candADDR_L9,44,14,1,0,0
candADDR_L9,44,15,1,0,0
candADDR_L9,44,16,1,0,0
candADDR_L9,44,17,1,0,0
candADDR_L9,44,18,1,0,0
candADDR_L9,44,19,1,0,0
candADDR_L9,44,20,1,0,0
candADDR_L9,45,1,1,0,0
candADDR_L9,45,2,4,3,0
candADDR_L9,45,3,4,0,0
candADDR_L9,45,4,4,0,0
candADDR_L9,45,5,4,0,0
candADDR_L9,45,6,4,0,0
candADDR_L9,45,7,4,0,0
candADDR_L9,45,8,4,0,0
candADDR_L9,45,9,4,0,0
candADDR_L9,45,10,4,0,0
candADDR_L9,45,11,4,0,0
candADDR_L9,45,12,4,0,0
candADDR_L9,45,13,4,0,0
candADDR_L9,45,14,4,0,0
candADDR_L9,45,15,4,0,0
candADDR_L9,45,16,4,0,0
candADDR_L9,45,17,4,0,0
candADDR_L9,45,18,4,0,0
candADDR_L9,45,19,4,0,0
candADDR_L9,45,20,4,0,0
candADDR_L9,46,1,1,0,0
candADDR_L9,46,2,1,0,0
candADDR_L9,46,3,1,0,0
candADDR_L9,46,4,1,0,0
candADDR_L9,46,5,1,0,0
candADDR_L9,46,6,1,0,0
candADDR_L9,46,7,1,0,0
candADDR_L9,46,8,1,0,0
candADDR_L9,46,9,1,0,0
candADDR_L9,46,10,1,0,0
candADDR_L9,46,11,1,0,0
candADDR_L9,46,12,1,0,0
candADDR_L9,46,13,1,0,0
candADDR_L9,46,14,1,0,0
candADDR_L9,46,15,1,0,0
candADDR_L9,46,16,1,0,0
candADDR_L9,46,17,1,0,0
candADDR_L9,46,18,1,0,0
candADDR_L9,46,19,1,0,0
candADDR_L9,46,20,1,0,0
candADDR_L9,47,1,1,0,0
candADDR_L9,47,2,1,0,0
candADDR_L9,47,3,1,0,0
candADDR_L9,47,4,1,0,0
candADDR_L9,47,5,1,0,0
candADDR_L9,47,6,1,0,0
candADDR_L9,47,7,1,0,0
candADDR_L9,47,8,1,0,0
candADDR_L9,47,9,1,0,0
candADDR_L9,47,10,1,0,0
candADDR_L9,47,11,1,0,0
candADDR_L9,47,12,1,0,0
candADDR_L9,47,13,1,0,0
candADDR_L9,47,14,1,0,0
candADDR_L9,47,15,1,0,0
candADDR_L9,47,16,1,0,0
candADDR_L9,47,17,1,0,0
candADDR_L9,47,18,1,0,0
candADDR_L9,47,19,1,0,0
candADDR_L9,47,20,1,0,0
candADDR_L9,48,1,1,0,0
candADDR_L9,48,2,4,3,0
candADDR_L9,48,3,4,0,0
candADDR_L9,48,4,4,0,0
candADDR_L9,48,5,4,0,0
candADDR_L9,48,6,4,0,0
candADDR_L9,48,7,4,0,0
candADDR_L9,48,8,4,0,0
candADDR_L9,48,9,4,0,0
candADDR_L9,48,10,4,0,0
candADDR_L9,48,11,4,0,0
candADDR_L9,48,12,4,0,0
candADDR_L9,48,13,4,0,0
candADDR_L9,48,14,4,0,0
candADDR_L9,48,15,4,0,0
candADDR_L9,48,16,4,0,0
candADDR_L9,48,17,4,0,0
candADDR_L9,48,18,4,0,0
candADDR_L9,48,19,4,0,0
candADDR_L9,48,20,4,0,0
candADDR_L9,49,1,1,0,0
candADDR_L9,49,2,1,0,0
candADDR_L9,49,3,1,0,0
candADDR_L9,49,4,1,0,0
candADDR_L9,49,5,1,0,0
candADDR_L9,49,6,1,0,0
candADDR_L9,49,7,1,0,0
candADDR_L9,49,8,1,0,0
candADDR_L9,49,9,1,0,0
candADDR_L9,49,10,1,0,0
candADDR_L9,49,11,1,0,0
candADDR_L9,49,12,1,0,0
candADDR_L9,49,13,1,0,0
candADDR_L9,49,14,1,0,0
candADDR_L9,49,15,1,0,0
candADDR_L9,49,16,1,0,0
candADDR_L9,49,17,1,0,0
candADDR_L9,49,18,1,0,0
candADDR_L9,49,19,1,0,0
candADDR_L9,49,20,1,0,0
candADDR_L9,50,1,1,0,0
candADDR_L9,50,2,1,0,0
candADDR_L9,50,3,1,0,0
candADDR_L9,50,4,1,0,0
candADDR_L9,50,5,1,0,0
candADDR_L9,50,6,1,0,0
candADDR_L9,50,7,1,0,0
candADDR_L9,50,8,1,0,0
candADDR_L9,50,9,1,0,0
candADDR_L9,50,10,1,0,0
candADDR_L9,50,11,1,0,0
candADDR_L9,50,12,1,0,0
candADDR_L9,50,13,1,0,0
candADDR_L9,50,14,1,0,0
candADDR_L9,50,15,1,0,0
candADDR_L9,50,16,1,0,0
candADDR_L9,50,17,1,0,0
candADDR_L9,50,18,1,0,0
candADDR_L9,50,19,1,0,0
candADDR_L9,50,20,1,0,0
candADDR_L9,51,1,1,0,0
candADDR_L9,51,2,4,3,0
candADDR_L9,51,3,4,0,0
candADDR_L9,51,4,4,0,0
candADDR_L9,51,5,4,0,0
candADDR_L9,51,6,4,0,0
candADDR_L9,51,7,4,0,0
candADDR_L9,51,8,4,0,0
candADDR_L9,51,9,4,0,0
candADDR_L9,51,10,4,0,0
candADDR_L9,51,11,4,0,0
candADDR_L9,51,12,4,0,0
candADDR_L9,51,13,4,0,0
candADDR_L9,51,14,4,0,0
candADDR_L9,51,15,4,0,0
candADDR_L9,51,16,4,0,0
candADDR_L9,51,17,4,0,0
candADDR_L9,51,18,4,0,0
candADDR_L9,51,19,4,0,0
candADDR_L9,51,20,4,0,0
candADDR_L9,52,1,1,0,0
candADDR_L9,52,2,1,0,0
candADDR_L9,52,3,1,0,0
candADDR_L9,52,4,1,0,0
candADDR_L9,52,5,1,0,0
candADDR_L9,52,6,1,0,0
candADDR_L9,52,7,1,0,0
candADDR_L9,52,8,1,0,0
candADDR_L9,52,9,1,0,0
candADDR_L9,52,10,1,0,0
candADDR_L9,52,11,1,0,0
candADDR_L9,52,12,1,0,0
candADDR_L9,52,13,1,0,0
candADDR_L9,52,14,1,0,0
candADDR_L9,52,15,1,0,0
candADDR_L9,52,16,1,0,0
candADDR_L9,52,17,1,0,0
candADDR_L9,52,18,1,0,0
candADDR_L9,52,19,1,0,0
candADDR_L9,52,20,1,0,0
candADDR_L9,53,1,1,0,0
candADDR_L9,53,2,1,0,0
candADDR_L9,53,3,1,0,0
candADDR_L9,53,4,1,0,0
candADDR_L9,53,5,1,0,0
candADDR_L9,53,6,1,0,0
candADDR_L9,53,7,1,0,0
candADDR_L9,53,8,1,0,0
candADDR_L9,53,9,1,0,0
candADDR_L9,53,10,1,0,0
candADDR_L9,53,11,1,0,0
candADDR_L9,53,12,1,0,0
candADDR_L9,53,13,1,0,0
candADDR_L9,53,14,1,0,0
candADDR_L9,53,15,1,0,0
candADDR_L9,53,16,1,0,0
candADDR_L9,53,17,1,0,0
candADDR_L9,53,18,1,0,0
candADDR_L9,53,19,1,0,0
candADDR_L9,53,20,1,0,0
candADDR_L9,54,1,1,0,0
candADDR_L9,54,2,4,3,0
candADDR_L9,54,3,4,0,0
candADDR_L9,54,4,4,0,0
candADDR_L9,54,5,4,0,0
candADDR_L9,54,6,4,0,0
candADDR_L9,54,7,4,0,0
candADDR_L9,54,8,4,0,0
candADDR_L9,54,9,4,0,0
candADDR_L9,54,10,4,0,0
candADDR_L9,54,11,4,0,0
candADDR_L9,54,12,4,0,0
candADDR_L9,54,13,4,0,0
candADDR_L9,54,14,4,0,0
candADDR_L9,54,15,4,0,0
candADDR_L9,54,16,4,0,0
candADDR_L9,54,17,4,0,0
candADDR_L9,54,18,4,0,0
candADDR_L9,54,19,4,0,0
candADDR_L9,54,20,4,0,0
candADDR_L9,55,1,1,0,0
candADDR_L9,55,2,1,0,0
candADDR_L9,55,3,1,0,0
candADDR_L9,55,4,1,0,0
candADDR_L9,55,5,1,0,0
candADDR_L9,55,6,1,0,0
candADDR_L9,55,7,1,0,0
candADDR_L9,55,8,1,0,0
candADDR_L9,55,9,1,0,0
candADDR_L9,55,10,1,0,0
candADDR_L9,55,11,1,0,0
candADDR_L9,55,12,1,0,0
candADDR_L9,55,13,1,0,0
candADDR_L9,55,14,1,0,0
candADDR_L9,55,15,1,0,0
candADDR_L9,55,16,1,0,0
candADDR_L9,55,17,1,0,0
candADDR_L9,55,18,1,0,0
candADDR_L9,55,19,1,0,0
candADDR_L9,55,20,1,0,0
candADDR_L9,56,1,1,0,0
candADDR_L9,56,2,1,0,0
candADDR_L9,56,3,1,0,0
candADDR_L9,56,4,1,0,0
candADDR_L9,56,5,1,0,0
candADDR_L9,56,6,1,0,0
candADDR_L9,56,7,1,0,0
candADDR_L9,56,8,1,0,0
candADDR_L9,56,9,1,0,0
candADDR_L9,56,10,1,0,0
candADDR_L9,56,11,1,0,0
candADDR_L9,56,12,1,0,0
candADDR_L9,56,13,1,0,0
candADDR_L9,56,14,1,0,0
candADDR_L9,56,15,1,0,0
candADDR_L9,56,16,1,0,0
candADDR_L9,56,17,1,0,0
candADDR_L9,56,18,1,0,0
candADDR_L9,56,19,1,0,0
candADDR_L9,56,20,1,0,0
candADDR_L9,57,1,1,0,0
candADDR_L9,57,2,4,3,0
candADDR_L9,57,3,4,0,0
candADDR_L9,57,4,4,0,0
candADDR_L9,57,5,4,0,0
candADDR_L9,57,6,4,0,0
candADDR_L9,57,7,4,0,0
candADDR_L9,57,8,4,0,0
candADDR_L9,57,9,4,0,0
candADDR_L9,57,10,4,0,0
candADDR_L9,57,11,4,0,0
candADDR_L9,57,12,4,0,0
candADDR_L9,57,13,4,0,0
candADDR_L9,57,14,4,0,0
candADDR_L9,57,15,4,0,0
candADDR_L9,57,16,4,0,0
candADDR_L9,57,17,4,0,0
candADDR_L9,57,18,4,0,0
candADDR_L9,57,19,4,0,0
candADDR_L9,57,20,4,0,0
candADDR_L9,58,1,1,0,0
candADDR_L9,58,2,1,0,0
candADDR_L9,58,3,1,0,0
candADDR_L9,58,4,1,0,0
candADDR_L9,58,5,1,0,0
candADDR_L9,58,6,1,0,0
candADDR_L9,58,7,1,0,0
candADDR_L9,58,8,1,0,0
candADDR_L9,58,9,1,0,0
candADDR_L9,58,10,1,0,0
candADDR_L9,58,11,1,0,0
candADDR_L9,58,12,1,0,0
candADDR_L9,58,13,1,0,0
candADDR_L9,58,14,1,0,0
candADDR_L9,58,15,1,0,0
candADDR_L9,58,16,1,0,0
candADDR_L9,58,17,1,0,0
candADDR_L9,58,18,1,0,0
candADDR_L9,58,19,1,0,0
candADDR_L9,58,20,1,0,0
candADDR_L9,59,1,1,0,0
candADDR_L9,59,2,1,0,0
candADDR_L9,59,3,1,0,0
candADDR_L9,59,4,1,0,0
candADDR_L9,59,5,1,0,0
candADDR_L9,59,6,1,0,0
candADDR_L9,59,7,1,0,0
candADDR_L9,59,8,1,0,0
candADDR_L9,59,9,1,0,0
candADDR_L9,59,10,1,0,0
candADDR_L9,59,11,1,0,0
candADDR_L9,59,12,1,0,0
candADDR_L9,59,13,1,0,0
candADDR_L9,59,14,1,0,0
candADDR_L9,59,15,1,0,0
candADDR_L9,59,16,1,0,0
candADDR_L9,59,17,1,0,0
candADDR_L9,59,18,1,0,0
candADDR_L9,59,19,1,0,0
candADDR_L9,59,20,1,0,0
candADDR_L9,60,1,1,0,0
candADDR_L9,60,2,4,3,0
candADDR_L9,60,3,4,0,0
candADDR_L9,60,4,4,0,0
candADDR_L9,60,5,4,0,0
candADDR_L9,60,6,4,0,0
candADDR_L9,60,7,4,0,0
candADDR_L9,60,8,4,0,0
candADDR_L9,60,9,4,0,0
candADDR_L9,60,10,4,0,0
candADDR_L9,60,11,4,0,0
candADDR_L9,60,12,4,0,0
candADDR_L9,60,13,4,0,0
candADDR_L9,60,14,4,0,0
candADDR_L9,60,15,4,0,0
candADDR_L9,60,16,4,0,0
candADDR_L9,60,17,4,0,0
candADDR_L9,60,18,4,0,0
candADDR_L9,60,19,4,0,0
candADDR_L9,60,20,4,0,0
candADDR_L9,61,1,1,0,0
candADDR_L9,61,2,1,0,0
candADDR_L9,61,3,1,0,0
candADDR_L9,61,4,1,0,0
candADDR_L9,61,5,1,0,0
candADDR_L9,61,6,1,0,0
candADDR_L9,61,7,1,0,0
candADDR_L9,61,8,1,0,0
candADDR_L9,61,9,1,0,0
candADDR_L9,61,10,1,0,0
candADDR_L9,61,11,1,0,0
candADDR_L9,61,12,1,0,0
candADDR_L9,61,13,1,0,0
candADDR_L9,61,14,1,0,0
candADDR_L9,61,15,1,0,0
candADDR_L9,61,16,1,0,0
candADDR_L9,61,17,1,0,0
candADDR_L9,61,18,1,0,0
candADDR_L9,61,19,1,0,0
candADDR_L9,61,20,1,0,0
candADDR_L9,62,1,1,0,0
candADDR_L9,62,2,1,0,0
candADDR_L9,62,3,1,0,0
candADDR_L9,62,4,1,0,0
candADDR_L9,62,5,1,0,0
candADDR_L9,62,6,1,0,0
candADDR_L9,62,7,1,0,0
candADDR_L9,62,8,1,0,0
candADDR_L9,62,9,1,0,0
candADDR_L9,62,10,1,0,0
candADDR_L9,62,11,1,0,0
candADDR_L9,62,12,1,0,0
candADDR_L9,62,13,1,0,0
candADDR_L9,62,14,1,0,0
candADDR_L9,62,15,1,0,0
candADDR_L9,62,16,1,0,0
candADDR_L9,62,17,1,0,0
candADDR_L9,62,18,1,0,0
candADDR_L9,62,19,1,0,0
candADDR_L9,62,20,1,0,0
candADDR_L9,63,1,1,0,0
candADDR_L9,63,2,4,3,0
candADDR_L9,63,3,4,0,0
candADDR_L9,63,4,4,0,0
candADDR_L9,63,5,4,0,0
candADDR_L9,63,6,4,0,0
candADDR_L9,63,7,4,0,0
candADDR_L9,63,8,4,0,0
candADDR_L9,63,9,4,0,0
candADDR_L9,63,10,4,0,0
candADDR_L9,63,11,4,0,0
candADDR_L9,63,12,4,0,0
candADDR_L9,63,13,4,0,0
candADDR_L9,63,14,4,0,0
candADDR_L9,63,15,4,0,0
candADDR_L9,63,16,4,0,0
candADDR_L9,63,17,4,0,0
candADDR_L9,63,18,4,0,0
candADDR_L9,63,19,4,0,0
candADDR_L9,63,20,4,0,0
candADDR_L9,64,1,1,0,0
candADDR_L9,64,2,1,0,0
candADDR_L9,64,3,1,0,0
candADDR_L9,64,4,1,0,0
candADDR_L9,64,5,1,0,0
candADDR_L9,64,6,1,0,0
candADDR_L9,64,7,1,0,0
candADDR_L9,64,8,1,0,0
candADDR_L9,64,9,1,0,0
candADDR_L9,64,10,1,0,0
candADDR_L9,64,11,1,0,0
candADDR_L9,64,12,1,0,0
candADDR_L9,64,13,1,0,0
candADDR_L9,64,14,1,0,0
candADDR_L9,64,15,1,0,0
candADDR_L9,64,16,1,0,0
candADDR_L9,64,17,1,0,0
candADDR_L9,64,18,1,0,0
candADDR_L9,64,19,1,0,0
candADDR_L9,64,20,1,0,0
candADDR_L9,65,1,1,0,0
candADDR_L9,65,2,1,0,0
candADDR_L9,65,3,1,0,0
candADDR_L9,65,4,1,0,0
candADDR_L9,65,5,1,0,0
candADDR_L9,65,6,1,0,0
candADDR_L9,65,7,1,0,0
candADDR_L9,65,8,1,0,0
candADDR_L9,65,9,1,0,0
candADDR_L9,65,10,1,0,0
candADDR_L9,65,11,1,0,0
candADDR_L9,65,12,1,0,0
candADDR_L9,65,13,1,0,0
candADDR_L9,65,14,1,0,0
candADDR_L9,65,15,1,0,0
candADDR_L9,65,16,1,0,0
candADDR_L9,65,17,1,0,0
candADDR_L9,65,18,1,0,0
candADDR_L9,65,19,1,0,0
candADDR_L9,65,20,1,0,0
candADDR_L9,66,1,1,0,0
candADDR_L9,66,2,4,3,0
candADDR_L9,66,3,4,0,0
candADDR_L9,66,4,4,0,0
candADDR_L9,66,5,4,0,0
candADDR_L9,66,6,4,0,0
candADDR_L9,66,7,4,0,0
candADDR_L9,66,8,4,0,0
candADDR_L9,66,9,4,0,0
candADDR_L9,66,10,4,0,0
candADDR_L9,66,11,4,0,0
candADDR_L9,66,12,4,0,0
candADDR_L9,66,13,4,0,0
candADDR_L9,66,14,4,0,0
candADDR_L9,66,15,4,0,0
candADDR_L9,66,16,4,0,0
candADDR_L9,66,17,4,0,0
candADDR_L9,66,18,4,0,0
candADDR_L9,66,19,4,0,0
candADDR_L9,66,20,4,0,0
candADDR_L9,67,1,1,0,0
candADDR_L9,67,2,1,0,0
candADDR_L9,67,3,1,0,0
candADDR_L9,67,4,1,0,0
candADDR_L9,67,5,1,0,0
candADDR_L9,67,6,1,0,0
candADDR_L9,67,7,1,0,0
candADDR_L9,67,8,1,0,0
candADDR_L9,67,9,1,0,0
candADDR_L9,67,10,1,0,0
candADDR_L9,67,11,1,0,0
candADDR_L9,67,12,1,0,0
candADDR_L9,67,13,1,0,0
candADDR_L9,67,14,1,0,0
candADDR_L9,67,15,1,0,0
candADDR_L9,67,16,1,0,0
candADDR_L9,67,17,1,0,0
candADDR_L9,67,18,1,0,0
candADDR_L9,67,19,1,0,0
candADDR_L9,67,20,1,0,0
candADDR_L9,68,1,1,0,0
candADDR_L9,68,2,1,0,0
candADDR_L9,68,3,1,0,0
candADDR_L9,68,4,1,0,0
candADDR_L9,68,5,1,0,0
candADDR_L9,68,6,1,0,0
candADDR_L9,68,7,1,0,0
candADDR_L9,68,8,1,0,0
candADDR_L9,68,9,1,0,0
candADDR_L9,68,10,1,0,0
candADDR_L9,68,11,1,0,0
candADDR_L9,68,12,1,0,0
candADDR_L9,68,13,1,0,0
candADDR_L9,68,14,1,0,0
candADDR_L9,68,15,1,0,0
candADDR_L9,68,16,1,0,0
candADDR_L9,68,17,1,0,0
candADDR_L9,68,18,1,0,0
candADDR_L9,68,19,1,0,0
candADDR_L9,68,20,1,0,0
candADDR_L9,69,1,1,0,0
candADDR_L9,69,2,4,3,0
candADDR_L9,69,3,4,0,0
candADDR_L9,69,4,4,0,0
candADDR_L9,69,5,4,0,0
candADDR_L9,69,6,4,0,0
candADDR_L9,69,7,4,0,0
candADDR_L9,69,8,4,0,0
candADDR_L9,69,9,4,0,0
candADDR_L9,69,10,4,0,0
candADDR_L9,69,11,4,0,0
candADDR_L9,69,12,4,0,0
candADDR_L9,69,13,4,0,0
candADDR_L9,69,14,4,0,0
candADDR_L9,69,15,4,0,0
candADDR_L9,69,16,4,0,0
candADDR_L9,69,17,4,0,0
candADDR_L9,69,18,4,0,0
candADDR_L9,69,19,4,0,0
candADDR_L9,69,20,4,0,0
candADDR_L9,70,1,1,0,0
candADDR_L9,70,2,1,0,0
candADDR_L9,70,3,1,0,0
candADDR_L9,70,4,1,0,0
candADDR_L9,70,5,1,0,0
candADDR_L9,70,6,1,0,0
candADDR_L9,70,7,1,0,0
candADDR_L9,70,8,1,0,0
candADDR_L9,70,9,1,0,0
candADDR_L9,70,10,1,0,0
candADDR_L9,70,11,1,0,0
candADDR_L9,70,12,1,0,0
candADDR_L9,70,13,1,0,0
candADDR_L9,70,14,1,0,0
candADDR_L9,70,15,1,0,0
candADDR_L9,70,16,1,0,0
candADDR_L9,70,17,1,0,0
candADDR_L9,70,18,1,0,0
candADDR_L9,70,19,1,0,0
candADDR_L9,70,20,1,0,0
candADDR_L9,71,1,1,0,0
candADDR_L9,71,2,1,0,0
candADDR_L9,71,3,1,0,0
candADDR_L9,71,4,1,0,0
candADDR_L9,71,5,1,0,0
candADDR_L9,71,6,1,0,0
candADDR_L9,71,7,1,0,0
candADDR_L9,71,8,1,0,0
candADDR_L9,71,9,1,0,0
candADDR_L9,71,10,1,0,0
candADDR_L9,71,11,1,0,0
candADDR_L9,71,12,1,0,0
candADDR_L9,71,13,1,0,0
candADDR_L9,71,14,1,0,0
candADDR_L9,71,15,1,0,0
candADDR_L9,71,16,1,0,0
candADDR_L9,71,17,1,0,0
candADDR_L9,71,18,1,0,0
candADDR_L9,71,19,1,0,0
candADDR_L9,71,20,1,0,0
candADDR_L9,72,1,1,0,0
candADDR_L9,72,2,4,3,0
candADDR_L9,72,3,4,0,0
candADDR_L9,72,4,4,0,0
candADDR_L9,72,5,4,0,0
candADDR_L9,72,6,4,0,0
candADDR_L9,72,7,4,0,0
candADDR_L9,72,8,4,0,0
candADDR_L9,72,9,4,0,0
candADDR_L9,72,10,4,0,0
candADDR_L9,72,11,4,0,0
candADDR_L9,72,12,4,0,0
candADDR_L9,72,13,4,0,0
candADDR_L9,72,14,4,0,0
candADDR_L9,72,15,4,0,0
candADDR_L9,72,16,4,0,0
candADDR_L9,72,17,4,0,0
candADDR_L9,72,18,4,0,0
candADDR_L9,72,19,4,0,0
candADDR_L9,72,20,4,0,0
candADDR_L9,73,1,1,0,0
candADDR_L9,73,2,1,0,0
candADDR_L9,73,3,1,0,0
candADDR_L9,73,4,1,0,0
candADDR_L9,73,5,1,0,0
candADDR_L9,73,6,1,0,0
candADDR_L9,73,7,1,0,0
candADDR_L9,73,8,1,0,0
candADDR_L9,73,9,1,0,0
candADDR_L9,73,10,1,0,0
candADDR_L9,73,11,1,0,0
candADDR_L9,73,12,1,0,0
candADDR_L9,73,13,1,0,0
candADDR_L9,73,14,1,0,0
candADDR_L9,73,15,1,0,0
candADDR_L9,73,16,1,0,0
candADDR_L9,73,17,1,0,0
candADDR_L9,73,18,1,0,0
candADDR_L9,73,19,1,0,0
candADDR_L9,73,20,1,0,0
candADDR_L9,74,1,1,0,0
candADDR_L9,74,2,1,0,0
candADDR_L9,74,3,1,0,0
candADDR_L9,74,4,1,0,0
candADDR_L9,74,5,1,0,0
candADDR_L9,74,6,1,0,0
candADDR_L9,74,7,1,0,0
candADDR_L9,74,8,1,0,0
candADDR_L9,74,9,1,0,0
candADDR_L9,74,10,1,0,0
candADDR_L9,74,11,1,0,0
candADDR_L9,74,12,1,0,0
candADDR_L9,74,13,1,0,0
candADDR_L9,74,14,1,0,0
candADDR_L9,74,15,1,0,0
candADDR_L9,74,16,1,0,0
candADDR_L9,74,17,1,0,0
candADDR_L9,74,18,1,0,0
candADDR_L9,74,19,1,0,0
candADDR_L9,74,20,1,0,0
candADDR_L9,75,1,1,0,0
candADDR_L9,75,2,4,3,0
candADDR_L9,75,3,4,0,0
candADDR_L9,75,4,4,0,0
candADDR_L9,75,5,4,0,0
candADDR_L9,75,6,4,0,0
candADDR_L9,75,7,4,0,0
candADDR_L9,75,8,4,0,0
candADDR_L9,75,9,4,0,0
candADDR_L9,75,10,4,0,0
candADDR_L9,75,11,4,0,0
candADDR_L9,75,12,4,0,0
candADDR_L9,75,13,4,0,0
candADDR_L9,75,14,4,0,0
candADDR_L9,75,15,4,0,0
candADDR_L9,75,16,4,0,0
candADDR_L9,75,17,4,0,0
candADDR_L9,75,18,4,0,0
candADDR_L9,75,19,4,0,0
candADDR_L9,75,20,4,0,0
candADDR_L9,76,1,1,0,0
candADDR_L9,76,2,1,0,0
candADDR_L9,76,3,1,0,0
candADDR_L9,76,4,1,0,0
candADDR_L9,76,5,1,0,0
candADDR_L9,76,6,1,0,0
candADDR_L9,76,7,1,0,0
candADDR_L9,76,8,1,0,0
candADDR_L9,76,9,1,0,0
candADDR_L9,76,10,1,0,0
candADDR_L9,76,11,1,0,0
candADDR_L9,76,12,1,0,0
candADDR_L9,76,13,1,0,0
candADDR_L9,76,14,1,0,0
candADDR_L9,76,15,1,0,0
candADDR_L9,76,16,1,0,0
candADDR_L9,76,17,1,0,0
candADDR_L9,76,18,1,0,0
candADDR_L9,76,19,1,0,0
candADDR_L9,76,20,1,0,0
candADDR_L9,77,1,1,0,0
candADDR_L9,77,2,1,0,0
candADDR_L9,77,3,1,0,0
candADDR_L9,77,4,1,0,0
candADDR_L9,77,5,1,0,0
candADDR_L9,77,6,1,0,0
candADDR_L9,77,7,1,0,0
candADDR_L9,77,8,1,0,0
candADDR_L9,77,9,1,0,0
candADDR_L9,77,10,1,0,0
candADDR_L9,77,11,1,0,0
candADDR_L9,77,12,1,0,0
candADDR_L9,77,13,1,0,0
candADDR_L9,77,14,1,0,0
candADDR_L9,77,15,1,0,0
candADDR_L9,77,16,1,0,0
candADDR_L9,77,17,1,0,0
candADDR_L9,77,18,1,0,0
candADDR_L9,77,19,1,0,0
candADDR_L9,77,20,1,0,0
candADDR_L9,78,1,1,0,0
candADDR_L9,78,2,4,3,0
candADDR_L9,78,3,4,0,0
candADDR_L9,78,4,4,0,0
candADDR_L9,78,5,4,0,0
candADDR_L9,78,6,4,0,0
candADDR_L9,78,7,4,0,0
candADDR_L9,78,8,4,0,0
candADDR_L9,78,9,4,0,0
candADDR_L9,78,10,4,0,0
candADDR_L9,78,11,4,0,0
candADDR_L9,78,12,4,0,0
candADDR_L9,78,13,4,0,0
candADDR_L9,78,14,4,0,0
candADDR_L9,78,15,4,0,0
candADDR_L9,78,16,4,0,0
candADDR_L9,78,17,4,0,0
candADDR_L9,78,18,4,0,0
candADDR_L9,78,19,4,0,0
candADDR_L9,78,20,4,0,0
candADDR_L9,79,1,1,0,0
candADDR_L9,79,2,1,0,0
candADDR_L9,79,3,1,0,0
candADDR_L9,79,4,1,0,0
candADDR_L9,79,5,1,0,0
candADDR_L9,79,6,1,0,0
candADDR_L9,79,7,1,0,0
candADDR_L9,79,8,1,0,0
candADDR_L9,79,9,1,0,0
candADDR_L9,79,10,1,0,0
candADDR_L9,79,11,1,0,0
candADDR_L9,79,12,1,0,0
candADDR_L9,79,13,1,0,0
candADDR_L9,79,14,1,0,0
candADDR_L9,79,15,1,0,0
candADDR_L9,79,16,1,0,0
candADDR_L9,79,17,1,0,0
candADDR_L9,79,18,1,0,0
candADDR_L9,79,19,1,0,0
candADDR_L9,79,20,1,0,0
candADDR_L9,80,1,1,0,0
candADDR_L9,80,2,1,0,0
candADDR_L9,80,3,1,0,0
candADDR_L9,80,4,1,0,0
candADDR_L9,80,5,1,0,0
candADDR_L9,80,6,1,0,0
candADDR_L9,80,7,1,0,0
candADDR_L9,80,8,1,0,0
candADDR_L9,80,9,1,0,0
candADDR_L9,80,10,1,0,0
candADDR_L9,80,11,1,0,0
candADDR_L9,80,12,1,0,0
candADDR_L9,80,13,1,0,0
candADDR_L9,80,14,1,0,0
candADDR_L9,80,15,1,0,0
candADDR_L9,80,16,1,0,0
candADDR_L9,80,17,1,0,0
candADDR_L9,80,18,1,0,0
candADDR_L9,80,19,1,0,0
candADDR_L9,80,20,1,0,0
candADDR_L9,81,1,1,0,0
candADDR_L9,81,2,4,3,0
candADDR_L9,81,3,4,0,0
candADDR_L9,81,4,4,0,0
candADDR_L9,81,5,4,0,0
candADDR_L9,81,6,4,0,0
candADDR_L9,81,7,4,0,0
candADDR_L9,81,8,4,0,0
candADDR_L9,81,9,4,0,0
candADDR_L9,81,10,4,0,0
candADDR_L9,81,11,4,0,0
candADDR_L9,81,12,4,0,0
candADDR_L9,81,13,4,0,0
candADDR_L9,81,14,4,0,0
candADDR_L9,81,15,4,0,0
candADDR_L9,81,16,4,0,0
candADDR_L9,81,17,4,0,0
candADDR_L9,81,18,4,0,0
candADDR_L9,81,19,4,0,0
candADDR_L9,81,20,4,0,0
candADDR_L9,82,1,1,0,0
candADDR_L9,82,2,1,0,0
candADDR_L9,82,3,1,0,0
candADDR_L9,82,4,1,0,0
candADDR_L9,82,5,1,0,0
candADDR_L9,82,6,1,0,0
candADDR_L9,82,7,1,0,0
candADDR_L9,82,8,1,0,0
candADDR_L9,82,9,1,0,0
candADDR_L9,82,10,1,0,0
candADDR_L9,82,11,1,0,0
candADDR_L9,82,12,1,0,0
candADDR_L9,82,13,1,0,0
candADDR_L9,82,14,1,0,0
candADDR_L9,82,15,1,0,0
candADDR_L9,82,16,1,0,0
candADDR_L9,82,17,1,0,0
candADDR_L9,82,18,1,0,0
candADDR_L9,82,19,1,0,0
candADDR_L9,82,20,1,0,0
candADDR_L9,83,1,1,0,0
candADDR_L9,83,2,1,0,0
candADDR_L9,83,3,1,0,0
candADDR_L9,83,4,1,0,0
candADDR_L9,83,5,1,0,0
candADDR_L9,83,6,1,0,0
candADDR_L9,83,7,1,0,0
candADDR_L9,83,8,1,0,0
candADDR_L9,83,9,1,0,0
candADDR_L9,83,10,1,0,0
candADDR_L9,83,11,1,0,0
candADDR_L9,83,12,1,0,0
candADDR_L9,83,13,1,0,0
candADDR_L9,83,14,1,0,0
candADDR_L9,83,15,1,0,0
candADDR_L9,83,16,1,0,0
candADDR_L9,83,17,1,0,0
candADDR_L9,83,18,1,0,0
candADDR_L9,83,19,1,0,0
candADDR_L9,83,20,1,0,0
candADDR_L9,84,1,1,0,0
candADDR_L9,84,2,4,3,0
candADDR_L9,84,3,4,0,0
candADDR_L9,84,4,4,0,0
candADDR_L9,84,5,4,0,0
candADDR_L9,84,6,4,0,0
candADDR_L9,84,7,4,0,0
candADDR_L9,84,8,4,0,0
candADDR_L9,84,9,4,0,0
candADDR_L9,84,10,4,0,0
candADDR_L9,84,11,4,0,0
candADDR_L9,84,12,4,0,0
candADDR_L9,84,13,4,0,0
candADDR_L9,84,14,4,0,0
candADDR_L9,84,15,4,0,0
candADDR_L9,84,16,4,0,0
candADDR_L9,84,17,4,0,0
candADDR_L9,84,18,4,0,0
candADDR_L9,84,19,4,0,0
candADDR_L9,84,20,4,0,0
candADDR_L9,85,1,1,0,0
candADDR_L9,85,2,1,0,0
candADDR_L9,85,3,1,0,0
candADDR_L9,85,4,1,0,0
candADDR_L9,85,5,1,0,0
candADDR_L9,85,6,1,0,0
candADDR_L9,85,7,1,0,0
candADDR_L9,85,8,1,0,0
candADDR_L9,85,9,1,0,0
candADDR_L9,85,10,1,0,0
candADDR_L9,85,11,1,0,0
candADDR_L9,85,12,1,0,0
candADDR_L9,85,13,1,0,0
candADDR_L9,85,14,1,0,0
candADDR_L9,85,15,1,0,0
candADDR_L9,85,16,1,0,0
candADDR_L9,85,17,1,0,0
candADDR_L9,85,18,1,0,0
candADDR_L9,85,19,1,0,0
candADDR_L9,85,20,1,0,0
candADDR_L9,86,1,1,0,0
candADDR_L9,86,2,1,0,0
candADDR_L9,86,3,1,0,0
candADDR_L9,86,4,1,0,0
candADDR_L9,86,5,1,0,0
candADDR_L9,86,6,1,0,0
candADDR_L9,86,7,1,0,0
candADDR_L9,86,8,1,0,0
candADDR_L9,86,9,1,0,0
candADDR_L9,86,10,1,0,0
candADDR_L9,86,11,1,0,0
candADDR_L9,86,12,1,0,0
candADDR_L9,86,13,1,0,0
candADDR_L9,86,14,1,0,0
candADDR_L9,86,15,1,0,0
candADDR_L9,86,16,1,0,0
candADDR_L9,86,17,1,0,0
candADDR_L9,86,18,1,0,0
candADDR_L9,86,19,1,0,0
candADDR_L9,86,20,1,0,0
candADDR_L9,87,1,1,0,0
candADDR_L9,87,2,4,3,0
candADDR_L9,87,3,4,0,0
candADDR_L9,87,4,4,0,0
candADDR_L9,87,5,4,0,0
candADDR_L9,87,6,4,0,0
candADDR_L9,87,7,4,0,0
candADDR_L9,87,8,4,0,0
candADDR_L9,87,9,4,0,0
candADDR_L9,87,10,4,0,0
candADDR_L9,87,11,4,0,0
candADDR_L9,87,12,4,0,0
candADDR_L9,87,13,4,0,0
candADDR_L9,87,14,4,0,0
candADDR_L9,87,15,4,0,0
candADDR_L9,87,16,4,0,0
candADDR_L9,87,17,4,0,0
candADDR_L9,87,18,4,0,0
candADDR_L9,87,19,4,0,0
candADDR_L9,87,20,4,0,0
candADDR_L9,88,1,1,0,0
candADDR_L9,88,2,1,0,0
candADDR_L9,88,3,1,0,0
candADDR_L9,88,4,1,0,0
candADDR_L9,88,5,1,0,0
candADDR_L9,88,6,1,0,0
candADDR_L9,88,7,1,0,0
candADDR_L9,88,8,1,0,0
candADDR_L9,88,9,1,0,0
candADDR_L9,88,10,1,0,0
candADDR_L9,88,11,1,0,0
candADDR_L9,88,12,1,0,0
candADDR_L9,88,13,1,0,0
candADDR_L9,88,14,1,0,0
candADDR_L9,88,15,1,0,0
candADDR_L9,88,16,1,0,0
candADDR_L9,88,17,1,0,0
candADDR_L9,88,18,1,0,0
candADDR_L9,88,19,1,0,0
candADDR_L9,88,20,1,0,0
candADDR_L9,89,1,1,0,0
candADDR_L9,89,2,1,0,0
candADDR_L9,89,3,1,0,0
candADDR_L9,89,4,1,0,0
candADDR_L9,89,5,1,0,0
candADDR_L9,89,6,1,0,0
candADDR_L9,89,7,1,0,0
candADDR_L9,89,8,1,0,0
candADDR_L9,89,9,1,0,0
candADDR_L9,89,10,1,0,0
candADDR_L9,89,11,1,0,0
candADDR_L9,89,12,1,0,0
candADDR_L9,89,13,1,0,0
candADDR_L9,89,14,1,0,0
candADDR_L9,89,15,1,0,0
candADDR_L9,89,16,1,0,0
candADDR_L9,89,17,1,0,0
candADDR_L9,89,18,1,0,0
candADDR_L9,89,19,1,0,0
candADDR_L9,89,20,1,0,0
candADDR_L9,90,1,1,0,0
candADDR_L9,90,2,4,3,0
candADDR_L9,90,3,4,0,0
candADDR_L9,90,4,4,0,0
candADDR_L9,90,5,4,0,0
candADDR_L9,90,6,4,0,0
candADDR_L9,90,7,4,0,0
candADDR_L9,90,8,4,0,0
candADDR_L9,90,9,4,0,0
candADDR_L9,90,10,4,0,0
candADDR_L9,90,11,4,0,0
candADDR_L9,90,12,4,0,0
candADDR_L9,90,13,4,0,0
candADDR_L9,90,14,4,0,0
candADDR_L9,90,15,4,0,0
candADDR_L9,90,16,4,0,0
candADDR_L9,90,17,4,0,0
candADDR_L9,90,18,4,0,0
candADDR_L9,90,19,4,0,0
candADDR_L9,90,20,4,0,0
candADDR_L9,91,1,1,0,0
candADDR_L9,91,2,1,0,0
candADDR_L9,91,3,1,0,0
candADDR_L9,91,4,1,0,0
candADDR_L9,91,5,1,0,0
candADDR_L9,91,6,1,0,0
candADDR_L9,91,7,1,0,0
candADDR_L9,91,8,1,0,0
candADDR_L9,91,9,1,0,0
candADDR_L9,91,10,1,0,0
candADDR_L9,91,11,1,0,0
candADDR_L9,91,12,1,0,0
candADDR_L9,91,13,1,0,0
candADDR_L9,91,14,1,0,0
candADDR_L9,91,15,1,0,0
candADDR_L9,91,16,1,0,0
candADDR_L9,91,17,1,0,0
candADDR_L9,91,18,1,0,0
candADDR_L9,91,19,1,0,0
candADDR_L9,91,20,1,0,0
candADDR_L9,92,1,1,0,0
candADDR_L9,92,2,1,0,0
candADDR_L9,92,3,1,0,0
candADDR_L9,92,4,1,0,0
candADDR_L9,92,5,1,0,0
candADDR_L9,92,6,1,0,0
candADDR_L9,92,7,1,0,0
candADDR_L9,92,8,1,0,0
candADDR_L9,92,9,1,0,0
candADDR_L9,92,10,1,0,0
candADDR_L9,92,11,1,0,0
candADDR_L9,92,12,1,0,0
candADDR_L9,92,13,1,0,0
candADDR_L9,92,14,1,0,0
candADDR_L9,92,15,1,0,0
candADDR_L9,92,16,1,0,0
candADDR_L9,92,17,1,0,0
candADDR_L9,92,18,1,0,0
candADDR_L9,92,19,1,0,0
candADDR_L9,92,20,1,0,0
candADDR_L9,93,1,1,0,0
candADDR_L9,93,2,4,3,0
candADDR_L9,93,3,4,0,0
candADDR_L9,93,4,4,0,0
candADDR_L9,93,5,4,0,0
candADDR_L9,93,6,4,0,0
candADDR_L9,93,7,4,0,0
candADDR_L9,93,8,4,0,0
candADDR_L9,93,9,4,0,0
candADDR_L9,93,10,4,0,0
candADDR_L9,93,11,4,0,0
candADDR_L9,93,12,4,0,0
candADDR_L9,93,13,4,0,0
candADDR_L9,93,14,4,0,0
candADDR_L9,93,15,4,0,0
candADDR_L9,93,16,4,0,0
candADDR_L9,93,17,4,0,0
candADDR_L9,93,18,4,0,0
candADDR_L9,93,19,4,0,0
candADDR_L9,93,20,4,0,0
candADDR_L9,94,1,1,0,0
candADDR_L9,94,2,1,0,0
candADDR_L9,94,3,1,0,0
candADDR_L9,94,4,1,0,0
candADDR_L9,94,5,1,0,0
candADDR_L9,94,6,1,0,0
candADDR_L9,94,7,1,0,0
candADDR_L9,94,8,1,0,0
candADDR_L9,94,9,1,0,0
candADDR_L9,94,10,1,0,0
candADDR_L9,94,11,1,0,0
candADDR_L9,94,12,1,0,0
candADDR_L9,94,13,1,0,0
candADDR_L9,94,14,1,0,0
candADDR_L9,94,15,1,0,0
candADDR_L9,94,16,1,0,0
candADDR_L9,94,17,1,0,0
candADDR_L9,94,18,1,0,0
candADDR_L9,94,19,1,0,0
candADDR_L9,94,20,1,0,0
candADDR_L9,95,1,1,0,0
candADDR_L9,95,2,1,0,0
candADDR_L9,95,3,1,0,0
candADDR_L9,95,4,1,0,0
candADDR_L9,95,5,1,0,0
candADDR_L9,95,6,1,0,0
candADDR_L9,95,7,1,0,0
candADDR_L9,95,8,1,0,0
candADDR_L9,95,9,1,0,0
candADDR_L9,95,10,1,0,0
candADDR_L9,95,11,1,0,0
candADDR_L9,95,12,1,0,0
candADDR_L9,95,13,1,0,0
candADDR_L9,95,14,1,0,0
candADDR_L9,95,15,1,0,0
candADDR_L9,95,16,1,0,0
candADDR_L9,95,17,1,0,0
candADDR_L9,95,18,1,0,0
candADDR_L9,95,19,1,0,0
candADDR_L9,95,20,1,0,0
candADDR_L9,96,1,1,0,0
candADDR_L9,96,2,4,3,0
candADDR_L9,96,3,4,0,0
candADDR_L9,96,4,4,0,0
candADDR_L9,96,5,4,0,0
candADDR_L9,96,6,4,0,0
candADDR_L9,96,7,4,0,0
candADDR_L9,96,8,4,0,0
candADDR_L9,96,9,4,0,0
candADDR_L9,96,10,4,0,0
candADDR_L9,96,11,4,0,0
candADDR_L9,96,12,4,0,0
candADDR_L9,96,13,4,0,0
candADDR_L9,96,14,4,0,0
candADDR_L9,96,15,4,0,0
candADDR_L9,96,16,4,0,0
candADDR_L9,96,17,4,0,0
candADDR_L9,96,18,4,0,0
candADDR_L9,96,19,4,0,0
candADDR_L9,96,20,4,0,0
candADDR_L9,97,1,1,0,0
candADDR_L9,97,2,1,0,0
candADDR_L9,97,3,1,0,0
candADDR_L9,97,4,1,0,0
candADDR_L9,97,5,1,0,0
candADDR_L9,97,6,1,0,0
candADDR_L9,97,7,1,0,0
candADDR_L9,97,8,1,0,0
candADDR_L9,97,9,1,0,0
candADDR_L9,97,10,1,0,0
candADDR_L9,97,11,1,0,0
candADDR_L9,97,12,1,0,0
candADDR_L9,97,13,1,0,0
candADDR_L9,97,14,1,0,0
candADDR_L9,97,15,1,0,0
candADDR_L9,97,16,1,0,0
candADDR_L9,97,17,1,0,0
candADDR_L9,97,18,1,0,0
candADDR_L9,97,19,1,0,0
candADDR_L9,97,20,1,0,0
candADDR_L9,98,1,1,0,0
candADDR_L9,98,2,1,0,0
candADDR_L9,98,3,1,0,0
candADDR_L9,98,4,1,0,0
candADDR_L9,98,5,1,0,0
candADDR_L9,98,6,1,0,0
candADDR_L9,98,7,1,0,0
candADDR_L9,98,8,1,0,0
candADDR_L9,98,9,1,0,0
candADDR_L9,98,10,1,0,0
candADDR_L9,98,11,1,0,0
candADDR_L9,98,12,1,0,0
candADDR_L9,98,13,1,0,0
candADDR_L9,98,14,1,0,0
candADDR_L9,98,15,1,0,0
candADDR_L9,98,16,1,0,0
candADDR_L9,98,17,1,0,0
candADDR_L9,98,18,1,0,0
candADDR_L9,98,19,1,0,0
candADDR_L9,98,20,1,0,0
candADDR_L9,99,1,1,0,0
candADDR_L9,99,2,4,3,0
candADDR_L9,99,3,4,0,0
candADDR_L9,99,4,4,0,0
candADDR_L9,99,5,4,0,0
candADDR_L9,99,6,4,0,0
candADDR_L9,99,7,4,0,0
candADDR_L9,99,8,4,0,0
candADDR_L9,99,9,4,0,0
candADDR_L9,99,10,4,0,0
candADDR_L9,99,11,4,0,0
candADDR_L9,99,12,4,0,0
candADDR_L9,99,13,4,0,0
candADDR_L9,99,14,4,0,0
candADDR_L9,99,15,4,0,0
candADDR_L9,99,16,4,0,0
candADDR_L9,99,17,4,0,0
candADDR_L9,99,18,4,0,0
candADDR_L9,99,19,4,0,0
candADDR_L9,99,20,4,0,0
candADDR_L9,100,1,1,0,0
candADDR_L9,100,2,1,0,0
candADDR_L9,100,3,1,0,0
candADDR_L9,100,4,1,0,0
candADDR_L9,100,5,1,0,0
candADDR_L9,100,6,1,0,0
candADDR_L9,100,7,1,0,0
candADDR_L9,100,8,1,0,0
candADDR_L9,100,9,1,0,0
candADDR_L9,100,10,1,0,0
candADDR_L9,100,11,1,0,0
candADDR_L9,100,12,1,0,0
candADDR_L9,100,13,1,0,0
candADDR_L9,100,14,1,0,0
candADDR_L9,100,15,1,0,0
candADDR_L9,100,16,1,0,0
candADDR_L9,100,17,1,0,0
candADDR_L9,100,18,1,0,0
candADDR_L9,100,19,1,0,0
candADDR_L9,100,20,1,0,0
candADDR_L9,101,1,1,0,0
candADDR_L9,101,2,1,0,0
candADDR_L9,101,3,1,0,0
candADDR_L9,101,4,1,0,0
candADDR_L9,101,5,1,0,0
candADDR_L9,101,6,1,0,0
candADDR_L9,101,7,1,0,0
candADDR_L9,101,8,1,0,0
candADDR_L9,101,9,1,0,0
candADDR_L9,101,10,1,0,0
candADDR_L9,101,11,1,0,0
candADDR_L9,101,12,1,0,0
candADDR_L9,101,13,1,0,0
candADDR_L9,101,14,1,0,0
candADDR_L9,101,15,1,0,0
candADDR_L9,101,16,1,0,0
candADDR_L9,101,17,1,0,0
candADDR_L9,101,18,1,0,0
candADDR_L9,101,19,1,0,0
candADDR_L9,101,20,1,0,0
candADDR_L9,102,1,1,0,0
candADDR_L9,102,2,4,3,0
candADDR_L9,102,3,4,0,0
candADDR_L9,102,4,4,0,0
candADDR_L9,102,5,4,0,0
candADDR_L9,102,6,4,0,0
candADDR_L9,102,7,4,0,0
candADDR_L9,102,8,4,0,0
candADDR_L9,102,9,4,0,0
candADDR_L9,102,10,4,0,0
candADDR_L9,102,11,4,0,0
candADDR_L9,102,12,4,0,0
candADDR_L9,102,13,4,0,0
candADDR_L9,102,14,4,0,0
candADDR_L9,102,15,4,0,0
candADDR_L9,102,16,4,0,0
candADDR_L9,102,17,4,0,0
candADDR_L9,102,18,4,0,0
candADDR_L9,102,19,4,0,0
candADDR_L9,102,20,4,0,0
candADDR_L9,103,1,1,0,0
candADDR_L9,103,2,1,0,0
candADDR_L9,103,3,1,0,0
candADDR_L9,103,4,1,0,0
candADDR_L9,103,5,1,0,0
candADDR_L9,103,6,1,0,0
candADDR_L9,103,7,1,0,0
candADDR_L9,103,8,1,0,0
candADDR_L9,103,9,1,0,0
candADDR_L9,103,10,1,0,0
candADDR_L9,103,11,1,0,0
candADDR_L9,103,12,1,0,0
candADDR_L9,103,13,1,0,0
candADDR_L9,103,14,1,0,0
candADDR_L9,103,15,1,0,0
candADDR_L9,103,16,1,0,0
candADDR_L9,103,17,1,0,0
candADDR_L9,103,18,1,0,0
candADDR_L9,103,19,1,0,0
candADDR_L9,103,20,1,0,0
candADDR_L9,104,1,1,0,0
candADDR_L9,104,2,1,0,0
candADDR_L9,104,3,1,0,0
candADDR_L9,104,4,1,0,0
candADDR_L9,104,5,1,0,0
candADDR_L9,104,6,1,0,0
candADDR_L9,104,7,1,0,0
candADDR_L9,104,8,1,0,0
candADDR_L9,104,9,1,0,0
candADDR_L9,104,10,1,0,0
candADDR_L9,104,11,1,0,0
candADDR_L9,104,12,1,0,0
candADDR_L9,104,13,1,0,0
candADDR_L9,104,14,1,0,0
candADDR_L9,104,15,1,0,0
candADDR_L9,104,16,1,0,0
candADDR_L9,104,17,1,0,0
candADDR_L9,104,18,1,0,0
candADDR_L9,104,19,1,0,0
candADDR_L9,104,20,1,0,0
candADDR_L9,105,1,1,0,0
candADDR_L9,105,2,4,3,0
candADDR_L9,105,3,4,0,0
candADDR_L9,105,4,4,0,0
candADDR_L9,105,5,4,0,0
candADDR_L9,105,6,4,0,0
candADDR_L9,105,7,4,0,0
candADDR_L9,105,8,4,0,0
candADDR_L9,105,9,4,0,0
candADDR_L9,105,10,4,0,0
candADDR_L9,105,11,4,0,0
candADDR_L9,105,12,4,0,0
candADDR_L9,105,13,4,0,0
candADDR_L9,105,14,4,0,0
candADDR_L9,105,15,4,0,0
candADDR_L9,105,16,4,0,0
candADDR_L9,105,17,4,0,0
candADDR_L9,105,18,4,0,0
candADDR_L9,105,19,4,0,0
candADDR_L9,105,20,4,0,0
candADDR_L9,106,1,1,0,0
candADDR_L9,106,2,1,0,0
candADDR_L9,106,3,1,0,0
candADDR_L9,106,4,1,0,0
candADDR_L9,106,5,1,0,0
candADDR_L9,106,6,1,0,0
candADDR_L9,106,7,1,0,0
candADDR_L9,106,8,1,0,0
candADDR_L9,106,9,1,0,0
candADDR_L9,106,10,1,0,0
candADDR_L9,106,11,1,0,0
candADDR_L9,106,12,1,0,0
candADDR_L9,106,13,1,0,0
candADDR_L9,106,14,1,0,0
candADDR_L9,106,15,1,0,0
candADDR_L9,106,16,1,0,0
candADDR_L9,106,17,1,0,0
candADDR_L9,106,18,1,0,0
candADDR_L9,106,19,1,0,0
candADDR_L9,106,20,1,0,0
candADDR_L9,107,1,1,0,0
candADDR_L9,107,2,1,0,0
candADDR_L9,107,3,1,0,0
candADDR_L9,107,4,1,0,0
candADDR_L9,107,5,1,0,0
candADDR_L9,107,6,1,0,0
candADDR_L9,107,7,1,0,0
candADDR_L9,107,8,1,0,0
candADDR_L9,107,9,1,0,0
candADDR_L9,107,10,1,0,0
candADDR_L9,107,11,1,0,0
candADDR_L9,107,12,1,0,0
candADDR_L9,107,13,1,0,0
candADDR_L9,107,14,1,0,0
candADDR_L9,107,15,1,0,0
candADDR_L9,107,16,1,0,0
candADDR_L9,107,17,1,0,0
candADDR_L9,107,18,1,0,0
candADDR_L9,107,19,1,0,0
candADDR_L9,107,20,1,0,0
candADDR_L9,108,1,1,0,0
candADDR_L9,108,2,4,3,0
candADDR_L9,108,3,4,0,0
candADDR_L9,108,4,4,0,0
candADDR_L9,108,5,4,0,0
candADDR_L9,108,6,4,0,0
candADDR_L9,108,7,4,0,0
candADDR_L9,108,8,4,0,0
candADDR_L9,108,9,4,0,0
candADDR_L9,108,10,4,0,0
candADDR_L9,108,11,4,0,0
candADDR_L9,108,12,4,0,0
candADDR_L9,108,13,4,0,0
candADDR_L9,108,14,4,0,0
candADDR_L9,108,15,4,0,0
candADDR_L9,108,16,4,0,0
candADDR_L9,108,17,4,0,0
candADDR_L9,108,18,4,0,0
candADDR_L9,108,19,4,0,0
candADDR_L9,108,20,4,0,0
candADDR_L9,109,1,1,0,0
candADDR_L9,109,2,1,0,0
candADDR_L9,109,3,1,0,0
candADDR_L9,109,4,1,0,0
candADDR_L9,109,5,1,0,0
candADDR_L9,109,6,1,0,0
candADDR_L9,109,7,1,0,0
candADDR_L9,109,8,1,0,0
candADDR_L9,109,9,1,0,0
candADDR_L9,109,10,1,0,0
candADDR_L9,109,11,1,0,0
candADDR_L9,109,12,1,0,0
candADDR_L9,109,13,1,0,0
candADDR_L9,109,14,1,0,0
candADDR_L9,109,15,1,0,0
candADDR_L9,109,16,1,0,0
candADDR_L9,109,17,1,0,0
candADDR_L9,109,18,1,0,0
candADDR_L9,109,19,1,0,0
candADDR_L9,109,20,1,0,0
candADDR_L9,110,1,1,0,0
candADDR_L9,110,2,1,0,0
candADDR_L9,110,3,1,0,0
candADDR_L9,110,4,1,0,0
candADDR_L9,110,5,1,0,0
candADDR_L9,110,6,1,0,0
candADDR_L9,110,7,1,0,0
candADDR_L9,110,8,1,0,0
candADDR_L9,110,9,1,0,0
candADDR_L9,110,10,1,0,0
candADDR_L9,110,11,1,0,0
candADDR_L9,110,12,1,0,0
candADDR_L9,110,13,1,0,0
candADDR_L9,110,14,1,0,0
candADDR_L9,110,15,1,0,0
candADDR_L9,110,16,1,0,0
candADDR_L9,110,17,1,0,0
candADDR_L9,110,18,1,0,0
candADDR_L9,110,19,1,0,0
candADDR_L9,110,20,1,0,0
candADDR_L9,111,1,1,0,0
candADDR_L9,111,2,4,3,0
candADDR_L9,111,3,4,0,0
candADDR_L9,111,4,4,0,0
candADDR_L9,111,5,4,0,0
candADDR_L9,111,6,4,0,0
candADDR_L9,111,7,4,0,0
candADDR_L9,111,8,4,0,0
candADDR_L9,111,9,4,0,0
candADDR_L9,111,10,4,0,0
candADDR_L9,111,11,4,0,0
candADDR_L9,111,12,4,0,0
candADDR_L9,111,13,4,0,0
candADDR_L9,111,14,4,0,0
candADDR_L9,111,15,4,0,0
candADDR_L9,111,16,4,0,0
candADDR_L9,111,17,4,0,0
candADDR_L9,111,18,4,0,0
candADDR_L9,111,19,4,0,0
candADDR_L9,111,20,4,0,0
candADDR_L9,112,1,1,0,0
candADDR_L9,112,2,1,0,0
candADDR_L9,112,3,1,0,0
candADDR_L9,112,4,1,0,0
candADDR_L9,112,5,1,0,0
candADDR_L9,112,6,1,0,0
candADDR_L9,112,7,1,0,0
candADDR_L9,112,8,1,0,0
candADDR_L9,112,9,1,0,0
candADDR_L9,112,10,1,0,0
candADDR_L9,112,11,1,0,0
candADDR_L9,112,12,1,0,0
candADDR_L9,112,13,1,0,0
candADDR_L9,112,14,1,0,0
candADDR_L9,112,15,1,0,0
candADDR_L9,112,16,1,0,0
candADDR_L9,112,17,1,0,0
candADDR_L9,112,18,1,0,0
candADDR_L9,112,19,1,0,0
candADDR_L9,112,20,1,0,0
candADDR_L9,113,1,1,0,0
candADDR_L9,113,2,1,0,0
candADDR_L9,113,3,1,0,0
candADDR_L9,113,4,1,0,0
candADDR_L9,113,5,1,0,0
candADDR_L9,113,6,1,0,0
candADDR_L9,113,7,1,0,0
candADDR_L9,113,8,1,0,0
candADDR_L9,113,9,1,0,0
candADDR_L9,113,10,1,0,0
candADDR_L9,113,11,1,0,0
candADDR_L9,113,12,1,0,0
candADDR_L9,113,13,1,0,0
candADDR_L9,113,14,1,0,0
candADDR_L9,113,15,1,0,0
candADDR_L9,113,16,1,0,0
candADDR_L9,113,17,1,0,0
candADDR_L9,113,18,1,0,0
candADDR_L9,113,19,1,0,0
candADDR_L9,113,20,1,0,0
candADDR_L9,114,1,1,0,0
candADDR_L9,114,2,4,3,0
candADDR_L9,114,3,4,0,0
candADDR_L9,114,4,4,0,0
candADDR_L9,114,5,4,0,0
candADDR_L9,114,6,4,0,0
candADDR_L9,114,7,4,0,0
candADDR_L9,114,8,4,0,0
candADDR_L9,114,9,4,0,0
candADDR_L9,114,10,4,0,0
candADDR_L9,114,11,4,0,0
candADDR_L9,114,12,4,0,0
candADDR_L9,114,13,4,0,0
candADDR_L9,114,14,4,0,0
candADDR_L9,114,15,4,0,0
candADDR_L9,114,16,4,0,0
candADDR_L9,114,17,4,0,0
candADDR_L9,114,18,4,0,0
candADDR_L9,114,19,4,0,0
candADDR_L9,114,20,4,0,0
candADDR_L9,115,1,1,0,0
candADDR_L9,115,2,1,0,0
candADDR_L9,115,3,1,0,0
candADDR_L9,115,4,1,0,0
candADDR_L9,115,5,1,0,0
candADDR_L9,115,6,1,0,0
candADDR_L9,115,7,1,0,0
candADDR_L9,115,8,1,0,0
candADDR_L9,115,9,1,0,0
candADDR_L9,115,10,1,0,0
candADDR_L9,115,11,1,0,0
candADDR_L9,115,12,1,0,0
candADDR_L9,115,13,1,0,0
candADDR_L9,115,14,1,0,0
candADDR_L9,115,15,1,0,0
candADDR_L9,115,16,1,0,0
candADDR_L9,115,17,1,0,0
candADDR_L9,115,18,1,0,0
candADDR_L9,115,19,1,0,0
candADDR_L9,115,20,1,0,0
candADDR_L9,116,1,1,0,0
candADDR_L9,116,2,1,0,0
candADDR_L9,116,3,1,0,0
candADDR_L9,116,4,1,0,0
candADDR_L9,116,5,1,0,0
candADDR_L9,116,6,1,0,0
candADDR_L9,116,7,1,0,0
candADDR_L9,116,8,1,0,0
candADDR_L9,116,9,1,0,0
candADDR_L9,116,10,1,0,0
candADDR_L9,116,11,1,0,0
candADDR_L9,116,12,1,0,0
candADDR_L9,116,13,1,0,0
candADDR_L9,116,14,1,0,0
candADDR_L9,116,15,1,0,0
candADDR_L9,116,16,1,0,0
candADDR_L9,116,17,1,0,0
candADDR_L9,116,18,1,0,0
candADDR_L9,116,19,1,0,0
candADDR_L9,116,20,1,0,0
candADDR_L9,117,1,1,0,0
candADDR_L9,117,2,4,3,0
candADDR_L9,117,3,4,0,0
candADDR_L9,117,4,4,0,0
candADDR_L9,117,5,4,0,0
candADDR_L9,117,6,4,0,0
candADDR_L9,117,7,4,0,0
candADDR_L9,117,8,4,0,0
candADDR_L9,117,9,4,0,0
candADDR_L9,117,10,4,0,0
candADDR_L9,117,11,4,0,0
candADDR_L9,117,12,4,0,0
candADDR_L9,117,13,4,0,0
candADDR_L9,117,14,4,0,0
candADDR_L9,117,15,4,0,0
candADDR_L9,117,16,4,0,0
candADDR_L9,117,17,4,0,0
candADDR_L9,117,18,4,0,0
candADDR_L9,117,19,4,0,0
candADDR_L9,117,20,4,0,0
candADDR_L9,118,1,1,0,0
candADDR_L9,118,2,1,0,0
candADDR_L9,118,3,1,0,0
candADDR_L9,118,4,1,0,0
candADDR_L9,118,5,1,0,0
candADDR_L9,118,6,1,0,0
candADDR_L9,118,7,1,0,0
candADDR_L9,118,8,1,0,0
candADDR_L9,118,9,1,0,0
candADDR_L9,118,10,1,0,0
candADDR_L9,118,11,1,0,0
candADDR_L9,118,12,1,0,0
candADDR_L9,118,13,1,0,0
candADDR_L9,118,14,1,0,0
candADDR_L9,118,15,1,0,0
candADDR_L9,118,16,1,0,0
candADDR_L9,118,17,1,0,0
candADDR_L9,118,18,1,0,0
candADDR_L9,118,19,1,0,0
candADDR_L9,118,20,1,0,0
candADDR_L9,119,1,1,0,0
candADDR_L9,119,2,1,0,0
candADDR_L9,119,3,1,0,0
candADDR_L9,119,4,1,0,0
candADDR_L9,119,5,1,0,0
candADDR_L9,119,6,1,0,0
candADDR_L9,119,7,1,0,0
candADDR_L9,119,8,1,0,0
candADDR_L9,119,9,1,0,0
candADDR_L9,119,10,1,0,0
candADDR_L9,119,11,1,0,0
candADDR_L9,119,12,1,0,0
candADDR_L9,119,13,1,0,0
candADDR_L9,119,14,1,0,0
candADDR_L9,119,15,1,0,0
candADDR_L9,119,16,1,0,0
candADDR_L9,119,17,1,0,0
candADDR_L9,119,18,1,0,0
candADDR_L9,119,19,1,0,0
candADDR_L9,119,20,1,0,0
candADDR_L9,120,1,1,0,0
candADDR_L9,120,2,4,3,0
candADDR_L9,120,3,4,0,0
candADDR_L9,120,4,4,0,0
candADDR_L9,120,5,4,0,0
candADDR_L9,120,6,4,0,0
candADDR_L9,120,7,4,0,0
candADDR_L9,120,8,4,0,0
candADDR_L9,120,9,4,0,0
candADDR_L9,120,10,4,0,0
candADDR_L9,120,11,4,0,0
candADDR_L9,120,12,4,0,0
candADDR_L9,120,13,4,0,0
candADDR_L9,120,14,4,0,0
candADDR_L9,120,15,4,0,0
candADDR_L9,120,16,4,0,0
candADDR_L9,120,17,4,0,0
candADDR_L9,120,18,4,0,0
candADDR_L9,120,19,4,0,0
candADDR_L9,120,20,4,0,0
candADDR_L9,121,1,1,0,0
candADDR_L9,121,2,1,0,0
candADDR_L9,121,3,1,0,0
candADDR_L9,121,4,1,0,0
candADDR_L9,121,5,1,0,0
candADDR_L9,121,6,1,0,0
candADDR_L9,121,7,1,0,0
candADDR_L9,121,8,1,0,0
candADDR_L9,121,9,1,0,0
candADDR_L9,121,10,1,0,0
candADDR_L9,121,11,1,0,0
candADDR_L9,121,12,1,0,0
candADDR_L9,121,13,1,0,0
candADDR_L9,121,14,1,0,0
candADDR_L9,121,15,1,0,0
candADDR_L9,121,16,1,0,0
candADDR_L9,121,17,1,0,0
candADDR_L9,121,18,1,0,0
candADDR_L9,121,19,1,0,0
candADDR_L9,121,20,1,0,0
candADDR_L9,122,1,1,0,0
candADDR_L9,122,2,1,0,0
candADDR_L9,122,3,1,0,0
candADDR_L9,122,4,1,0,0
candADDR_L9,122,5,1,0,0
candADDR_L9,122,6,1,0,0
candADDR_L9,122,7,1,0,0
candADDR_L9,122,8,1,0,0
candADDR_L9,122,9,1,0,0
candADDR_L9,122,10,1,0,0
candADDR_L9,122,11,1,0,0
candADDR_L9,122,12,1,0,0
candADDR_L9,122,13,1,0,0
candADDR_L9,122,14,1,0,0
candADDR_L9,122,15,1,0,0
candADDR_L9,122,16,1,0,0
candADDR_L9,122,17,1,0,0
candADDR_L9,122,18,1,0,0
candADDR_L9,122,19,1,0,0
candADDR_L9,122,20,1,0,0
candADDR_L9,123,1,1,0,0
candADDR_L9,123,2,4,3,0
candADDR_L9,123,3,4,0,0
candADDR_L9,123,4,4,0,0
candADDR_L9,123,5,4,0,0
candADDR_L9,123,6,4,0,0
candADDR_L9,123,7,4,0,0
candADDR_L9,123,8,4,0,0
candADDR_L9,123,9,4,0,0
candADDR_L9,123,10,4,0,0
candADDR_L9,123,11,4,0,0
candADDR_L9,123,12,4,0,0
candADDR_L9,123,13,4,0,0
candADDR_L9,123,14,4,0,0
candADDR_L9,123,15,4,0,0
candADDR_L9,123,16,4,0,0
candADDR_L9,123,17,4,0,0
candADDR_L9,123,18,4,0,0
candADDR_L9,123,19,4,0,0
candADDR_L9,123,20,4,0,0
candADDR_L9,124,1,1,0,0
candADDR_L9,124,2,1,0,0
candADDR_L9,124,3,1,0,0
candADDR_L9,124,4,1,0,0
candADDR_L9,124,5,1,0,0
candADDR_L9,124,6,1,0,0
candADDR_L9,124,7,1,0,0
candADDR_L9,124,8,1,0,0
candADDR_L9,124,9,1,0,0
candADDR_L9,124,10,1,0,0
candADDR_L9,124,11,1,0,0
candADDR_L9,124,12,1,0,0
candADDR_L9,124,13,1,0,0
candADDR_L9,124,14,1,0,0
candADDR_L9,124,15,1,0,0
candADDR_L9,124,16,1,0,0
candADDR_L9,124,17,1,0,0
candADDR_L9,124,18,1,0,0
candADDR_L9,124,19,1,0,0
candADDR_L9,124,20,1,0,0
candADDR_L9,125,1,1,0,0
candADDR_L9,125,2,1,0,0
candADDR_L9,125,3,1,0,0
candADDR_L9,125,4,1,0,0
candADDR_L9,125,5,1,0,0
candADDR_L9,125,6,1,0,0
candADDR_L9,125,7,1,0,0
candADDR_L9,125,8,1,0,0
candADDR_L9,125,9,1,0,0
candADDR_L9,125,10,1,0,0
candADDR_L9,125,11,1,0,0
candADDR_L9,125,12,1,0,0
candADDR_L9,125,13,1,0,0
candADDR_L9,125,14,1,0,0
candADDR_L9,125,15,1,0,0
candADDR_L9,125,16,1,0,0
candADDR_L9,125,17,1,0,0
candADDR_L9,125,18,1,0,0
candADDR_L9,125,19,1,0,0
candADDR_L9,125,20,1,0,0
candADDR_L9,126,1,1,0,0
candADDR_L9,126,2,4,3,0
candADDR_L9,126,3,4,0,0
candADDR_L9,126,4,4,0,0
candADDR_L9,126,5,4,0,0
candADDR_L9,126,6,4,0,0
candADDR_L9,126,7,4,0,0
candADDR_L9,126,8,4,0,0
candADDR_L9,126,9,4,0,0
candADDR_L9,126,10,4,0,0
candADDR_L9,126,11,4,0,0
candADDR_L9,126,12,4,0,0
candADDR_L9,126,13,4,0,0
candADDR_L9,126,14,4,0,0
candADDR_L9,126,15,4,0,0
candADDR_L9,126,16,4,0,0
candADDR_L9,126,17,4,0,0
candADDR_L9,126,18,4,0,0
candADDR_L9,126,19,4,0,0
candADDR_L9,126,20,4,0,0
candADDR_L9,127,1,1,0,0
candADDR_L9,127,2,1,0,0
candADDR_L9,127,3,1,0,0
candADDR_L9,127,4,1,0,0
candADDR_L9,127,5,1,0,0
candADDR_L9,127,6,1,0,0
candADDR_L9,127,7,1,0,0
candADDR_L9,127,8,1,0,0
candADDR_L9,127,9,1,0,0
candADDR_L9,127,10,1,0,0
candADDR_L9,127,11,1,0,0
candADDR_L9,127,12,1,0,0
candADDR_L9,127,13,1,0,0
candADDR_L9,127,14,1,0,0
candADDR_L9,127,15,1,0,0
candADDR_L9,127,16,1,0,0
candADDR_L9,127,17,1,0,0
candADDR_L9,127,18,1,0,0
candADDR_L9,127,19,1,0,0
candADDR_L9,127,20,1,0,0
candADDR_L9,128,1,1,0,0
candADDR_L9,128,2,1,0,0
candADDR_L9,128,3,1,0,0
candADDR_L9,128,4,1,0,0
candADDR_L9,128,5,1,0,0
candADDR_L9,128,6,1,0,0
candADDR_L9,128,7,1,0,0
candADDR_L9,128,8,1,0,0
candADDR_L9,128,9,1,0,0
candADDR_L9,128,10,1,0,0
candADDR_L9,128,11,1,0,0
candADDR_L9,128,12,1,0,0
candADDR_L9,128,13,1,0,0
candADDR_L9,128,14,1,0,0
candADDR_L9,128,15,1,0,0
candADDR_L9,128,16,1,0,0
candADDR_L9,128,17,1,0,0
candADDR_L9,128,18,1,0,0
candADDR_L9,128,19,1,0,0
candADDR_L9,128,20,1,0,0
candADDR_L9,129,1,1,0,0
candADDR_L9,129,2,4,3,0
candADDR_L9,129,3,4,0,0
candADDR_L9,129,4,4,0,0
candADDR_L9,129,5,4,0,0
candADDR_L9,129,6,4,0,0
candADDR_L9,129,7,4,0,0
candADDR_L9,129,8,4,0,0
candADDR_L9,129,9,4,0,0
candADDR_L9,129,10,4,0,0
candADDR_L9,129,11,4,0,0
candADDR_L9,129,12,4,0,0
candADDR_L9,129,13,4,0,0
candADDR_L9,129,14,4,0,0
candADDR_L9,129,15,4,0,0
candADDR_L9,129,16,4,0,0
candADDR_L9,129,17,4,0,0
candADDR_L9,129,18,4,0,0
candADDR_L9,129,19,4,0,0
candADDR_L9,129,20,4,0,0
candADDR_L9,130,1,1,0,0
candADDR_L9,130,2,1,0,0
candADDR_L9,130,3,1,0,0
candADDR_L9,130,4,1,0,0
candADDR_L9,130,5,1,0,0
candADDR_L9,130,6,1,0,0
candADDR_L9,130,7,1,0,0
candADDR_L9,130,8,1,0,0
candADDR_L9,130,9,1,0,0
candADDR_L9,130,10,1,0,0
candADDR_L9,130,11,1,0,0
candADDR_L9,130,12,1,0,0
candADDR_L9,130,13,1,0,0
candADDR_L9,130,14,1,0,0
candADDR_L9,130,15,1,0,0
candADDR_L9,130,16,1,0,0
candADDR_L9,130,17,1,0,0
candADDR_L9,130,18,1,0,0
candADDR_L9,130,19,1,0,0
candADDR_L9,130,20,1,0,0
candADDR_L9,131,1,1,0,0
candADDR_L9,131,2,1,0,0
candADDR_L9,131,3,1,0,0
candADDR_L9,131,4,1,0,0
candADDR_L9,131,5,1,0,0
candADDR_L9,131,6,1,0,0
candADDR_L9,131,7,1,0,0
candADDR_L9,131,8,1,0,0
candADDR_L9,131,9,1,0,0
candADDR_L9,131,10,1,0,0
candADDR_L9,131,11,1,0,0
candADDR_L9,131,12,1,0,0
candADDR_L9,131,13,1,0,0
candADDR_L9,131,14,1,0,0
candADDR_L9,131,15,1,0,0
candADDR_L9,131,16,1,0,0
candADDR_L9,131,17,1,0,0
candADDR_L9,131,18,1,0,0
candADDR_L9,131,19,1,0,0
candADDR_L9,131,20,1,0,0
candADDR_L9,132,1,1,0,0
candADDR_L9,132,2,4,3,0
candADDR_L9,132,3,4,0,0
candADDR_L9,132,4,4,0,0
candADDR_L9,132,5,4,0,0
candADDR_L9,132,6,4,0,0
candADDR_L9,132,7,4,0,0
candADDR_L9,132,8,4,0,0
candADDR_L9,132,9,4,0,0
candADDR_L9,132,10,4,0,0
candADDR_L9,132,11,4,0,0
candADDR_L9,132,12,4,0,0
candADDR_L9,132,13,4,0,0
candADDR_L9,132,14,4,0,0
candADDR_L9,132,15,4,0,0
candADDR_L9,132,16,4,0,0
candADDR_L9,132,17,4,0,0
candADDR_L9,132,18,4,0,0
candADDR_L9,132,19,4,0,0
candADDR_L9,132,20,4,0,0
candADDR_L9,133,1,1,0,0
candADDR_L9,133,2,1,0,0
candADDR_L9,133,3,1,0,0
candADDR_L9,133,4,1,0,0
candADDR_L9,133,5,1,0,0
candADDR_L9,133,6,1,0,0
candADDR_L9,133,7,1,0,0
candADDR_L9,133,8,1,0,0
candADDR_L9,133,9,1,0,0
candADDR_L9,133,10,1,0,0
candADDR_L9,133,11,1,0,0
candADDR_L9,133,12,1,0,0
candADDR_L9,133,13,1,0,0
candADDR_L9,133,14,1,0,0
candADDR_L9,133,15,1,0,0
candADDR_L9,133,16,1,0,0
candADDR_L9,133,17,1,0,0
candADDR_L9,133,18,1,0,0
candADDR_L9,133,19,1,0,0
candADDR_L9,133,20,1,0,0
candADDR_L9,134,1,1,0,0
candADDR_L9,134,2,1,0,0
candADDR_L9,134,3,1,0,0
candADDR_L9,134,4,1,0,0
candADDR_L9,134,5,1,0,0
candADDR_L9,134,6,1,0,0
candADDR_L9,134,7,1,0,0
candADDR_L9,134,8,1,0,0
candADDR_L9,134,9,1,0,0
candADDR_L9,134,10,1,0,0
candADDR_L9,134,11,1,0,0
candADDR_L9,134,12,1,0,0
candADDR_L9,134,13,1,0,0
candADDR_L9,134,14,1,0,0
candADDR_L9,134,15,1,0,0
candADDR_L9,134,16,1,0,0
candADDR_L9,134,17,1,0,0
candADDR_L9,134,18,1,0,0
candADDR_L9,134,19,1,0,0
candADDR_L9,134,20,1,0,0
candADDR_L9,135,1,1,0,0
candADDR_L9,135,2,4,3,0
candADDR_L9,135,3,4,0,0
candADDR_L9,135,4,4,0,0
candADDR_L9,135,5,4,0,0
candADDR_L9,135,6,4,0,0
candADDR_L9,135,7,4,0,0
candADDR_L9,135,8,4,0,0
candADDR_L9,135,9,4,0,0
candADDR_L9,135,10,4,0,0
candADDR_L9,135,11,4,0,0
candADDR_L9,135,12,4,0,0
candADDR_L9,135,13,4,0,0
candADDR_L9,135,14,4,0,0
candADDR_L9,135,15,4,0,0
candADDR_L9,135,16,4,0,0
candADDR_L9,135,17,4,0,0
candADDR_L9,135,18,4,0,0
candADDR_L9,135,19,4,0,0
candADDR_L9,135,20,4,0,0
candADDR_L9,136,1,1,0,0
candADDR_L9,136,2,1,0,0
candADDR_L9,136,3,1,0,0
candADDR_L9,136,4,1,0,0
candADDR_L9,136,5,1,0,0
candADDR_L9,136,6,1,0,0
candADDR_L9,136,7,1,0,0
candADDR_L9,136,8,1,0,0
candADDR_L9,136,9,1,0,0
candADDR_L9,136,10,1,0,0
candADDR_L9,136,11,1,0,0
candADDR_L9,136,12,1,0,0
candADDR_L9,136,13,1,0,0
candADDR_L9,136,14,1,0,0
candADDR_L9,136,15,1,0,0
candADDR_L9,136,16,1,0,0
candADDR_L9,136,17,1,0,0
candADDR_L9,136,18,1,0,0
candADDR_L9,136,19,1,0,0
candADDR_L9,136,20,1,0,0
candADDR_L9,137,1,1,0,0
candADDR_L9,137,2,1,0,0
candADDR_L9,137,3,1,0,0
candADDR_L9,137,4,1,0,0
candADDR_L9,137,5,1,0,0
candADDR_L9,137,6,1,0,0
candADDR_L9,137,7,1,0,0
candADDR_L9,137,8,1,0,0
candADDR_L9,137,9,1,0,0
candADDR_L9,137,10,1,0,0
candADDR_L9,137,11,1,0,0
candADDR_L9,137,12,1,0,0
candADDR_L9,137,13,1,0,0
candADDR_L9,137,14,1,0,0
candADDR_L9,137,15,1,0,0
candADDR_L9,137,16,1,0,0
candADDR_L9,137,17,1,0,0
candADDR_L9,137,18,1,0,0
candADDR_L9,137,19,1,0,0
candADDR_L9,137,20,1,0,0
candADDR_L9,138,1,1,0,0
candADDR_L9,138,2,4,3,0
candADDR_L9,138,3,4,0,0
candADDR_L9,138,4,4,0,0
candADDR_L9,138,5,4,0,0
candADDR_L9,138,6,4,0,0
candADDR_L9,138,7,4,0,0
candADDR_L9,138,8,4,0,0
candADDR_L9,138,9,4,0,0
candADDR_L9,138,10,4,0,0
candADDR_L9,138,11,4,0,0
candADDR_L9,138,12,4,0,0
candADDR_L9,138,13,4,0,0
candADDR_L9,138,14,4,0,0
candADDR_L9,138,15,4,0,0
candADDR_L9,138,16,4,0,0
candADDR_L9,138,17,4,0,0
candADDR_L9,138,18,4,0,0
candADDR_L9,138,19,4,0,0
candADDR_L9,138,20,4,0,0
candADDR_L9,139,1,1,0,0
candADDR_L9,139,2,1,0,0
candADDR_L9,139,3,1,0,0
candADDR_L9,139,4,1,0,0
candADDR_L9,139,5,1,0,0
candADDR_L9,139,6,1,0,0
candADDR_L9,139,7,1,0,0
candADDR_L9,139,8,1,0,0
candADDR_L9,139,9,1,0,0
candADDR_L9,139,10,1,0,0
candADDR_L9,139,11,1,0,0
candADDR_L9,139,12,1,0,0
candADDR_L9,139,13,1,0,0
candADDR_L9,139,14,1,0,0
candADDR_L9,139,15,1,0,0
candADDR_L9,139,16,1,0,0
candADDR_L9,139,17,1,0,0
candADDR_L9,139,18,1,0,0
candADDR_L9,139,19,1,0,0
candADDR_L9,139,20,1,0,0
candADDR_L9,140,1,1,0,0
candADDR_L9,140,2,1,0,0
candADDR_L9,140,3,1,0,0
candADDR_L9,140,4,1,0,0
candADDR_L9,140,5,1,0,0
candADDR_L9,140,6,1,0,0
candADDR_L9,140,7,1,0,0
candADDR_L9,140,8,1,0,0
candADDR_L9,140,9,1,0,0
candADDR_L9,140,10,1,0,0
candADDR_L9,140,11,1,0,0
candADDR_L9,140,12,1,0,0
candADDR_L9,140,13,1,0,0
candADDR_L9,140,14,1,0,0
candADDR_L9,140,15,1,0,0
candADDR_L9,140,16,1,0,0
candADDR_L9,140,17,1,0,0
candADDR_L9,140,18,1,0,0
candADDR_L9,140,19,1,0,0
candADDR_L9,140,20,1,0,0
candADDR_L9,141,1,1,0,0
candADDR_L9,141,2,4,3,0
candADDR_L9,141,3,4,0,0
candADDR_L9,141,4,4,0,0
candADDR_L9,141,5,4,0,0
candADDR_L9,141,6,4,0,0
candADDR_L9,141,7,4,0,0
candADDR_L9,141,8,4,0,0
candADDR_L9,141,9,4,0,0
candADDR_L9,141,10,4,0,0
candADDR_L9,141,11,4,0,0
candADDR_L9,141,12,4,0,0
candADDR_L9,141,13,4,0,0
candADDR_L9,141,14,4,0,0
candADDR_L9,141,15,4,0,0
candADDR_L9,141,16,4,0,0
candADDR_L9,141,17,4,0,0
candADDR_L9,141,18,4,0,0
candADDR_L9,141,19,4,0,0
candADDR_L9,141,20,4,0,0
candADDR_L9,142,1,1,0,0
candADDR_L9,142,2,1,0,0
candADDR_L9,142,3,1,0,0
candADDR_L9,142,4,1,0,0
candADDR_L9,142,5,1,0,0
candADDR_L9,142,6,1,0,0
candADDR_L9,142,7,1,0,0
candADDR_L9,142,8,1,0,0
candADDR_L9,142,9,1,0,0
candADDR_L9,142,10,1,0,0
candADDR_L9,142,11,1,0,0
candADDR_L9,142,12,1,0,0
candADDR_L9,142,13,1,0,0
candADDR_L9,142,14,1,0,0
candADDR_L9,142,15,1,0,0
candADDR_L9,142,16,1,0,0
candADDR_L9,142,17,1,0,0
candADDR_L9,142,18,1,0,0
candADDR_L9,142,19,1,0,0
candADDR_L9,142,20,1,0,0
candADDR_L9,143,1,1,0,0
candADDR_L9,143,2,1,0,0
candADDR_L9,143,3,1,0,0
candADDR_L9,143,4,1,0,0
candADDR_L9,143,5,1,0,0
candADDR_L9,143,6,1,0,0
candADDR_L9,143,7,1,0,0
candADDR_L9,143,8,1,0,0
candADDR_L9,143,9,1,0,0
candADDR_L9,143,10,1,0,0
candADDR_L9,143,11,1,0,0
candADDR_L9,143,12,1,0,0
candADDR_L9,143,13,1,0,0
candADDR_L9,143,14,1,0,0
candADDR_L9,143,15,1,0,0
candADDR_L9,143,16,1,0,0
candADDR_L9,143,17,1,0,0
candADDR_L9,143,18,1,0,0
candADDR_L9,143,19,1,0,0
candADDR_L9,143,20,1,0,0
candADDR_L9,144,1,1,0,0
candADDR_L9,144,2,4,3,0
candADDR_L9,144,3,4,0,0
candADDR_L9,144,4,4,0,0
candADDR_L9,144,5,4,0,0
candADDR_L9,144,6,4,0,0
candADDR_L9,144,7,4,0,0
candADDR_L9,144,8,4,0,0
candADDR_L9,144,9,4,0,0
candADDR_L9,144,10,4,0,0
candADDR_L9,144,11,4,0,0
candADDR_L9,144,12,4,0,0
candADDR_L9,144,13,4,0,0
candADDR_L9,144,14,4,0,0
candADDR_L9,144,15,4,0,0
candADDR_L9,144,16,4,0,0
candADDR_L9,144,17,4,0,0
candADDR_L9,144,18,4,0,0
candADDR_L9,144,19,4,0,0
candADDR_L9,144,20,4,0,0
candADDR_L9,145,1,1,0,0
candADDR_L9,145,2,1,0,0
candADDR_L9,145,3,1,0,0
candADDR_L9,145,4,1,0,0
candADDR_L9,145,5,1,0,0
candADDR_L9,145,6,1,0,0
candADDR_L9,145,7,1,0,0
candADDR_L9,145,8,1,0,0
candADDR_L9,145,9,1,0,0
candADDR_L9,145,10,1,0,0
candADDR_L9,145,11,1,0,0
candADDR_L9,145,12,1,0,0
candADDR_L9,145,13,1,0,0
candADDR_L9,145,14,1,0,0
candADDR_L9,145,15,1,0,0
candADDR_L9,145,16,1,0,0
candADDR_L9,145,17,1,0,0
candADDR_L9,145,18,1,0,0
candADDR_L9,145,19,1,0,0
candADDR_L9,145,20,1,0,0
candADDR_L9,146,1,1,0,0
candADDR_L9,146,2,1,0,0
candADDR_L9,146,3,1,0,0
candADDR_L9,146,4,1,0,0
candADDR_L9,146,5,1,0,0
candADDR_L9,146,6,1,0,0
candADDR_L9,146,7,1,0,0
candADDR_L9,146,8,1,0,0
candADDR_L9,146,9,1,0,0
candADDR_L9,146,10,1,0,0
candADDR_L9,146,11,1,0,0
candADDR_L9,146,12,1,0,0
candADDR_L9,146,13,1,0,0
candADDR_L9,146,14,1,0,0
candADDR_L9,146,15,1,0,0
candADDR_L9,146,16,1,0,0
candADDR_L9,146,17,1,0,0
candADDR_L9,146,18,1,0,0
candADDR_L9,146,19,1,0,0
candADDR_L9,146,20,1,0,0
candADDR_L9,147,1,1,0,0
candADDR_L9,147,2,4,3,0
candADDR_L9,147,3,4,0,0
candADDR_L9,147,4,4,0,0
candADDR_L9,147,5,4,0,0
candADDR_L9,147,6,4,0,0
candADDR_L9,147,7,4,0,0
candADDR_L9,147,8,4,0,0
candADDR_L9,147,9,4,0,0
candADDR_L9,147,10,4,0,0
candADDR_L9,147,11,4,0,0
candADDR_L9,147,12,4,0,0
candADDR_L9,147,13,4,0,0
candADDR_L9,147,14,4,0,0
candADDR_L9,147,15,4,0,0
candADDR_L9,147,16,4,0,0
candADDR_L9,147,17,4,0,0
candADDR_L9,147,18,4,0,0
candADDR_L9,147,19,4,0,0
candADDR_L9,147,20,4,0,0
candADDR_L9,148,1,1,0,0
candADDR_L9,148,2,1,0,0
candADDR_L9,148,3,1,0,0
candADDR_L9,148,4,1,0,0
candADDR_L9,148,5,1,0,0
candADDR_L9,148,6,1,0,0
candADDR_L9,148,7,1,0,0
candADDR_L9,148,8,1,0,0
candADDR_L9,148,9,1,0,0
candADDR_L9,148,10,1,0,0
candADDR_L9,148,11,1,0,0
candADDR_L9,148,12,1,0,0
candADDR_L9,148,13,1,0,0
candADDR_L9,148,14,1,0,0
candADDR_L9,148,15,1,0,0
candADDR_L9,148,16,1,0,0
candADDR_L9,148,17,1,0,0
candADDR_L9,148,18,1,0,0
candADDR_L9,148,19,1,0,0
candADDR_L9,148,20,1,0,0
candADDR_L9,149,1,1,0,0
candADDR_L9,149,2,1,0,0
candADDR_L9,149,3,1,0,0
candADDR_L9,149,4,1,0,0
candADDR_L9,149,5,1,0,0
candADDR_L9,149,6,1,0,0
candADDR_L9,149,7,1,0,0
candADDR_L9,149,8,1,0,0
candADDR_L9,149,9,1,0,0
candADDR_L9,149,10,1,0,0
candADDR_L9,149,11,1,0,0
candADDR_L9,149,12,1,0,0
candADDR_L9,149,13,1,0,0
candADDR_L9,149,14,1,0,0
candADDR_L9,149,15,1,0,0
candADDR_L9,149,16,1,0,0
candADDR_L9,149,17,1,0,0
candADDR_L9,149,18,1,0,0
candADDR_L9,149,19,1,0,0
candADDR_L9,149,20,1,0,0
candADDR_L9,150,1,1,0,0
candADDR_L9,150,2,4,3,0
candADDR_L9,150,3,4,0,0
candADDR_L9,150,4,4,0,0
candADDR_L9,150,5,4,0,0
candADDR_L9,150,6,4,0,0
candADDR_L9,150,7,4,0,0
candADDR_L9,150,8,4,0,0
candADDR_L9,150,9,4,0,0
candADDR_L9,150,10,4,0,0
candADDR_L9,150,11,4,0,0
candADDR_L9,150,12,4,0,0
candADDR_L9,150,13,4,0,0
candADDR_L9,150,14,4,0,0
candADDR_L9,150,15,4,0,0
candADDR_L9,150,16,4,0,0
candADDR_L9,150,17,4,0,0
candADDR_L9,150,18,4,0,0
candADDR_L9,150,19,4,0,0
candADDR_L9,150,20,4,0,0
candADDR_L9,151,1,1,0,0
candADDR_L9,151,2,1,0,0
candADDR_L9,151,3,1,0,0
candADDR_L9,151,4,1,0,0
candADDR_L9,151,5,1,0,0
candADDR_L9,151,6,1,0,0
candADDR_L9,151,7,1,0,0
candADDR_L9,151,8,1,0,0
candADDR_L9,151,9,1,0,0
candADDR_L9,151,10,1,0,0
candADDR_L9,151,11,1,0,0
candADDR_L9,151,12,1,0,0
candADDR_L9,151,13,1,0,0
candADDR_L9,151,14,1,0,0
candADDR_L9,151,15,1,0,0
candADDR_L9,151,16,1,0,0
candADDR_L9,151,17,1,0,0
candADDR_L9,151,18,1,0,0
candADDR_L9,151,19,1,0,0
candADDR_L9,151,20,1,0,0
candADDR_L9,152,1,1,0,0
candADDR_L9,152,2,1,0,0
candADDR_L9,152,3,1,0,0
candADDR_L9,152,4,1,0,0
candADDR_L9,152,5,1,0,0
candADDR_L9,152,6,1,0,0
candADDR_L9,152,7,1,0,0
candADDR_L9,152,8,1,0,0
candADDR_L9,152,9,1,0,0
candADDR_L9,152,10,1,0,0
candADDR_L9,152,11,1,0,0
candADDR_L9,152,12,1,0,0
candADDR_L9,152,13,1,0,0
candADDR_L9,152,14,1,0,0
candADDR_L9,152,15,1,0,0
candADDR_L9,152,16,1,0,0
candADDR_L9,152,17,1,0,0
candADDR_L9,152,18,1,0,0
candADDR_L9,152,19,1,0,0
candADDR_L9,152,20,1,0,0
candADDR_L9,153,1,1,0,0
candADDR_L9,153,2,4,3,0
candADDR_L9,153,3,4,0,0
candADDR_L9,153,4,4,0,0
candADDR_L9,153,5,4,0,0
candADDR_L9,153,6,4,0,0
candADDR_L9,153,7,4,0,0
candADDR_L9,153,8,4,0,0
candADDR_L9,153,9,4,0,0
candADDR_L9,153,10,4,0,0
candADDR_L9,153,11,4,0,0
candADDR_L9,153,12,4,0,0
candADDR_L9,153,13,4,0,0
candADDR_L9,153,14,4,0,0
candADDR_L9,153,15,4,0,0
candADDR_L9,153,16,4,0,0
candADDR_L9,153,17,4,0,0
candADDR_L9,153,18,4,0,0
candADDR_L9,153,19,4,0,0
candADDR_L9,153,20,4,0,0
candADDR_L9,154,1,1,0,0
candADDR_L9,154,2,1,0,0
candADDR_L9,154,3,1,0,0
candADDR_L9,154,4,1,0,0
candADDR_L9,154,5,1,0,0
candADDR_L9,154,6,1,0,0
candADDR_L9,154,7,1,0,0
candADDR_L9,154,8,1,0,0
candADDR_L9,154,9,1,0,0
candADDR_L9,154,10,1,0,0
candADDR_L9,154,11,1,0,0
candADDR_L9,154,12,1,0,0
candADDR_L9,154,13,1,0,0
candADDR_L9,154,14,1,0,0
candADDR_L9,154,15,1,0,0
candADDR_L9,154,16,1,0,0
candADDR_L9,154,17,1,0,0
candADDR_L9,154,18,1,0,0
candADDR_L9,154,19,1,0,0
candADDR_L9,154,20,1,0,0
candADDR_L9,155,1,1,0,0
candADDR_L9,155,2,1,0,0
candADDR_L9,155,3,1,0,0
candADDR_L9,155,4,1,0,0
candADDR_L9,155,5,1,0,0
candADDR_L9,155,6,1,0,0
candADDR_L9,155,7,1,0,0
candADDR_L9,155,8,1,0,0
candADDR_L9,155,9,1,0,0
candADDR_L9,155,10,1,0,0
candADDR_L9,155,11,1,0,0
candADDR_L9,155,12,1,0,0
candADDR_L9,155,13,1,0,0
candADDR_L9,155,14,1,0,0
candADDR_L9,155,15,1,0,0
candADDR_L9,155,16,1,0,0
candADDR_L9,155,17,1,0,0
candADDR_L9,155,18,1,0,0
candADDR_L9,155,19,1,0,0
candADDR_L9,155,20,1,0,0
candADDR_L9,156,1,1,0,0
candADDR_L9,156,2,4,3,0
candADDR_L9,156,3,4,0,0
candADDR_L9,156,4,4,0,0
candADDR_L9,156,5,4,0,0
candADDR_L9,156,6,4,0,0
candADDR_L9,156,7,4,0,0
candADDR_L9,156,8,4,0,0
candADDR_L9,156,9,4,0,0
candADDR_L9,156,10,4,0,0
candADDR_L9,156,11,4,0,0
candADDR_L9,156,12,4,0,0
candADDR_L9,156,13,4,0,0
candADDR_L9,156,14,4,0,0
candADDR_L9,156,15,4,0,0
candADDR_L9,156,16,4,0,0
candADDR_L9,156,17,4,0,0
candADDR_L9,156,18,4,0,0
candADDR_L9,156,19,4,0,0
candADDR_L9,156,20,4,0,0
candADDR_L9,157,1,1,0,0
candADDR_L9,157,2,1,0,0
candADDR_L9,157,3,1,0,0
candADDR_L9,157,4,1,0,0
candADDR_L9,157,5,1,0,0
candADDR_L9,157,6,1,0,0
candADDR_L9,157,7,1,0,0
candADDR_L9,157,8,1,0,0
candADDR_L9,157,9,1,0,0
candADDR_L9,157,10,1,0,0
candADDR_L9,157,11,1,0,0
candADDR_L9,157,12,1,0,0
candADDR_L9,157,13,1,0,0
candADDR_L9,157,14,1,0,0
candADDR_L9,157,15,1,0,0
candADDR_L9,157,16,1,0,0
candADDR_L9,157,17,1,0,0
candADDR_L9,157,18,1,0,0
candADDR_L9,157,19,1,0,0
candADDR_L9,157,20,1,0,0
candADDR_L9,158,1,1,0,0
candADDR_L9,158,2,1,0,0
candADDR_L9,158,3,1,0,0
candADDR_L9,158,4,1,0,0
candADDR_L9,158,5,1,0,0
candADDR_L9,158,6,1,0,0
candADDR_L9,158,7,1,0,0
candADDR_L9,158,8,1,0,0
candADDR_L9,158,9,1,0,0
candADDR_L9,158,10,1,0,0
candADDR_L9,158,11,1,0,0
candADDR_L9,158,12,1,0,0
candADDR_L9,158,13,1,0,0
candADDR_L9,158,14,1,0,0
candADDR_L9,158,15,1,0,0
candADDR_L9,158,16,1,0,0
candADDR_L9,158,17,1,0,0
candADDR_L9,158,18,1,0,0
candADDR_L9,158,19,1,0,0
candADDR_L9,158,20,1,0,0
candADDR_L9,159,1,1,0,0
candADDR_L9,159,2,4,3,0
candADDR_L9,159,3,4,0,0
candADDR_L9,159,4,4,0,0
candADDR_L9,159,5,4,0,0
candADDR_L9,159,6,4,0,0
candADDR_L9,159,7,4,0,0
candADDR_L9,159,8,4,0,0
candADDR_L9,159,9,4,0,0
candADDR_L9,159,10,4,0,0
candADDR_L9,159,11,4,0,0
candADDR_L9,159,12,4,0,0
candADDR_L9,159,13,4,0,0
candADDR_L9,159,14,4,0,0
candADDR_L9,159,15,4,0,0
candADDR_L9,159,16,4,0,0
candADDR_L9,159,17,4,0,0
candADDR_L9,159,18,4,0,0
candADDR_L9,159,19,4,0,0
candADDR_L9,159,20,4,0,0
candADDR_L9,160,1,1,0,0
candADDR_L9,160,2,1,0,0
candADDR_L9,160,3,1,0,0
candADDR_L9,160,4,1,0,0
candADDR_L9,160,5,1,0,0
candADDR_L9,160,6,1,0,0
candADDR_L9,160,7,1,0,0
candADDR_L9,160,8,1,0,0
candADDR_L9,160,9,1,0,0
candADDR_L9,160,10,1,0,0
candADDR_L9,160,11,1,0,0
candADDR_L9,160,12,1,0,0
candADDR_L9,160,13,1,0,0
candADDR_L9,160,14,1,0,0
candADDR_L9,160,15,1,0,0
candADDR_L9,160,16,1,0,0
candADDR_L9,160,17,1,0,0
candADDR_L9,160,18,1,0,0
candADDR_L9,160,19,1,0,0
candADDR_L9,160,20,1,0,0
candADDR_L9,161,1,1,0,0
candADDR_L9,161,2,1,0,0
candADDR_L9,161,3,1,0,0
candADDR_L9,161,4,1,0,0
candADDR_L9,161,5,1,0,0
candADDR_L9,161,6,1,0,0
candADDR_L9,161,7,1,0,0
candADDR_L9,161,8,1,0,0
candADDR_L9,161,9,1,0,0
candADDR_L9,161,10,1,0,0
candADDR_L9,161,11,1,0,0
candADDR_L9,161,12,1,0,0
candADDR_L9,161,13,1,0,0
candADDR_L9,161,14,1,0,0
candADDR_L9,161,15,1,0,0
candADDR_L9,161,16,1,0,0
candADDR_L9,161,17,1,0,0
candADDR_L9,161,18,1,0,0
candADDR_L9,161,19,1,0,0
candADDR_L9,161,20,1,0,0
candADDR_L9,162,1,1,0,0
candADDR_L9,162,2,4,3,0
candADDR_L9,162,3,4,0,0
candADDR_L9,162,4,4,0,0
candADDR_L9,162,5,4,0,0
candADDR_L9,162,6,4,0,0
candADDR_L9,162,7,4,0,0
candADDR_L9,162,8,4,0,0
candADDR_L9,162,9,4,0,0
candADDR_L9,162,10,4,0,0
candADDR_L9,162,11,4,0,0
candADDR_L9,162,12,4,0,0
candADDR_L9,162,13,4,0,0
candADDR_L9,162,14,4,0,0
candADDR_L9,162,15,4,0,0
candADDR_L9,162,16,4,0,0
candADDR_L9,162,17,4,0,0
candADDR_L9,162,18,4,0,0
candADDR_L9,162,19,4,0,0
candADDR_L9,162,20,4,0,0
candADDR_L9,163,1,1,0,0
candADDR_L9,163,2,1,0,0
candADDR_L9,163,3,1,0,0
candADDR_L9,163,4,1,0,0
candADDR_L9,163,5,1,0,0
candADDR_L9,163,6,1,0,0
candADDR_L9,163,7,1,0,0
candADDR_L9,163,8,1,0,0
candADDR_L9,163,9,1,0,0
candADDR_L9,163,10,1,0,0
candADDR_L9,163,11,1,0,0
candADDR_L9,163,12,1,0,0
candADDR_L9,163,13,1,0,0
candADDR_L9,163,14,1,0,0
candADDR_L9,163,15,1,0,0
candADDR_L9,163,16,1,0,0
candADDR_L9,163,17,1,0,0
candADDR_L9,163,18,1,0,0
candADDR_L9,163,19,1,0,0
candADDR_L9,163,20,1,0,0
candADDR_L9,164,1,1,0,0
candADDR_L9,164,2,1,0,0
candADDR_L9,164,3,1,0,0
candADDR_L9,164,4,1,0,0
candADDR_L9,164,5,1,0,0
candADDR_L9,164,6,1,0,0
candADDR_L9,164,7,1,0,0
candADDR_L9,164,8,1,0,0
candADDR_L9,164,9,1,0,0
candADDR_L9,164,10,1,0,0
candADDR_L9,164,11,1,0,0
candADDR_L9,164,12,1,0,0
candADDR_L9,164,13,1,0,0
candADDR_L9,164,14,1,0,0
candADDR_L9,164,15,1,0,0
candADDR_L9,164,16,1,0,0
candADDR_L9,164,17,1,0,0
candADDR_L9,164,18,1,0,0
candADDR_L9,164,19,1,0,0
candADDR_L9,164,20,1,0,0
candADDR_L9,165,1,1,0,0
candADDR_L9,165,2,4,3,0
candADDR_L9,165,3,4,0,0
candADDR_L9,165,4,4,0,0
candADDR_L9,165,5,4,0,0
candADDR_L9,165,6,4,0,0
candADDR_L9,165,7,4,0,0
candADDR_L9,165,8,4,0,0
candADDR_L9,165,9,4,0,0
candADDR_L9,165,10,4,0,0
candADDR_L9,165,11,4,0,0
candADDR_L9,165,12,4,0,0
candADDR_L9,165,13,4,0,0
candADDR_L9,165,14,4,0,0
candADDR_L9,165,15,4,0,0
candADDR_L9,165,16,4,0,0
candADDR_L9,165,17,4,0,0
candADDR_L9,165,18,4,0,0
candADDR_L9,165,19,4,0,0
candADDR_L9,165,20,4,0,0
candADDR_L9,166,1,1,0,0
candADDR_L9,166,2,1,0,0
candADDR_L9,166,3,1,0,0
candADDR_L9,166,4,1,0,0
candADDR_L9,166,5,1,0,0
candADDR_L9,166,6,1,0,0
candADDR_L9,166,7,1,0,0
candADDR_L9,166,8,1,0,0
candADDR_L9,166,9,1,0,0
candADDR_L9,166,10,1,0,0
candADDR_L9,166,11,1,0,0
candADDR_L9,166,12,1,0,0
candADDR_L9,166,13,1,0,0
candADDR_L9,166,14,1,0,0
candADDR_L9,166,15,1,0,0
candADDR_L9,166,16,1,0,0
candADDR_L9,166,17,1,0,0
candADDR_L9,166,18,1,0,0
candADDR_L9,166,19,1,0,0
candADDR_L9,166,20,1,0,0
candADDR_L9,167,1,1,0,0
candADDR_L9,167,2,1,0,0
candADDR_L9,167,3,1,0,0
candADDR_L9,167,4,1,0,0
candADDR_L9,167,5,1,0,0
candADDR_L9,167,6,1,0,0
candADDR_L9,167,7,1,0,0
candADDR_L9,167,8,1,0,0
candADDR_L9,167,9,1,0,0
candADDR_L9,167,10,1,0,0
candADDR_L9,167,11,1,0,0
candADDR_L9,167,12,1,0,0
candADDR_L9,167,13,1,0,0
candADDR_L9,167,14,1,0,0
candADDR_L9,167,15,1,0,0
candADDR_L9,167,16,1,0,0
candADDR_L9,167,17,1,0,0
candADDR_L9,167,18,1,0,0
candADDR_L9,167,19,1,0,0
candADDR_L9,167,20,1,0,0
candADDR_L9,168,1,1,0,0
candADDR_L9,168,2,4,3,0
candADDR_L9,168,3,4,0,0
candADDR_L9,168,4,4,0,0
candADDR_L9,168,5,4,0,0
candADDR_L9,168,6,4,0,0
candADDR_L9,168,7,4,0,0
candADDR_L9,168,8,4,0,0
candADDR_L9,168,9,4,0,0
candADDR_L9,168,10,4,0,0
candADDR_L9,168,11,4,0,0
candADDR_L9,168,12,4,0,0
candADDR_L9,168,13,4,0,0
candADDR_L9,168,14,4,0,0
candADDR_L9,168,15,4,0,0
candADDR_L9,168,16,4,0,0
candADDR_L9,168,17,4,0,0
candADDR_L9,168,18,4,0,0
candADDR_L9,168,19,4,0,0
candADDR_L9,168,20,4,0,0
candADDR_L9,169,1,1,0,0
candADDR_L9,169,2,1,0,0
candADDR_L9,169,3,1,0,0
candADDR_L9,169,4,1,0,0
candADDR_L9,169,5,1,0,0
candADDR_L9,169,6,1,0,0
candADDR_L9,169,7,1,0,0
candADDR_L9,169,8,1,0,0
candADDR_L9,169,9,1,0,0
candADDR_L9,169,10,1,0,0
candADDR_L9,169,11,1,0,0
candADDR_L9,169,12,1,0,0
candADDR_L9,169,13,1,0,0
candADDR_L9,169,14,1,0,0
candADDR_L9,169,15,1,0,0
candADDR_L9,169,16,1,0,0
candADDR_L9,169,17,1,0,0
candADDR_L9,169,18,1,0,0
candADDR_L9,169,19,1,0,0
candADDR_L9,169,20,1,0,0
candADDR_L9,170,1,1,0,0
candADDR_L9,170,2,1,0,0
candADDR_L9,170,3,1,0,0
candADDR_L9,170,4,1,0,0
candADDR_L9,170,5,1,0,0
candADDR_L9,170,6,1,0,0
candADDR_L9,170,7,1,0,0
candADDR_L9,170,8,1,0,0
candADDR_L9,170,9,1,0,0
candADDR_L9,170,10,1,0,0
candADDR_L9,170,11,1,0,0
candADDR_L9,170,12,1,0,0
candADDR_L9,170,13,1,0,0
candADDR_L9,170,14,1,0,0
candADDR_L9,170,15,1,0,0
candADDR_L9,170,16,1,0,0
candADDR_L9,170,17,1,0,0
candADDR_L9,170,18,1,0,0
candADDR_L9,170,19,1,0,0
candADDR_L9,170,20,1,0,0
candADDR_L9,171,1,1,0,0
candADDR_L9,171,2,4,3,0
candADDR_L9,171,3,4,0,0
candADDR_L9,171,4,4,0,0
candADDR_L9,171,5,4,0,0
candADDR_L9,171,6,4,0,0
candADDR_L9,171,7,4,0,0
candADDR_L9,171,8,4,0,0
candADDR_L9,171,9,4,0,0
candADDR_L9,171,10,4,0,0
candADDR_L9,171,11,4,0,0
candADDR_L9,171,12,4,0,0
candADDR_L9,171,13,4,0,0
candADDR_L9,171,14,4,0,0
candADDR_L9,171,15,4,0,0
candADDR_L9,171,16,4,0,0
candADDR_L9,171,17,4,0,0
candADDR_L9,171,18,4,0,0
candADDR_L9,171,19,4,0,0
candADDR_L9,171,20,4,0,0
candADDR_L9,172,1,1,0,0
candADDR_L9,172,2,1,0,0
candADDR_L9,172,3,1,0,0
candADDR_L9,172,4,1,0,0
candADDR_L9,172,5,1,0,0
candADDR_L9,172,6,1,0,0
candADDR_L9,172,7,1,0,0
candADDR_L9,172,8,1,0,0
candADDR_L9,172,9,1,0,0
candADDR_L9,172,10,1,0,0
candADDR_L9,172,11,1,0,0
candADDR_L9,172,12,1,0,0
candADDR_L9,172,13,1,0,0
candADDR_L9,172,14,1,0,0
candADDR_L9,172,15,1,0,0
candADDR_L9,172,16,1,0,0
candADDR_L9,172,17,1,0,0
candADDR_L9,172,18,1,0,0
candADDR_L9,172,19,1,0,0
candADDR_L9,172,20,1,0,0
candADDR_L9,173,1,1,0,0
candADDR_L9,173,2,1,0,0
candADDR_L9,173,3,1,0,0
candADDR_L9,173,4,1,0,0
candADDR_L9,173,5,1,0,0
candADDR_L9,173,6,1,0,0
candADDR_L9,173,7,1,0,0
candADDR_L9,173,8,1,0,0
candADDR_L9,173,9,1,0,0
candADDR_L9,173,10,1,0,0
candADDR_L9,173,11,1,0,0
candADDR_L9,173,12,1,0,0
candADDR_L9,173,13,1,0,0
candADDR_L9,173,14,1,0,0
candADDR_L9,173,15,1,0,0
candADDR_L9,173,16,1,0,0
candADDR_L9,173,17,1,0,0
candADDR_L9,173,18,1,0,0
candADDR_L9,173,19,1,0,0
candADDR_L9,173,20,1,0,0
candADDR_L9,174,1,1,0,0
candADDR_L9,174,2,4,3,0
candADDR_L9,174,3,4,0,0
candADDR_L9,174,4,4,0,0
candADDR_L9,174,5,4,0,0
candADDR_L9,174,6,4,0,0
candADDR_L9,174,7,4,0,0
candADDR_L9,174,8,4,0,0
candADDR_L9,174,9,4,0,0
candADDR_L9,174,10,4,0,0
candADDR_L9,174,11,4,0,0
candADDR_L9,174,12,4,0,0
candADDR_L9,174,13,4,0,0
candADDR_L9,174,14,4,0,0
candADDR_L9,174,15,4,0,0
candADDR_L9,174,16,4,0,0
candADDR_L9,174,17,4,0,0
candADDR_L9,174,18,4,0,0
candADDR_L9,174,19,4,0,0
candADDR_L9,174,20,4,0,0
candADDR_L9,175,1,1,0,0
candADDR_L9,175,2,1,0,0
candADDR_L9,175,3,1,0,0
candADDR_L9,175,4,1,0,0
candADDR_L9,175,5,1,0,0
candADDR_L9,175,6,1,0,0
candADDR_L9,175,7,1,0,0
candADDR_L9,175,8,1,0,0
candADDR_L9,175,9,1,0,0
candADDR_L9,175,10,1,0,0
candADDR_L9,175,11,1,0,0
candADDR_L9,175,12,1,0,0
candADDR_L9,175,13,1,0,0
candADDR_L9,175,14,1,0,0
candADDR_L9,175,15,1,0,0
candADDR_L9,175,16,1,0,0
candADDR_L9,175,17,1,0,0
candADDR_L9,175,18,1,0,0
candADDR_L9,175,19,1,0,0
candADDR_L9,175,20,1,0,0
candADDR_L9,176,1,1,0,0
candADDR_L9,176,2,1,0,0
candADDR_L9,176,3,1,0,0
candADDR_L9,176,4,1,0,0
candADDR_L9,176,5,1,0,0
candADDR_L9,176,6,1,0,0
candADDR_L9,176,7,1,0,0
candADDR_L9,176,8,1,0,0
candADDR_L9,176,9,1,0,0
candADDR_L9,176,10,1,0,0
candADDR_L9,176,11,1,0,0
candADDR_L9,176,12,1,0,0
candADDR_L9,176,13,1,0,0
candADDR_L9,176,14,1,0,0
candADDR_L9,176,15,1,0,0
candADDR_L9,176,16,1,0,0
candADDR_L9,176,17,1,0,0
candADDR_L9,176,18,1,0,0
candADDR_L9,176,19,1,0,0
candADDR_L9,176,20,1,0,0
candADDR_L9,177,1,1,0,0
candADDR_L9,177,2,4,3,0
candADDR_L9,177,3,4,0,0
candADDR_L9,177,4,4,0,0
candADDR_L9,177,5,4,0,0
candADDR_L9,177,6,4,0,0
candADDR_L9,177,7,4,0,0
candADDR_L9,177,8,4,0,0
candADDR_L9,177,9,4,0,0
candADDR_L9,177,10,4,0,0
candADDR_L9,177,11,4,0,0
candADDR_L9,177,12,4,0,0
candADDR_L9,177,13,4,0,0
candADDR_L9,177,14,4,0,0
candADDR_L9,177,15,4,0,0
candADDR_L9,177,16,4,0,0
candADDR_L9,177,17,4,0,0
candADDR_L9,177,18,4,0,0
candADDR_L9,177,19,4,0,0
candADDR_L9,177,20,4,0,0
candADDR_L9,178,1,1,0,0
candADDR_L9,178,2,1,0,0
candADDR_L9,178,3,1,0,0
candADDR_L9,178,4,1,0,0
candADDR_L9,178,5,1,0,0
candADDR_L9,178,6,1,0,0
candADDR_L9,178,7,1,0,0
candADDR_L9,178,8,1,0,0
candADDR_L9,178,9,1,0,0
candADDR_L9,178,10,1,0,0
candADDR_L9,178,11,1,0,0
candADDR_L9,178,12,1,0,0
candADDR_L9,178,13,1,0,0
candADDR_L9,178,14,1,0,0
candADDR_L9,178,15,1,0,0
candADDR_L9,178,16,1,0,0
candADDR_L9,178,17,1,0,0
candADDR_L9,178,18,1,0,0
candADDR_L9,178,19,1,0,0
candADDR_L9,178,20,1,0,0
candADDR_L9,179,1,1,0,0
candADDR_L9,179,2,1,0,0
candADDR_L9,179,3,1,0,0
candADDR_L9,179,4,1,0,0
candADDR_L9,179,5,1,0,0
candADDR_L9,179,6,1,0,0
candADDR_L9,179,7,1,0,0
candADDR_L9,179,8,1,0,0
candADDR_L9,179,9,1,0,0
candADDR_L9,179,10,1,0,0
candADDR_L9,179,11,1,0,0
candADDR_L9,179,12,1,0,0
candADDR_L9,179,13,1,0,0
candADDR_L9,179,14,1,0,0
candADDR_L9,179,15,1,0,0
candADDR_L9,179,16,1,0,0
candADDR_L9,179,17,1,0,0
candADDR_L9,179,18,1,0,0
candADDR_L9,179,19,1,0,0
candADDR_L9,179,20,1,0,0
candADDR_L9,180,1,1,0,0
candADDR_L9,180,2,4,3,0
candADDR_L9,180,3,4,0,0
candADDR_L9,180,4,4,0,0
candADDR_L9,180,5,4,0,0
candADDR_L9,180,6,4,0,0
candADDR_L9,180,7,4,0,0
candADDR_L9,180,8,4,0,0
candADDR_L9,180,9,4,0,0
candADDR_L9,180,10,4,0,0
candADDR_L9,180,11,4,0,0
candADDR_L9,180,12,4,0,0
candADDR_L9,180,13,4,0,0
candADDR_L9,180,14,4,0,0
candADDR_L9,180,15,4,0,0
candADDR_L9,180,16,4,0,0
candADDR_L9,180,17,4,0,0
candADDR_L9,180,18,4,0,0
candADDR_L9,180,19,4,0,0
candADDR_L9,180,20,4,0,0
candADDR_L9,181,1,1,0,0
candADDR_L9,181,2,1,0,0
candADDR_L9,181,3,1,0,0
candADDR_L9,181,4,1,0,0
candADDR_L9,181,5,1,0,0
candADDR_L9,181,6,1,0,0
candADDR_L9,181,7,1,0,0
candADDR_L9,181,8,1,0,0
candADDR_L9,181,9,1,0,0
candADDR_L9,181,10,1,0,0
candADDR_L9,181,11,1,0,0
candADDR_L9,181,12,1,0,0
candADDR_L9,181,13,1,0,0
candADDR_L9,181,14,1,0,0
candADDR_L9,181,15,1,0,0
candADDR_L9,181,16,1,0,0
candADDR_L9,181,17,1,0,0
candADDR_L9,181,18,1,0,0
candADDR_L9,181,19,1,0,0
candADDR_L9,181,20,1,0,0
candADDR_L9,182,1,1,0,0
candADDR_L9,182,2,1,0,0
candADDR_L9,182,3,1,0,0
candADDR_L9,182,4,1,0,0
candADDR_L9,182,5,1,0,0
candADDR_L9,182,6,1,0,0
candADDR_L9,182,7,1,0,0
candADDR_L9,182,8,1,0,0
candADDR_L9,182,9,1,0,0
candADDR_L9,182,10,1,0,0
candADDR_L9,182,11,1,0,0
candADDR_L9,182,12,1,0,0
candADDR_L9,182,13,1,0,0
candADDR_L9,182,14,1,0,0
candADDR_L9,182,15,1,0,0
candADDR_L9,182,16,1,0,0
candADDR_L9,182,17,1,0,0
candADDR_L9,182,18,1,0,0
candADDR_L9,182,19,1,0,0
candADDR_L9,182,20,1,0,0
candADDR_L9,183,1,1,0,0
candADDR_L9,183,2,4,3,0
candADDR_L9,183,3,4,0,0
candADDR_L9,183,4,4,0,0
candADDR_L9,183,5,4,0,0
candADDR_L9,183,6,4,0,0
candADDR_L9,183,7,4,0,0
candADDR_L9,183,8,4,0,0
candADDR_L9,183,9,4,0,0
candADDR_L9,183,10,4,0,0
candADDR_L9,183,11,4,0,0
candADDR_L9,183,12,4,0,0
candADDR_L9,183,13,4,0,0
candADDR_L9,183,14,4,0,0
candADDR_L9,183,15,4,0,0
candADDR_L9,183,16,4,0,0
candADDR_L9,183,17,4,0,0
candADDR_L9,183,18,4,0,0
candADDR_L9,183,19,4,0,0
candADDR_L9,183,20,4,0,0
candADDR_L9,184,1,1,0,0
candADDR_L9,184,2,1,0,0
candADDR_L9,184,3,1,0,0
candADDR_L9,184,4,1,0,0
candADDR_L9,184,5,1,0,0
candADDR_L9,184,6,1,0,0
candADDR_L9,184,7,1,0,0
candADDR_L9,184,8,1,0,0
candADDR_L9,184,9,1,0,0
candADDR_L9,184,10,1,0,0
candADDR_L9,184,11,1,0,0
candADDR_L9,184,12,1,0,0
candADDR_L9,184,13,1,0,0
candADDR_L9,184,14,1,0,0
candADDR_L9,184,15,1,0,0
candADDR_L9,184,16,1,0,0
candADDR_L9,184,17,1,0,0
candADDR_L9,184,18,1,0,0
candADDR_L9,184,19,1,0,0
candADDR_L9,184,20,1,0,0
candADDR_L9,185,1,1,0,0
candADDR_L9,185,2,1,0,0
candADDR_L9,185,3,1,0,0
candADDR_L9,185,4,1,0,0
candADDR_L9,185,5,1,0,0
candADDR_L9,185,6,1,0,0
candADDR_L9,185,7,1,0,0
candADDR_L9,185,8,1,0,0
candADDR_L9,185,9,1,0,0
candADDR_L9,185,10,1,0,0
candADDR_L9,185,11,1,0,0
candADDR_L9,185,12,1,0,0
candADDR_L9,185,13,1,0,0
candADDR_L9,185,14,1,0,0
candADDR_L9,185,15,1,0,0
candADDR_L9,185,16,1,0,0
candADDR_L9,185,17,1,0,0
candADDR_L9,185,18,1,0,0
candADDR_L9,185,19,1,0,0
candADDR_L9,185,20,1,0,0
candADDR_L9,186,1,1,0,0
candADDR_L9,186,2,4,3,0
candADDR_L9,186,3,4,0,0
candADDR_L9,186,4,4,0,0
candADDR_L9,186,5,4,0,0
candADDR_L9,186,6,4,0,0
candADDR_L9,186,7,4,0,0
candADDR_L9,186,8,4,0,0
candADDR_L9,186,9,4,0,0
candADDR_L9,186,10,4,0,0
candADDR_L9,186,11,4,0,0
candADDR_L9,186,12,4,0,0
candADDR_L9,186,13,4,0,0
candADDR_L9,186,14,4,0,0
candADDR_L9,186,15,4,0,0
candADDR_L9,186,16,4,0,0
candADDR_L9,186,17,4,0,0
candADDR_L9,186,18,4,0,0
candADDR_L9,186,19,4,0,0
candADDR_L9,186,20,4,0,0
candADDR_L9,187,1,1,0,0
candADDR_L9,187,2,1,0,0
candADDR_L9,187,3,1,0,0
candADDR_L9,187,4,1,0,0
candADDR_L9,187,5,1,0,0
candADDR_L9,187,6,1,0,0
candADDR_L9,187,7,1,0,0
candADDR_L9,187,8,1,0,0
candADDR_L9,187,9,1,0,0
candADDR_L9,187,10,1,0,0
candADDR_L9,187,11,1,0,0
candADDR_L9,187,12,1,0,0
candADDR_L9,187,13,1,0,0
candADDR_L9,187,14,1,0,0
candADDR_L9,187,15,1,0,0
candADDR_L9,187,16,1,0,0
candADDR_L9,187,17,1,0,0
candADDR_L9,187,18,1,0,0
candADDR_L9,187,19,1,0,0
candADDR_L9,187,20,1,0,0
candADDR_L9,188,1,1,0,0
candADDR_L9,188,2,1,0,0
candADDR_L9,188,3,1,0,0
candADDR_L9,188,4,1,0,0
candADDR_L9,188,5,1,0,0
candADDR_L9,188,6,1,0,0
candADDR_L9,188,7,1,0,0
candADDR_L9,188,8,1,0,0
candADDR_L9,188,9,1,0,0
candADDR_L9,188,10,1,0,0
candADDR_L9,188,11,1,0,0
candADDR_L9,188,12,1,0,0
candADDR_L9,188,13,1,0,0
candADDR_L9,188,14,1,0,0
candADDR_L9,188,15,1,0,0
candADDR_L9,188,16,1,0,0
candADDR_L9,188,17,1,0,0
candADDR_L9,188,18,1,0,0
candADDR_L9,188,19,1,0,0
candADDR_L9,188,20,1,0,0
candADDR_L9,189,1,1,0,0
candADDR_L9,189,2,4,3,0
candADDR_L9,189,3,4,0,0
candADDR_L9,189,4,4,0,0
candADDR_L9,189,5,4,0,0
candADDR_L9,189,6,4,0,0
candADDR_L9,189,7,4,0,0
candADDR_L9,189,8,4,0,0
candADDR_L9,189,9,4,0,0
candADDR_L9,189,10,4,0,0
candADDR_L9,189,11,4,0,0
candADDR_L9,189,12,4,0,0
candADDR_L9,189,13,4,0,0
candADDR_L9,189,14,4,0,0
candADDR_L9,189,15,4,0,0
candADDR_L9,189,16,4,0,0
candADDR_L9,189,17,4,0,0
candADDR_L9,189,18,4,0,0
candADDR_L9,189,19,4,0,0
candADDR_L9,189,20,4,0,0
candADDR_L9,190,1,1,0,0
candADDR_L9,190,2,1,0,0
candADDR_L9,190,3,1,0,0
candADDR_L9,190,4,1,0,0
candADDR_L9,190,5,1,0,0
candADDR_L9,190,6,1,0,0
candADDR_L9,190,7,1,0,0
candADDR_L9,190,8,1,0,0
candADDR_L9,190,9,1,0,0
candADDR_L9,190,10,1,0,0
candADDR_L9,190,11,1,0,0
candADDR_L9,190,12,1,0,0
candADDR_L9,190,13,1,0,0
candADDR_L9,190,14,1,0,0
candADDR_L9,190,15,1,0,0
candADDR_L9,190,16,1,0,0
candADDR_L9,190,17,1,0,0
candADDR_L9,190,18,1,0,0
candADDR_L9,190,19,1,0,0
candADDR_L9,190,20,1,0,0
candADDR_L9,191,1,1,0,0
candADDR_L9,191,2,1,0,0
candADDR_L9,191,3,1,0,0
candADDR_L9,191,4,1,0,0
candADDR_L9,191,5,1,0,0
candADDR_L9,191,6,1,0,0
candADDR_L9,191,7,1,0,0
candADDR_L9,191,8,1,0,0
candADDR_L9,191,9,1,0,0
candADDR_L9,191,10,1,0,0
candADDR_L9,191,11,1,0,0
candADDR_L9,191,12,1,0,0
candADDR_L9,191,13,1,0,0
candADDR_L9,191,14,1,0,0
candADDR_L9,191,15,1,0,0
candADDR_L9,191,16,1,0,0
candADDR_L9,191,17,1,0,0
candADDR_L9,191,18,1,0,0
candADDR_L9,191,19,1,0,0
candADDR_L9,191,20,1,0,0
candADDR_L9,192,1,1,0,0
candADDR_L9,192,2,4,3,0
candADDR_L9,192,3,4,0,0
candADDR_L9,192,4,4,0,0
candADDR_L9,192,5,4,0,0
candADDR_L9,192,6,4,0,0
candADDR_L9,192,7,4,0,0
candADDR_L9,192,8,4,0,0
candADDR_L9,192,9,4,0,0
candADDR_L9,192,10,4,0,0
candADDR_L9,192,11,4,0,0
candADDR_L9,192,12,4,0,0
candADDR_L9,192,13,4,0,0
candADDR_L9,192,14,4,0,0
candADDR_L9,192,15,4,0,0
candADDR_L9,192,16,4,0,0
candADDR_L9,192,17,4,0,0
candADDR_L9,192,18,4,0,0
candADDR_L9,192,19,4,0,0
candADDR_L9,192,20,4,0,0
candADDR_L9,193,1,1,0,0
candADDR_L9,193,2,1,0,0
candADDR_L9,193,3,1,0,0
candADDR_L9,193,4,1,0,0
candADDR_L9,193,5,1,0,0
candADDR_L9,193,6,1,0,0
candADDR_L9,193,7,1,0,0
candADDR_L9,193,8,1,0,0
candADDR_L9,193,9,1,0,0
candADDR_L9,193,10,1,0,0
candADDR_L9,193,11,1,0,0
candADDR_L9,193,12,1,0,0
candADDR_L9,193,13,1,0,0
candADDR_L9,193,14,1,0,0
candADDR_L9,193,15,1,0,0
candADDR_L9,193,16,1,0,0
candADDR_L9,193,17,1,0,0
candADDR_L9,193,18,1,0,0
candADDR_L9,193,19,1,0,0
candADDR_L9,193,20,1,0,0
candADDR_L9,194,1,1,0,0
candADDR_L9,194,2,1,0,0
candADDR_L9,194,3,1,0,0
candADDR_L9,194,4,1,0,0
candADDR_L9,194,5,1,0,0
candADDR_L9,194,6,1,0,0
candADDR_L9,194,7,1,0,0
candADDR_L9,194,8,1,0,0
candADDR_L9,194,9,1,0,0
candADDR_L9,194,10,1,0,0
candADDR_L9,194,11,1,0,0
candADDR_L9,194,12,1,0,0
candADDR_L9,194,13,1,0,0
candADDR_L9,194,14,1,0,0
candADDR_L9,194,15,1,0,0
candADDR_L9,194,16,1,0,0
candADDR_L9,194,17,1,0,0
candADDR_L9,194,18,1,0,0
candADDR_L9,194,19,1,0,0
candADDR_L9,194,20,1,0,0
candADDR_L9,195,1,1,0,0
candADDR_L9,195,2,4,3,0
candADDR_L9,195,3,4,0,0
candADDR_L9,195,4,4,0,0
candADDR_L9,195,5,4,0,0
candADDR_L9,195,6,4,0,0
candADDR_L9,195,7,4,0,0
candADDR_L9,195,8,4,0,0
candADDR_L9,195,9,4,0,0
candADDR_L9,195,10,4,0,0
candADDR_L9,195,11,4,0,0
candADDR_L9,195,12,4,0,0
candADDR_L9,195,13,4,0,0
candADDR_L9,195,14,4,0,0
candADDR_L9,195,15,4,0,0
candADDR_L9,195,16,4,0,0
candADDR_L9,195,17,4,0,0
candADDR_L9,195,18,4,0,0
candADDR_L9,195,19,4,0,0
candADDR_L9,195,20,4,0,0
candADDR_L9,196,1,1,0,0
candADDR_L9,196,2,1,0,0
candADDR_L9,196,3,1,0,0
candADDR_L9,196,4,1,0,0
candADDR_L9,196,5,1,0,0
candADDR_L9,196,6,1,0,0
candADDR_L9,196,7,1,0,0
candADDR_L9,196,8,1,0,0
candADDR_L9,196,9,1,0,0
candADDR_L9,196,10,1,0,0
candADDR_L9,196,11,1,0,0
candADDR_L9,196,12,1,0,0
candADDR_L9,196,13,1,0,0
candADDR_L9,196,14,1,0,0
candADDR_L9,196,15,1,0,0
candADDR_L9,196,16,1,0,0
candADDR_L9,196,17,1,0,0
candADDR_L9,196,18,1,0,0
candADDR_L9,196,19,1,0,0
candADDR_L9,196,20,1,0,0
candADDR_L9,197,1,1,0,0
candADDR_L9,197,2,1,0,0
candADDR_L9,197,3,1,0,0
candADDR_L9,197,4,1,0,0
candADDR_L9,197,5,1,0,0
candADDR_L9,197,6,1,0,0
candADDR_L9,197,7,1,0,0
candADDR_L9,197,8,1,0,0
candADDR_L9,197,9,1,0,0
candADDR_L9,197,10,1,0,0
candADDR_L9,197,11,1,0,0
candADDR_L9,197,12,1,0,0
candADDR_L9,197,13,1,0,0
candADDR_L9,197,14,1,0,0
candADDR_L9,197,15,1,0,0
candADDR_L9,197,16,1,0,0
candADDR_L9,197,17,1,0,0
candADDR_L9,197,18,1,0,0
candADDR_L9,197,19,1,0,0
candADDR_L9,197,20,1,0,0
candADDR_L9,198,1,1,0,0
candADDR_L9,198,2,4,3,0
candADDR_L9,198,3,4,0,0
candADDR_L9,198,4,4,0,0
candADDR_L9,198,5,4,0,0
candADDR_L9,198,6,4,0,0
candADDR_L9,198,7,4,0,0
candADDR_L9,198,8,4,0,0
candADDR_L9,198,9,4,0,0
candADDR_L9,198,10,4,0,0
candADDR_L9,198,11,4,0,0
candADDR_L9,198,12,4,0,0
candADDR_L9,198,13,4,0,0
candADDR_L9,198,14,4,0,0
candADDR_L9,198,15,4,0,0
candADDR_L9,198,16,4,0,0
candADDR_L9,198,17,4,0,0
candADDR_L9,198,18,4,0,0
candADDR_L9,198,19,4,0,0
candADDR_L9,198,20,4,0,0
candADDR_L9,199,1,1,0,0
candADDR_L9,199,2,1,0,0
candADDR_L9,199,3,1,0,0
candADDR_L9,199,4,1,0,0
candADDR_L9,199,5,1,0,0
candADDR_L9,199,6,1,0,0
candADDR_L9,199,7,1,0,0
candADDR_L9,199,8,1,0,0
candADDR_L9,199,9,1,0,0
candADDR_L9,199,10,1,0,0
candADDR_L9,199,11,1,0,0
candADDR_L9,199,12,1,0,0
candADDR_L9,199,13,1,0,0
candADDR_L9,199,14,1,0,0
candADDR_L9,199,15,1,0,0
candADDR_L9,199,16,1,0,0
candADDR_L9,199,17,1,0,0
candADDR_L9,199,18,1,0,0
candADDR_L9,199,19,1,0,0
candADDR_L9,199,20,1,0,0
candADDR_L9,200,1,1,0,0
candADDR_L9,200,2,1,0,0
candADDR_L9,200,3,1,0,0
candADDR_L9,200,4,1,0,0
candADDR_L9,200,5,1,0,0
candADDR_L9,200,6,1,0,0
candADDR_L9,200,7,1,0,0
candADDR_L9,200,8,1,0,0
candADDR_L9,200,9,1,0,0
candADDR_L9,200,10,1,0,0
candADDR_L9,200,11,1,0,0
candADDR_L9,200,12,1,0,0
candADDR_L9,200,13,1,0,0
candADDR_L9,200,14,1,0,0
candADDR_L9,200,15,1,0,0
candADDR_L9,200,16,1,0,0
candADDR_L9,200,17,1,0,0
candADDR_L9,200,18,1,0,0
candADDR_L9,200,19,1,0,0
candADDR_L9,200,20,1,0,0
candADDR_L9,201,1,1,0,0
candADDR_L9,201,2,4,3,0
candADDR_L9,201,3,4,0,0
candADDR_L9,201,4,4,0,0
candADDR_L9,201,5,4,0,0
candADDR_L9,201,6,4,0,0
candADDR_L9,201,7,4,0,0
candADDR_L9,201,8,4,0,0
candADDR_L9,201,9,4,0,0
candADDR_L9,201,10,4,0,0
candADDR_L9,201,11,4,0,0
candADDR_L9,201,12,4,0,0
candADDR_L9,201,13,4,0,0
candADDR_L9,201,14,4,0,0
candADDR_L9,201,15,4,0,0
candADDR_L9,201,16,4,0,0
candADDR_L9,201,17,4,0,0
candADDR_L9,201,18,4,0,0
candADDR_L9,201,19,4,0,0
candADDR_L9,201,20,4,0,0
candADDR_L9,202,1,1,0,0
candADDR_L9,202,2,1,0,0
candADDR_L9,202,3,1,0,0
candADDR_L9,202,4,1,0,0
candADDR_L9,202,5,1,0,0
candADDR_L9,202,6,1,0,0
candADDR_L9,202,7,1,0,0
candADDR_L9,202,8,1,0,0
candADDR_L9,202,9,1,0,0
candADDR_L9,202,10,1,0,0
candADDR_L9,202,11,1,0,0
candADDR_L9,202,12,1,0,0
candADDR_L9,202,13,1,0,0
candADDR_L9,202,14,1,0,0
candADDR_L9,202,15,1,0,0
candADDR_L9,202,16,1,0,0
candADDR_L9,202,17,1,0,0
candADDR_L9,202,18,1,0,0
candADDR_L9,202,19,1,0,0
candADDR_L9,202,20,1,0,0
candADDR_L9,203,1,1,0,0
candADDR_L9,203,2,1,0,0
candADDR_L9,203,3,1,0,0
candADDR_L9,203,4,1,0,0
candADDR_L9,203,5,1,0,0
candADDR_L9,203,6,1,0,0
candADDR_L9,203,7,1,0,0
candADDR_L9,203,8,1,0,0
candADDR_L9,203,9,1,0,0
candADDR_L9,203,10,1,0,0
candADDR_L9,203,11,1,0,0
candADDR_L9,203,12,1,0,0
candADDR_L9,203,13,1,0,0
candADDR_L9,203,14,1,0,0
candADDR_L9,203,15,1,0,0
candADDR_L9,203,16,1,0,0
candADDR_L9,203,17,1,0,0
candADDR_L9,203,18,1,0,0
candADDR_L9,203,19,1,0,0
candADDR_L9,203,20,1,0,0
candADDR_L9,204,1,1,0,0
candADDR_L9,204,2,4,3,0
candADDR_L9,204,3,4,0,0
candADDR_L9,204,4,4,0,0
candADDR_L9,204,5,4,0,0
candADDR_L9,204,6,4,0,0
candADDR_L9,204,7,4,0,0
candADDR_L9,204,8,4,0,0
candADDR_L9,204,9,4,0,0
candADDR_L9,204,10,4,0,0
candADDR_L9,204,11,4,0,0
candADDR_L9,204,12,4,0,0
candADDR_L9,204,13,4,0,0
candADDR_L9,204,14,4,0,0
candADDR_L9,204,15,4,0,0
candADDR_L9,204,16,4,0,0
candADDR_L9,204,17,4,0,0
candADDR_L9,204,18,4,0,0
candADDR_L9,204,19,4,0,0
candADDR_L9,204,20,4,0,0
candADDR_L9,205,1,1,0,0
candADDR_L9,205,2,1,0,0
candADDR_L9,205,3,1,0,0
candADDR_L9,205,4,1,0,0
candADDR_L9,205,5,1,0,0
candADDR_L9,205,6,1,0,0
candADDR_L9,205,7,1,0,0
candADDR_L9,205,8,1,0,0
candADDR_L9,205,9,1,0,0
candADDR_L9,205,10,1,0,0
candADDR_L9,205,11,1,0,0
candADDR_L9,205,12,1,0,0
candADDR_L9,205,13,1,0,0
candADDR_L9,205,14,1,0,0
candADDR_L9,205,15,1,0,0
candADDR_L9,205,16,1,0,0
candADDR_L9,205,17,1,0,0
candADDR_L9,205,18,1,0,0
candADDR_L9,205,19,1,0,0
candADDR_L9,205,20,1,0,0
candADDR_L9,206,1,1,0,0
candADDR_L9,206,2,1,0,0
candADDR_L9,206,3,1,0,0
candADDR_L9,206,4,1,0,0
candADDR_L9,206,5,1,0,0
candADDR_L9,206,6,1,0,0
candADDR_L9,206,7,1,0,0
candADDR_L9,206,8,1,0,0
candADDR_L9,206,9,1,0,0
candADDR_L9,206,10,1,0,0
candADDR_L9,206,11,1,0,0
candADDR_L9,206,12,1,0,0
candADDR_L9,206,13,1,0,0
candADDR_L9,206,14,1,0,0
candADDR_L9,206,15,1,0,0
candADDR_L9,206,16,1,0,0
candADDR_L9,206,17,1,0,0
candADDR_L9,206,18,1,0,0
candADDR_L9,206,19,1,0,0
candADDR_L9,206,20,1,0,0
candADDR_L9,207,1,1,0,0
candADDR_L9,207,2,4,3,0
candADDR_L9,207,3,4,0,0
candADDR_L9,207,4,4,0,0
candADDR_L9,207,5,4,0,0
candADDR_L9,207,6,4,0,0
candADDR_L9,207,7,4,0,0
candADDR_L9,207,8,4,0,0
candADDR_L9,207,9,4,0,0
candADDR_L9,207,10,4,0,0
candADDR_L9,207,11,4,0,0
candADDR_L9,207,12,4,0,0
candADDR_L9,207,13,4,0,0
candADDR_L9,207,14,4,0,0
candADDR_L9,207,15,4,0,0
candADDR_L9,207,16,4,0,0
candADDR_L9,207,17,4,0,0
candADDR_L9,207,18,4,0,0
candADDR_L9,207,19,4,0,0
candADDR_L9,207,20,4,0,0
candADDR_L9,208,1,1,0,0
candADDR_L9,208,2,1,0,0
candADDR_L9,208,3,1,0,0
candADDR_L9,208,4,1,0,0
candADDR_L9,208,5,1,0,0
candADDR_L9,208,6,1,0,0
candADDR_L9,208,7,1,0,0
candADDR_L9,208,8,1,0,0
candADDR_L9,208,9,1,0,0
candADDR_L9,208,10,1,0,0
candADDR_L9,208,11,1,0,0
candADDR_L9,208,12,1,0,0
candADDR_L9,208,13,1,0,0
candADDR_L9,208,14,1,0,0
candADDR_L9,208,15,1,0,0
candADDR_L9,208,16,1,0,0
candADDR_L9,208,17,1,0,0
candADDR_L9,208,18,1,0,0
candADDR_L9,208,19,1,0,0
candADDR_L9,208,20,1,0,0
candADDR_L9,209,1,1,0,0
candADDR_L9,209,2,1,0,0
candADDR_L9,209,3,1,0,0
candADDR_L9,209,4,1,0,0
candADDR_L9,209,5,1,0,0
candADDR_L9,209,6,1,0,0
candADDR_L9,209,7,1,0,0
candADDR_L9,209,8,1,0,0
candADDR_L9,209,9,1,0,0
candADDR_L9,209,10,1,0,0
candADDR_L9,209,11,1,0,0
candADDR_L9,209,12,1,0,0
candADDR_L9,209,13,1,0,0
candADDR_L9,209,14,1,0,0
candADDR_L9,209,15,1,0,0
candADDR_L9,209,16,1,0,0
candADDR_L9,209,17,1,0,0
candADDR_L9,209,18,1,0,0
candADDR_L9,209,19,1,0,0
candADDR_L9,209,20,1,0,0
candADDR_L9,210,1,1,0,0
candADDR_L9,210,2,4,3,0
candADDR_L9,210,3,4,0,0
candADDR_L9,210,4,4,0,0
candADDR_L9,210,5,4,0,0
candADDR_L9,210,6,4,0,0
candADDR_L9,210,7,4,0,0
candADDR_L9,210,8,4,0,0
candADDR_L9,210,9,4,0,0
candADDR_L9,210,10,4,0,0
candADDR_L9,210,11,4,0,0
candADDR_L9,210,12,4,0,0
candADDR_L9,210,13,4,0,0
candADDR_L9,210,14,4,0,0
candADDR_L9,210,15,4,0,0
candADDR_L9,210,16,4,0,0
candADDR_L9,210,17,4,0,0
candADDR_L9,210,18,4,0,0
candADDR_L9,210,19,4,0,0
candADDR_L9,210,20,4,0,0
candADDR_L9,211,1,1,0,0
candADDR_L9,211,2,1,0,0
candADDR_L9,211,3,1,0,0
candADDR_L9,211,4,1,0,0
candADDR_L9,211,5,1,0,0
candADDR_L9,211,6,1,0,0
candADDR_L9,211,7,1,0,0
candADDR_L9,211,8,1,0,0
candADDR_L9,211,9,1,0,0
candADDR_L9,211,10,1,0,0
candADDR_L9,211,11,1,0,0
candADDR_L9,211,12,1,0,0
candADDR_L9,211,13,1,0,0
candADDR_L9,211,14,1,0,0
candADDR_L9,211,15,1,0,0
candADDR_L9,211,16,1,0,0
candADDR_L9,211,17,1,0,0
candADDR_L9,211,18,1,0,0
candADDR_L9,211,19,1,0,0
candADDR_L9,211,20,1,0,0
candADDR_L9,212,1,1,0,0
candADDR_L9,212,2,1,0,0
candADDR_L9,212,3,1,0,0
candADDR_L9,212,4,1,0,0
candADDR_L9,212,5,1,0,0
candADDR_L9,212,6,1,0,0
candADDR_L9,212,7,1,0,0
candADDR_L9,212,8,1,0,0
candADDR_L9,212,9,1,0,0
candADDR_L9,212,10,1,0,0
candADDR_L9,212,11,1,0,0
candADDR_L9,212,12,1,0,0
candADDR_L9,212,13,1,0,0
candADDR_L9,212,14,1,0,0
candADDR_L9,212,15,1,0,0
candADDR_L9,212,16,1,0,0
candADDR_L9,212,17,1,0,0
candADDR_L9,212,18,1,0,0
candADDR_L9,212,19,1,0,0
candADDR_L9,212,20,1,0,0
candADDR_L9,213,1,1,0,0
candADDR_L9,213,2,4,3,0
candADDR_L9,213,3,4,0,0
candADDR_L9,213,4,4,0,0
candADDR_L9,213,5,4,0,0
candADDR_L9,213,6,4,0,0
candADDR_L9,213,7,4,0,0
candADDR_L9,213,8,4,0,0
candADDR_L9,213,9,4,0,0
candADDR_L9,213,10,4,0,0
candADDR_L9,213,11,4,0,0
candADDR_L9,213,12,4,0,0
candADDR_L9,213,13,4,0,0
candADDR_L9,213,14,4,0,0
candADDR_L9,213,15,4,0,0
candADDR_L9,213,16,4,0,0
candADDR_L9,213,17,4,0,0
candADDR_L9,213,18,4,0,0
candADDR_L9,213,19,4,0,0
candADDR_L9,213,20,4,0,0
candADDR_L9,214,1,1,0,0
candADDR_L9,214,2,1,0,0
candADDR_L9,214,3,1,0,0
candADDR_L9,214,4,1,0,0
candADDR_L9,214,5,1,0,0
candADDR_L9,214,6,1,0,0
candADDR_L9,214,7,1,0,0
candADDR_L9,214,8,1,0,0
candADDR_L9,214,9,1,0,0
candADDR_L9,214,10,1,0,0
candADDR_L9,214,11,1,0,0
candADDR_L9,214,12,1,0,0
candADDR_L9,214,13,1,0,0
candADDR_L9,214,14,1,0,0
candADDR_L9,214,15,1,0,0
candADDR_L9,214,16,1,0,0
candADDR_L9,214,17,1,0,0
candADDR_L9,214,18,1,0,0
candADDR_L9,214,19,1,0,0
candADDR_L9,214,20,1,0,0
candADDR_L9,215,1,1,0,0
candADDR_L9,215,2,1,0,0
candADDR_L9,215,3,1,0,0
candADDR_L9,215,4,1,0,0
candADDR_L9,215,5,1,0,0
candADDR_L9,215,6,1,0,0
candADDR_L9,215,7,1,0,0
candADDR_L9,215,8,1,0,0
candADDR_L9,215,9,1,0,0
candADDR_L9,215,10,1,0,0
candADDR_L9,215,11,1,0,0
candADDR_L9,215,12,1,0,0
candADDR_L9,215,13,1,0,0
candADDR_L9,215,14,1,0,0
candADDR_L9,215,15,1,0,0
candADDR_L9,215,16,1,0,0
candADDR_L9,215,17,1,0,0
candADDR_L9,215,18,1,0,0
candADDR_L9,215,19,1,0,0
candADDR_L9,215,20,1,0,0
candADDR_L9,216,1,1,0,0
candADDR_L9,216,2,4,3,0
candADDR_L9,216,3,4,0,0
candADDR_L9,216,4,4,0,0
candADDR_L9,216,5,4,0,0
candADDR_L9,216,6,4,0,0
candADDR_L9,216,7,4,0,0
candADDR_L9,216,8,4,0,0
candADDR_L9,216,9,4,0,0
candADDR_L9,216,10,4,0,0
candADDR_L9,216,11,4,0,0
candADDR_L9,216,12,4,0,0
candADDR_L9,216,13,4,0,0
candADDR_L9,216,14,4,0,0
candADDR_L9,216,15,4,0,0
candADDR_L9,216,16,4,0,0
candADDR_L9,216,17,4,0,0
candADDR_L9,216,18,4,0,0
candADDR_L9,216,19,4,0,0
candADDR_L9,216,20,4,0,0
candADDR_L9,217,1,1,0,0
candADDR_L9,217,2,1,0,0
candADDR_L9,217,3,1,0,0
candADDR_L9,217,4,1,0,0
candADDR_L9,217,5,1,0,0
candADDR_L9,217,6,1,0,0
candADDR_L9,217,7,1,0,0
candADDR_L9,217,8,1,0,0
candADDR_L9,217,9,1,0,0
candADDR_L9,217,10,1,0,0
candADDR_L9,217,11,1,0,0
candADDR_L9,217,12,1,0,0
candADDR_L9,217,13,1,0,0
candADDR_L9,217,14,1,0,0
candADDR_L9,217,15,1,0,0
candADDR_L9,217,16,1,0,0
candADDR_L9,217,17,1,0,0
candADDR_L9,217,18,1,0,0
candADDR_L9,217,19,1,0,0
candADDR_L9,217,20,1,0,0
candADDR_L9,218,1,1,0,0
candADDR_L9,218,2,1,0,0
candADDR_L9,218,3,1,0,0
candADDR_L9,218,4,1,0,0
candADDR_L9,218,5,1,0,0
candADDR_L9,218,6,1,0,0
candADDR_L9,218,7,1,0,0
candADDR_L9,218,8,1,0,0
candADDR_L9,218,9,1,0,0
candADDR_L9,218,10,1,0,0
candADDR_L9,218,11,1,0,0
candADDR_L9,218,12,1,0,0
candADDR_L9,218,13,1,0,0
candADDR_L9,218,14,1,0,0
candADDR_L9,218,15,1,0,0
candADDR_L9,218,16,1,0,0
candADDR_L9,218,17,1,0,0
candADDR_L9,218,18,1,0,0
candADDR_L9,218,19,1,0,0
candADDR_L9,218,20,1,0,0
candADDR_L9,219,1,1,0,0
candADDR_L9,219,2,4,3,0
candADDR_L9,219,3,4,0,0
candADDR_L9,219,4,4,0,0
candADDR_L9,219,5,4,0,0
candADDR_L9,219,6,4,0,0
candADDR_L9,219,7,4,0,0
candADDR_L9,219,8,4,0,0
candADDR_L9,219,9,4,0,0
candADDR_L9,219,10,4,0,0
candADDR_L9,219,11,4,0,0
candADDR_L9,219,12,4,0,0
candADDR_L9,219,13,4,0,0
candADDR_L9,219,14,4,0,0
candADDR_L9,219,15,4,0,0
candADDR_L9,219,16,4,0,0
candADDR_L9,219,17,4,0,0
candADDR_L9,219,18,4,0,0
candADDR_L9,219,19,4,0,0
candADDR_L9,219,20,4,0,0
candADDR_L9,220,1,1,0,0
candADDR_L9,220,2,1,0,0
candADDR_L9,220,3,1,0,0
candADDR_L9,220,4,1,0,0
candADDR_L9,220,5,1,0,0
candADDR_L9,220,6,1,0,0
candADDR_L9,220,7,1,0,0
candADDR_L9,220,8,1,0,0
candADDR_L9,220,9,1,0,0
candADDR_L9,220,10,1,0,0
candADDR_L9,220,11,1,0,0
candADDR_L9,220,12,1,0,0
candADDR_L9,220,13,1,0,0
candADDR_L9,220,14,1,0,0
candADDR_L9,220,15,1,0,0
candADDR_L9,220,16,1,0,0
candADDR_L9,220,17,1,0,0
candADDR_L9,220,18,1,0,0
candADDR_L9,220,19,1,0,0
candADDR_L9,220,20,1,0,0
candADDR_L9,221,1,1,0,0
candADDR_L9,221,2,1,0,0
candADDR_L9,221,3,1,0,0
candADDR_L9,221,4,1,0,0
candADDR_L9,221,5,1,0,0
candADDR_L9,221,6,1,0,0
candADDR_L9,221,7,1,0,0
candADDR_L9,221,8,1,0,0
candADDR_L9,221,9,1,0,0
candADDR_L9,221,10,1,0,0
candADDR_L9,221,11,1,0,0
candADDR_L9,221,12,1,0,0
candADDR_L9,221,13,1,0,0
candADDR_L9,221,14,1,0,0
candADDR_L9,221,15,1,0,0
candADDR_L9,221,16,1,0,0
candADDR_L9,221,17,1,0,0
candADDR_L9,221,18,1,0,0
candADDR_L9,221,19,1,0,0
candADDR_L9,221,20,1,0,0
candADDR_L9,222,1,1,0,0
candADDR_L9,222,2,4,3,0
candADDR_L9,222,3,4,0,0
candADDR_L9,222,4,4,0,0
candADDR_L9,222,5,4,0,0
candADDR_L9,222,6,4,0,0
candADDR_L9,222,7,4,0,0
candADDR_L9,222,8,4,0,0
candADDR_L9,222,9,4,0,0
candADDR_L9,222,10,4,0,0
candADDR_L9,222,11,4,0,0
candADDR_L9,222,12,4,0,0
candADDR_L9,222,13,4,0,0
candADDR_L9,222,14,4,0,0
candADDR_L9,222,15,4,0,0
candADDR_L9,222,16,4,0,0
candADDR_L9,222,17,4,0,0
candADDR_L9,222,18,4,0,0
candADDR_L9,222,19,4,0,0
candADDR_L9,222,20,4,0,0
candADDR_L9,223,1,1,0,0
candADDR_L9,223,2,1,0,0
candADDR_L9,223,3,1,0,0
candADDR_L9,223,4,1,0,0
candADDR_L9,223,5,1,0,0
candADDR_L9,223,6,1,0,0
candADDR_L9,223,7,1,0,0
candADDR_L9,223,8,1,0,0
candADDR_L9,223,9,1,0,0
candADDR_L9,223,10,1,0,0
candADDR_L9,223,11,1,0,0
candADDR_L9,223,12,1,0,0
candADDR_L9,223,13,1,0,0
candADDR_L9,223,14,1,0,0
candADDR_L9,223,15,1,0,0
candADDR_L9,223,16,1,0,0
candADDR_L9,223,17,1,0,0
candADDR_L9,223,18,1,0,0
candADDR_L9,223,19,1,0,0
candADDR_L9,223,20,1,0,0
candADDR_L9,224,1,1,0,0
candADDR_L9,224,2,1,0,0
candADDR_L9,224,3,1,0,0
candADDR_L9,224,4,1,0,0
candADDR_L9,224,5,1,0,0
candADDR_L9,224,6,1,0,0
candADDR_L9,224,7,1,0,0
candADDR_L9,224,8,1,0,0
candADDR_L9,224,9,1,0,0
candADDR_L9,224,10,1,0,0
candADDR_L9,224,11,1,0,0
candADDR_L9,224,12,1,0,0
candADDR_L9,224,13,1,0,0
candADDR_L9,224,14,1,0,0
candADDR_L9,224,15,1,0,0
candADDR_L9,224,16,1,0,0
candADDR_L9,224,17,1,0,0
candADDR_L9,224,18,1,0,0
candADDR_L9,224,19,1,0,0
candADDR_L9,224,20,1,0,0
candADDR_L9,225,1,1,0,0
candADDR_L9,225,2,4,3,0
candADDR_L9,225,3,4,0,0
candADDR_L9,225,4,4,0,0
candADDR_L9,225,5,4,0,0
candADDR_L9,225,6,4,0,0
candADDR_L9,225,7,4,0,0
candADDR_L9,225,8,4,0,0
candADDR_L9,225,9,4,0,0
candADDR_L9,225,10,4,0,0
candADDR_L9,225,11,4,0,0
candADDR_L9,225,12,4,0,0
candADDR_L9,225,13,4,0,0
candADDR_L9,225,14,4,0,0
candADDR_L9,225,15,4,0,0
candADDR_L9,225,16,4,0,0
candADDR_L9,225,17,4,0,0
candADDR_L9,225,18,4,0,0
candADDR_L9,225,19,4,0,0
candADDR_L9,225,20,4,0,0
candADDR_L9,226,1,1,0,0
candADDR_L9,226,2,1,0,0
candADDR_L9,226,3,1,0,0
candADDR_L9,226,4,1,0,0
candADDR_L9,226,5,1,0,0
candADDR_L9,226,6,1,0,0
candADDR_L9,226,7,1,0,0
candADDR_L9,226,8,1,0,0
candADDR_L9,226,9,1,0,0
candADDR_L9,226,10,1,0,0
candADDR_L9,226,11,1,0,0
candADDR_L9,226,12,1,0,0
candADDR_L9,226,13,1,0,0
candADDR_L9,226,14,1,0,0
candADDR_L9,226,15,1,0,0
candADDR_L9,226,16,1,0,0
candADDR_L9,226,17,1,0,0
candADDR_L9,226,18,1,0,0
candADDR_L9,226,19,1,0,0
candADDR_L9,226,20,1,0,0
candADDR_L9,227,1,1,0,0
candADDR_L9,227,2,1,0,0
candADDR_L9,227,3,1,0,0
candADDR_L9,227,4,1,0,0
candADDR_L9,227,5,1,0,0
candADDR_L9,227,6,1,0,0
candADDR_L9,227,7,1,0,0
candADDR_L9,227,8,1,0,0
candADDR_L9,227,9,1,0,0
candADDR_L9,227,10,1,0,0
candADDR_L9,227,11,1,0,0
candADDR_L9,227,12,1,0,0
candADDR_L9,227,13,1,0,0
candADDR_L9,227,14,1,0,0
candADDR_L9,227,15,1,0,0
candADDR_L9,227,16,1,0,0
candADDR_L9,227,17,1,0,0
candADDR_L9,227,18,1,0,0
candADDR_L9,227,19,1,0,0
candADDR_L9,227,20,1,0,0
candADDR_L9,228,1,1,0,0
candADDR_L9,228,2,4,3,0
candADDR_L9,228,3,4,0,0
candADDR_L9,228,4,4,0,0
candADDR_L9,228,5,4,0,0
candADDR_L9,228,6,4,0,0
candADDR_L9,228,7,4,0,0
candADDR_L9,228,8,4,0,0
candADDR_L9,228,9,4,0,0
candADDR_L9,228,10,4,0,0
candADDR_L9,228,11,4,0,0
candADDR_L9,228,12,4,0,0
candADDR_L9,228,13,4,0,0
candADDR_L9,228,14,4,0,0
candADDR_L9,228,15,4,0,0
candADDR_L9,228,16,4,0,0
candADDR_L9,228,17,4,0,0
candADDR_L9,228,18,4,0,0
candADDR_L9,228,19,4,0,0
candADDR_L9,228,20,4,0,0
candADDR_L9,229,1,1,0,0
candADDR_L9,229,2,1,0,0
candADDR_L9,229,3,1,0,0
candADDR_L9,229,4,1,0,0
candADDR_L9,229,5,1,0,0
candADDR_L9,229,6,1,0,0
candADDR_L9,229,7,1,0,0
candADDR_L9,229,8,1,0,0
candADDR_L9,229,9,1,0,0
candADDR_L9,229,10,1,0,0
candADDR_L9,229,11,1,0,0
candADDR_L9,229,12,1,0,0
candADDR_L9,229,13,1,0,0
candADDR_L9,229,14,1,0,0
candADDR_L9,229,15,1,0,0
candADDR_L9,229,16,1,0,0
candADDR_L9,229,17,1,0,0
candADDR_L9,229,18,1,0,0
candADDR_L9,229,19,1,0,0
candADDR_L9,229,20,1,0,0
candADDR_L9,230,1,1,0,0
candADDR_L9,230,2,1,0,0
candADDR_L9,230,3,1,0,0
candADDR_L9,230,4,1,0,0
candADDR_L9,230,5,1,0,0
candADDR_L9,230,6,1,0,0
candADDR_L9,230,7,1,0,0
candADDR_L9,230,8,1,0,0
candADDR_L9,230,9,1,0,0
candADDR_L9,230,10,1,0,0
candADDR_L9,230,11,1,0,0
candADDR_L9,230,12,1,0,0
candADDR_L9,230,13,1,0,0
candADDR_L9,230,14,1,0,0
candADDR_L9,230,15,1,0,0
candADDR_L9,230,16,1,0,0
candADDR_L9,230,17,1,0,0
candADDR_L9,230,18,1,0,0
candADDR_L9,230,19,1,0,0
candADDR_L9,230,20,1,0,0
candADDR_L9,231,1,1,0,0
candADDR_L9,231,2,4,3,0
candADDR_L9,231,3,4,0,0
candADDR_L9,231,4,4,0,0
candADDR_L9,231,5,4,0,0
candADDR_L9,231,6,4,0,0
candADDR_L9,231,7,4,0,0
candADDR_L9,231,8,4,0,0
candADDR_L9,231,9,4,0,0
candADDR_L9,231,10,4,0,0
candADDR_L9,231,11,4,0,0
candADDR_L9,231,12,4,0,0
candADDR_L9,231,13,4,0,0
candADDR_L9,231,14,4,0,0
candADDR_L9,231,15,4,0,0
candADDR_L9,231,16,4,0,0
candADDR_L9,231,17,4,0,0
candADDR_L9,231,18,4,0,0
candADDR_L9,231,19,4,0,0
candADDR_L9,231,20,4,0,0
candADDR_L9,232,1,1,0,0
candADDR_L9,232,2,1,0,0
candADDR_L9,232,3,1,0,0
candADDR_L9,232,4,1,0,0
candADDR_L9,232,5,1,0,0
candADDR_L9,232,6,1,0,0
candADDR_L9,232,7,1,0,0
candADDR_L9,232,8,1,0,0
candADDR_L9,232,9,1,0,0
candADDR_L9,232,10,1,0,0
candADDR_L9,232,11,1,0,0
candADDR_L9,232,12,1,0,0
candADDR_L9,232,13,1,0,0
candADDR_L9,232,14,1,0,0
candADDR_L9,232,15,1,0,0
candADDR_L9,232,16,1,0,0
candADDR_L9,232,17,1,0,0
candADDR_L9,232,18,1,0,0
candADDR_L9,232,19,1,0,0
candADDR_L9,232,20,1,0,0
candADDR_L9,233,1,1,0,0
candADDR_L9,233,2,1,0,0
candADDR_L9,233,3,1,0,0
candADDR_L9,233,4,1,0,0
candADDR_L9,233,5,1,0,0
candADDR_L9,233,6,1,0,0
candADDR_L9,233,7,1,0,0
candADDR_L9,233,8,1,0,0
candADDR_L9,233,9,1,0,0
candADDR_L9,233,10,1,0,0
candADDR_L9,233,11,1,0,0
candADDR_L9,233,12,1,0,0
candADDR_L9,233,13,1,0,0
candADDR_L9,233,14,1,0,0
candADDR_L9,233,15,1,0,0
candADDR_L9,233,16,1,0,0
candADDR_L9,233,17,1,0,0
candADDR_L9,233,18,1,0,0
candADDR_L9,233,19,1,0,0
candADDR_L9,233,20,1,0,0
candADDR_L9,234,1,1,0,0
candADDR_L9,234,2,4,3,0
candADDR_L9,234,3,4,0,0
candADDR_L9,234,4,4,0,0
candADDR_L9,234,5,4,0,0
candADDR_L9,234,6,4,0,0
candADDR_L9,234,7,4,0,0
candADDR_L9,234,8,4,0,0
candADDR_L9,234,9,4,0,0
candADDR_L9,234,10,4,0,0
candADDR_L9,234,11,4,0,0
candADDR_L9,234,12,4,0,0
candADDR_L9,234,13,4,0,0
candADDR_L9,234,14,4,0,0
candADDR_L9,234,15,4,0,0
candADDR_L9,234,16,4,0,0
candADDR_L9,234,17,4,0,0
candADDR_L9,234,18,4,0,0
candADDR_L9,234,19,4,0,0
candADDR_L9,234,20,4,0,0
candADDR_L9,235,1,1,0,0
candADDR_L9,235,2,1,0,0
candADDR_L9,235,3,1,0,0
candADDR_L9,235,4,1,0,0
candADDR_L9,235,5,1,0,0
candADDR_L9,235,6,1,0,0
candADDR_L9,235,7,1,0,0
candADDR_L9,235,8,1,0,0
candADDR_L9,235,9,1,0,0
candADDR_L9,235,10,1,0,0
candADDR_L9,235,11,1,0,0
candADDR_L9,235,12,1,0,0
candADDR_L9,235,13,1,0,0
candADDR_L9,235,14,1,0,0
candADDR_L9,235,15,1,0,0
candADDR_L9,235,16,1,0,0
candADDR_L9,235,17,1,0,0
candADDR_L9,235,18,1,0,0
candADDR_L9,235,19,1,0,0
candADDR_L9,235,20,1,0,0
candADDR_L9,236,1,1,0,0
candADDR_L9,236,2,1,0,0
candADDR_L9,236,3,1,0,0
candADDR_L9,236,4,1,0,0
candADDR_L9,236,5,1,0,0
candADDR_L9,236,6,1,0,0
candADDR_L9,236,7,1,0,0
candADDR_L9,236,8,1,0,0
candADDR_L9,236,9,1,0,0
candADDR_L9,236,10,1,0,0
candADDR_L9,236,11,1,0,0
candADDR_L9,236,12,1,0,0
candADDR_L9,236,13,1,0,0
candADDR_L9,236,14,1,0,0
candADDR_L9,236,15,1,0,0
candADDR_L9,236,16,1,0,0
candADDR_L9,236,17,1,0,0
candADDR_L9,236,18,1,0,0
candADDR_L9,236,19,1,0,0
candADDR_L9,236,20,1,0,0
candADDR_L9,237,1,1,0,0
candADDR_L9,237,2,4,3,0
candADDR_L9,237,3,4,0,0
candADDR_L9,237,4,4,0,0
candADDR_L9,237,5,4,0,0
candADDR_L9,237,6,4,0,0
candADDR_L9,237,7,4,0,0
candADDR_L9,237,8,4,0,0
candADDR_L9,237,9,4,0,0
candADDR_L9,237,10,4,0,0
candADDR_L9,237,11,4,0,0
candADDR_L9,237,12,4,0,0
candADDR_L9,237,13,4,0,0
candADDR_L9,237,14,4,0,0
candADDR_L9,237,15,4,0,0
candADDR_L9,237,16,4,0,0
candADDR_L9,237,17,4,0,0
candADDR_L9,237,18,4,0,0
candADDR_L9,237,19,4,0,0
candADDR_L9,237,20,4,0,0
candADDR_L9,238,1,1,0,0
candADDR_L9,238,2,1,0,0
candADDR_L9,238,3,1,0,0
candADDR_L9,238,4,1,0,0
candADDR_L9,238,5,1,0,0
candADDR_L9,238,6,1,0,0
candADDR_L9,238,7,1,0,0
candADDR_L9,238,8,1,0,0
candADDR_L9,238,9,1,0,0
candADDR_L9,238,10,1,0,0
candADDR_L9,238,11,1,0,0
candADDR_L9,238,12,1,0,0
candADDR_L9,238,13,1,0,0
candADDR_L9,238,14,1,0,0
candADDR_L9,238,15,1,0,0
candADDR_L9,238,16,1,0,0
candADDR_L9,238,17,1,0,0
candADDR_L9,238,18,1,0,0
candADDR_L9,238,19,1,0,0
candADDR_L9,238,20,1,0,0
candADDR_L9,239,1,1,0,0
candADDR_L9,239,2,1,0,0
candADDR_L9,239,3,1,0,0
candADDR_L9,239,4,1,0,0
candADDR_L9,239,5,1,0,0
candADDR_L9,239,6,1,0,0
candADDR_L9,239,7,1,0,0
candADDR_L9,239,8,1,0,0
candADDR_L9,239,9,1,0,0
candADDR_L9,239,10,1,0,0
candADDR_L9,239,11,1,0,0
candADDR_L9,239,12,1,0,0
candADDR_L9,239,13,1,0,0
candADDR_L9,239,14,1,0,0
candADDR_L9,239,15,1,0,0
candADDR_L9,239,16,1,0,0
candADDR_L9,239,17,1,0,0
candADDR_L9,239,18,1,0,0
candADDR_L9,239,19,1,0,0
candADDR_L9,239,20,1,0,0
candADDR_L9,240,1,1,0,0
candADDR_L9,240,2,4,3,0
candADDR_L9,240,3,4,0,0
candADDR_L9,240,4,4,0,0
candADDR_L9,240,5,4,0,0
candADDR_L9,240,6,4,0,0
candADDR_L9,240,7,4,0,0
candADDR_L9,240,8,4,0,0
candADDR_L9,240,9,4,0,0
candADDR_L9,240,10,4,0,0
candADDR_L9,240,11,4,0,0
candADDR_L9,240,12,4,0,0
candADDR_L9,240,13,4,0,0
candADDR_L9,240,14,4,0,0
candADDR_L9,240,15,4,0,0
candADDR_L9,240,16,4,0,0
candADDR_L9,240,17,4,0,0
candADDR_L9,240,18,4,0,0
candADDR_L9,240,19,4,0,0
candADDR_L9,240,20,4,0,0
candADDR_L9,241,1,1,0,0
candADDR_L9,241,2,1,0,0
candADDR_L9,241,3,1,0,0
candADDR_L9,241,4,1,0,0
candADDR_L9,241,5,1,0,0
candADDR_L9,241,6,1,0,0
candADDR_L9,241,7,1,0,0
candADDR_L9,241,8,1,0,0
candADDR_L9,241,9,1,0,0
candADDR_L9,241,10,1,0,0
candADDR_L9,241,11,1,0,0
candADDR_L9,241,12,1,0,0
candADDR_L9,241,13,1,0,0
candADDR_L9,241,14,1,0,0
candADDR_L9,241,15,1,0,0
candADDR_L9,241,16,1,0,0
candADDR_L9,241,17,1,0,0
candADDR_L9,241,18,1,0,0
candADDR_L9,241,19,1,0,0
candADDR_L9,241,20,1,0,0
candADDR_L9,242,1,1,0,0
candADDR_L9,242,2,1,0,0
candADDR_L9,242,3,1,0,0
candADDR_L9,242,4,1,0,0
candADDR_L9,242,5,1,0,0
candADDR_L9,242,6,1,0,0
candADDR_L9,242,7,1,0,0
candADDR_L9,242,8,1,0,0
candADDR_L9,242,9,1,0,0
candADDR_L9,242,10,1,0,0
candADDR_L9,242,11,1,0,0
candADDR_L9,242,12,1,0,0
candADDR_L9,242,13,1,0,0
candADDR_L9,242,14,1,0,0
candADDR_L9,242,15,1,0,0
candADDR_L9,242,16,1,0,0
candADDR_L9,242,17,1,0,0
candADDR_L9,242,18,1,0,0
candADDR_L9,242,19,1,0,0
candADDR_L9,242,20,1,0,0
