run,island,frame,N,captures,escapes
cand_turnover,0,1,1,0,0
cand_turnover,0,2,2,1,0
cand_turnover,0,3,2,0,0
cand_turnover,0,4,2,0,0
cand_turnover,0,5,2,0,0
cand_turnover,0,6,2,0,0
cand_turnover,0,7,2,0,0
cand_turnover,0,8,2,0,0
cand_turnover,0,9,2,0,0
cand_turnover,0,10,2,0,0
cand_turnover,0,11,2,0,0
cand_turnover,0,12,2,0,0
cand_turnover,0,13,2,0,0
cand_turnover,0,14,2,0,0
cand_turnover,0,15,2,0,0
cand_turnover,0,16,2,0,0
cand_turnover,0,17,2,0,0
cand_turnover,0,18,2,0,0
cand_turnover,0,19,2,0,0
cand_turnover,0,20,2,0,0
cand_turnover,1,1,1,0,0
cand_turnover,1,2,2,1,0
cand_turnover,1,3,2,0,0
cand_turnover,1,4,2,0,0
cand_turnover,1,5,2,0,0
cand_turnover,1,6,2,0,0
cand_turnover,1,7,2,0,0
cand_turnover,1,8,2,0,0
cand_turnover,1,9,3,1,0
cand_turnover,1,10,3,0,0
cand_turnover,1,11,3,0,0
cand_turnover,1,12,3,0,0
cand_turnover,1,13,2,0,1
cand_turnover,1,14,2,0,0
cand_turnover,1,15,2,0,0
cand_turnover,1,16,2,0,0
cand_turnover,1,17,2,0,0
cand_turnover,1,18,2,0,0
cand_turnover,1,19,2,0,0
cand_turnover,1,20,2,0,0
cand_turnover,2,1,1,0,0
cand_turnover,2,2,2,1,0
cand_turnover,2,3,2,0,0
cand_turnover,2,4,2,0,0
cand_turnover,2,5,2,0,0
cand_turnover,2,6,2,0,0
cand_turnover,2,7,2,0,0
cand_turnover,2,8,2,0,0
cand_turnover,2,9,2,0,0
cand_turnover,2,10,2,0,0
cand_turnover,2,11,3,1,0
cand_turnover,2,12,3,0,0
cand_turnover,2,13,2,0,1
cand_turnover,2,14,2,0,0
cand_turnover,2,15,2,0,0
cand_turnover,2,16,2,0,0
cand_turnover,2,17,2,0,0
cand_turnover,2,18,2,0,0
cand_turnover,2,19,2,0,0
cand_turnover,2,20,2,0,0
cand_turnover,3,1,1,0,0
cand_turnover,3,2,2,1,0
cand_turnover,3,3,2,0,0
cand_turnover,3,4,2,0,0
cand_turnover,3,5,2,0,0
cand_turnover,3,6,2,0,0
cand_turnover,3,7,2,0,0
cand_turnover,3,8,2,0,0
cand_turnover,3,9,2,0,0
cand_turnover,3,10,3,1,0
cand_turnover,3,11,3,1,1
cand_turnover,3,12,4,1,0
cand_turnover,3,13,2,0,2
cand_turnover,3,14,2,0,0
cand_turnover,3,15,2,0,0
cand_turnover,3,16,3,1,0
cand_turnover,3,17,2,0,1
cand_turnover,3,18,3,1,0
cand_turnover,3,19,4,1,0
cand_turnover,3,20,2,0,2
cand_turnover,4,1,1,0,0
cand_turnover,4,2,2,1,0
cand_turnover,4,3,2,0,0
cand_turnover,4,4,2,0,0
cand_turnover,4,5,2,0,0
cand_turnover,4,6,2,0,0
cand_turnover,4,7,2,0,0
cand_turnover,4,8,2,0,0
cand_turnover,4,9,2,0,0
cand_turnover,4,10,1,0,1
cand_turnover,4,11,2,1,0
cand_turnover,4,12,1,0,1
cand_turnover,4,13,2,1,0
cand_turnover,4,14,2,0,0
cand_turnover,4,15,2,0,0
cand_turnover,4,16,1,0,1
cand_turnover,4,17,2,1,0
cand_turnover,4,18,2,0,0
cand_turnover,4,19,2,0,0
cand_turnover,4,20,2,0,0
cand_turnover,5,1,1,0,0
cand_turnover,5,2,2,1,0
cand_turnover,5,3,2,0,0
cand_turnover,5,4,2,0,0
cand_turnover,5,5,2,0,0
cand_turnover,5,6,2,0,0
cand_turnover,5,7,2,0,0
cand_turnover,5,8,2,0,0
cand_turnover,5,9,2,0,0
cand_turnover,5,10,2,0,0
cand_turnover,5,11,1,0,1
cand_turnover,5,12,1,0,0
cand_turnover,5,13,2,1,0
cand_turnover,5,14,2,0,0
cand_turnover,5,15,2,0,0
cand_turnover,5,16,1,0,1
cand_turnover,5,17,2,1,0
cand_turnover,5,18,2,0,0
cand_turnover,5,19,2,0,0
cand_turnover,5,20,2,0,0
cand_turnover,6,1,1,0,0
cand_turnover,6,2,2,1,0
cand_turnover,6,3,2,0,0
cand_turnover,6,4,2,0,0
cand_turnover,6,5,2,0,0
cand_turnover,6,6,2,0,0
cand_turnover,6,7,2,0,0
cand_turnover,6,8,2,0,0
cand_turnover,6,9,2,0,0
cand_turnover,6,10,3,1,0
cand_turnover,6,11,3,0,0
cand_turnover,6,12,3,0,0
cand_turnover,6,13,2,0,1
cand_turnover,6,14,2,0,0
cand_turnover,6,15,2,0,0
cand_turnover,6,16,3,1,0
cand_turnover,6,17,2,0,1
cand_turnover,6,18,4,2,0
cand_turnover,6,19,4,0,0
cand_turnover,6,20,3,1,2
cand_turnover,7,1,1,0,0
cand_turnover,7,2,2,1,0
cand_turnover,7,3,2,0,0
cand_turnover,7,4,2,0,0
cand_turnover,7,5,2,0,0
cand_turnover,7,6,2,0,0
cand_turnover,7,7,2,0,0
cand_turnover,7,8,2,0,0
cand_turnover,7,9,2,0,0
cand_turnover,7,10,1,0,1
cand_turnover,7,11,1,0,0
cand_turnover,7,12,1,0,0
cand_turnover,7,13,2,1,0
cand_turnover,7,14,2,0,0
cand_turnover,7,15,2,0,0
cand_turnover,7,16,1,0,1
cand_turnover,7,17,2,1,0
cand_turnover,7,18,2,0,0
cand_turnover,7,19,2,0,0
cand_turnover,7,20,2,0,0
cand_turnover,8,1,1,0,0
cand_turnover,8,2,2,1,0
cand_turnover,8,3,2,0,0
cand_turnover,8,4,2,0,0
cand_turnover,8,5,2,0,0
cand_turnover,8,6,2,0,0
cand_turnover,8,7,2,0,0
cand_turnover,8,8,2,0,0
cand_turnover,8,9,3,1,0
cand_turnover,8,10,1,0,2
cand_turnover,8,11,2,1,0
cand_turnover,8,12,2,0,0
cand_turnover,8,13,4,2,0
cand_turnover,8,14,3,0,1
cand_turnover,8,15,3,0,0
cand_turnover,8,16,2,0,1
cand_turnover,8,17,2,0,0
cand_turnover,8,18,2,0,0
cand_turnover,8,19,2,0,0
cand_turnover,8,20,1,0,1
cand_turnover,9,1,1,0,0
cand_turnover,9,2,2,1,0
cand_turnover,9,3,2,0,0
cand_turnover,9,4,2,0,0
cand_turnover,9,5,2,0,0
cand_turnover,9,6,2,0,0
cand_turnover,9,7,2,0,0
cand_turnover,9,8,2,0,0
cand_turnover,9,9,2,0,0
cand_turnover,9,10,3,1,0
cand_turnover,9,11,3,0,0
cand_turnover,9,12,3,0,0
cand_turnover,9,13,2,0,1
cand_turnover,9,14,2,0,0
cand_turnover,9,15,2,0,0
cand_turnover,9,16,3,1,0
cand_turnover,9,17,2,0,1
cand_turnover,9,18,3,1,0
cand_turnover,9,19,3,0,0
cand_turnover,9,20,3,1,1
cand_turnover,10,1,1,0,0
cand_turnover,10,2,2,1,0
cand_turnover,10,3,2,0,0
cand_turnover,10,4,2,0,0
cand_turnover,10,5,2,0,0
cand_turnover,10,6,2,0,0
cand_turnover,10,7,2,0,0
cand_turnover,10,8,2,0,0
cand_turnover,10,9,2,0,0
cand_turnover,10,10,1,0,1
cand_turnover,10,11,1,0,0
cand_turnover,10,12,1,0,0
cand_turnover,10,13,2,1,0
cand_turnover,10,14,2,0,0
cand_turnover,10,15,2,0,0
cand_turnover,10,16,1,0,1
cand_turnover,10,17,2,1,0
cand_turnover,10,18,2,0,0
cand_turnover,10,19,2,0,0
cand_turnover,10,20,1,0,1
cand_turnover,11,1,1,0,0
cand_turnover,11,2,2,1,0
cand_turnover,11,3,2,0,0
cand_turnover,11,4,2,0,0
cand_turnover,11,5,2,0,0
cand_turnover,11,6,2,0,0
cand_turnover,11,7,2,0,0
cand_turnover,11,8,2,0,0
cand_turnover,11,9,2,0,0
cand_turnover,11,10,2,0,0
cand_turnover,11,11,2,0,0
cand_turnover,11,12,2,0,0
cand_turnover,11,13,2,0,0
cand_turnover,11,14,2,0,0
cand_turnover,11,15,2,0,0
cand_turnover,11,16,1,0,1
cand_turnover,11,17,2,1,0
cand_turnover,11,18,2,0,0
cand_turnover,11,19,2,0,0
cand_turnover,11,20,2,0,0
cand_turnover,12,1,1,0,0
cand_turnover,12,2,2,1,0
cand_turnover,12,3,2,0,0
cand_turnover,12,4,2,0,0
cand_turnover,12,5,2,0,0
cand_turnover,12,6,2,0,0
cand_turnover,12,7,2,0,0
cand_turnover,12,8,2,0,0
cand_turnover,12,9,2,0,0
cand_turnover,12,10,3,1,0
cand_turnover,12,11,3,0,0
cand_turnover,12,12,3,0,0
cand_turnover,12,13,2,0,1
cand_turnover,12,14,2,0,0
cand_turnover,12,15,2,0,0
cand_turnover,12,16,4,2,0
cand_turnover,12,17,2,0,2
cand_turnover,12,18,3,1,0
cand_turnover,12,19,3,0,0
cand_turnover,12,20,2,0,1
cand_turnover,13,1,1,0,0
cand_turnover,13,2,2,1,0
cand_turnover,13,3,2,0,0
cand_turnover,13,4,2,0,0
cand_turnover,13,5,2,0,0
cand_turnover,13,6,2,0,0
cand_turnover,13,7,2,0,0
cand_turnover,13,8,2,0,0
cand_turnover,13,9,2,0,0
cand_turnover,13,10,1,0,1
cand_turnover,13,11,1,0,0
cand_turnover,13,12,1,0,0
cand_turnover,13,13,2,1,0
cand_turnover,13,14,2,0,0
cand_turnover,13,15,2,0,0
cand_turnover,13,16,1,0,1
cand_turnover,13,17,2,1,0
cand_turnover,13,18,2,0,0
cand_turnover,13,19,2,0,0
cand_turnover,13,20,2,0,0
cand_turnover,14,1,1,0,0
cand_turnover,14,2,2,1,0
cand_turnover,14,3,2,0,0
cand_turnover,14,4,2,0,0
cand_turnover,14,5,2,0,0
cand_turnover,14,6,2,0,0
cand_turnover,14,7,2,0,0
cand_turnover,14,8,2,0,0
cand_turnover,14,9,2,0,0
cand_turnover,14,10,2,0,0
cand_turnover,14,11,2,0,0
cand_turnover,14,12,2,0,0
cand_turnover,14,13,2,0,0
cand_turnover,14,14,2,0,0
cand_turnover,14,15,2,0,0
cand_turnover,14,16,1,0,1
cand_turnover,14,17,2,1,0
cand_turnover,14,18,2,0,0
cand_turnover,14,19,2,0,0
cand_turnover,14,20,2,0,0
cand_turnover,15,1,1,0,0
cand_turnover,15,2,2,1,0
cand_turnover,15,3,2,0,0
cand_turnover,15,4,2,0,0
cand_turnover,15,5,2,0,0
cand_turnover,15,6,2,0,0
cand_turnover,15,7,2,0,0
cand_turnover,15,8,2,0,0
cand_turnover,15,9,2,0,0
cand_turnover,15,10,2,0,0
cand_turnover,15,11,2,0,0
cand_turnover,15,12,2,0,0
cand_turnover,15,13,2,0,0
cand_turnover,15,14,2,0,0
cand_turnover,15,15,2,0,0
cand_turnover,15,16,2,0,0
cand_turnover,15,17,2,0,0
cand_turnover,15,18,2,0,0
cand_turnover,15,19,2,0,0
cand_turnover,15,20,2,0,0
cand_turnover,16,1,1,0,0
cand_turnover,16,2,2,1,0
cand_turnover,16,3,2,0,0
cand_turnover,16,4,2,0,0
cand_turnover,16,5,2,0,0
cand_turnover,16,6,2,0,0
cand_turnover,16,7,2,0,0
cand_turnover,16,8,2,0,0
cand_turnover,16,9,2,0,0
cand_turnover,16,10,3,1,0
cand_turnover,16,11,2,0,1
cand_turnover,16,12,2,0,0
cand_turnover,16,13,2,0,0
cand_turnover,16,14,2,0,0
cand_turnover,16,15,2,0,0
cand_turnover,16,16,3,1,0
cand_turnover,16,17,2,0,1
cand_turnover,16,18,2,0,0
cand_turnover,16,19,2,0,0
cand_turnover,16,20,2,0,0
cand_turnover,17,1,1,0,0
cand_turnover,17,2,2,1,0
cand_turnover,17,3,2,0,0
cand_turnover,17,4,2,0,0
cand_turnover,17,5,2,0,0
cand_turnover,17,6,2,0,0
cand_turnover,17,7,2,0,0
cand_turnover,17,8,2,0,0
cand_turnover,17,9,3,1,0
cand_turnover,17,10,1,0,2
cand_turnover,17,11,2,1,0
cand_turnover,17,12,2,0,0
cand_turnover,17,13,2,0,0
cand_turnover,17,14,2,0,0
cand_turnover,17,15,2,0,0
cand_turnover,17,16,1,0,1
cand_turnover,17,17,2,1,0
cand_turnover,17,18,2,0,0
cand_turnover,17,19,2,0,0
cand_turnover,17,20,2,0,0
cand_turnover,18,1,1,0,0
cand_turnover,18,2,2,1,0
cand_turnover,18,3,2,0,0
cand_turnover,18,4,2,0,0
cand_turnover,18,5,2,0,0
cand_turnover,18,6,2,0,0
cand_turnover,18,7,2,0,0
cand_turnover,18,8,2,0,0
cand_turnover,18,9,2,0,0
cand_turnover,18,10,3,1,0
cand_turnover,18,11,2,0,1
cand_turnover,18,12,3,1,0
cand_turnover,18,13,2,0,1
cand_turnover,18,14,2,0,0
cand_turnover,18,15,2,0,0
cand_turnover,18,16,3,1,0
cand_turnover,18,17,2,0,1
cand_turnover,18,18,2,0,0
cand_turnover,18,19,2,0,0
cand_turnover,18,20,2,0,0
cand_turnover,19,1,1,0,0
cand_turnover,19,2,2,1,0
cand_turnover,19,3,2,0,0
cand_turnover,19,4,2,0,0
cand_turnover,19,5,2,0,0
cand_turnover,19,6,2,0,0
cand_turnover,19,7,2,0,0
cand_turnover,19,8,2,0,0
cand_turnover,19,9,2,0,0
cand_turnover,19,10,1,0,1
cand_turnover,19,11,3,2,0
cand_turnover,19,12,1,0,2
cand_turnover,19,13,2,1,0
cand_turnover,19,14,2,0,0
cand_turnover,19,15,2,0,0
cand_turnover,19,16,1,0,1
cand_turnover,19,17,2,1,0
cand_turnover,19,18,2,0,0
cand_turnover,19,19,2,0,0
cand_turnover,19,20,2,0,0
cand_turnover,20,1,1,0,0
cand_turnover,20,2,2,1,0
cand_turnover,20,3,2,0,0
cand_turnover,20,4,2,0,0
cand_turnover,20,5,2,0,0
cand_turnover,20,6,2,0,0
cand_turnover,20,7,2,0,0
cand_turnover,20,8,2,0,0
cand_turnover,20,9,2,0,0
cand_turnover,20,10,1,0,1
cand_turnover,20,11,1,0,0
cand_turnover,20,12,1,0,0
cand_turnover,20,13,3,2,0
cand_turnover,20,14,3,0,0
cand_turnover,20,15,2,0,1
cand_turnover,20,16,1,0,1
cand_turnover,20,17,3,2,0
cand_turnover,20,18,2,0,1
cand_turnover,20,19,2,0,0
cand_turnover,20,20,3,1,0
cand_turnover,21,1,1,0,0
cand_turnover,21,2,2,1,0
cand_turnover,21,3,2,0,0
cand_turnover,21,4,2,0,0
cand_turnover,21,5,2,0,0
cand_turnover,21,6,2,0,0
cand_turnover,21,7,2,0,0
cand_turnover,21,8,2,0,0
cand_turnover,21,9,2,0,0
cand_turnover,21,10,2,0,0
cand_turnover,21,11,2,0,0
cand_turnover,21,12,2,0,0
cand_turnover,21,13,2,0,0
cand_turnover,21,14,2,0,0
cand_turnover,21,15,2,0,0
cand_turnover,21,16,2,0,0
cand_turnover,21,17,2,0,0
cand_turnover,21,18,2,0,0
cand_turnover,21,19,2,0,0
cand_turnover,21,20,2,0,0
cand_turnover,22,1,1,0,0
cand_turnover,22,2,2,1,0
cand_turnover,22,3,2,0,0
cand_turnover,22,4,2,0,0
cand_turnover,22,5,2,0,0
cand_turnover,22,6,2,0,0
cand_turnover,22,7,2,0,0
cand_turnover,22,8,2,0,0
cand_turnover,22,9,2,0,0
cand_turnover,22,10,3,1,0
cand_turnover,22,11,3,0,0
cand_turnover,22,12,3,0,0
cand_turnover,22,13,3,1,1
cand_turnover,22,14,3,0,0
cand_turnover,22,15,2,0,1
cand_turnover,22,16,3,1,0
cand_turnover,22,17,2,0,1
cand_turnover,22,18,2,0,0
cand_turnover,22,19,2,0,0
cand_turnover,22,20,2,0,0
cand_turnover,23,1,1,0,0
cand_turnover,23,2,2,1,0
cand_turnover,23,3,2,0,0
cand_turnover,23,4,2,0,0
cand_turnover,23,5,2,0,0
cand_turnover,23,6,2,0,0
cand_turnover,23,7,2,0,0
cand_turnover,23,8,2,0,0
cand_turnover,23,9,3,1,0
cand_turnover,23,10,1,0,2
cand_turnover,23,11,1,0,0
cand_turnover,23,12,1,0,0
cand_turnover,23,13,2,1,0
cand_turnover,23,14,2,0,0
cand_turnover,23,15,3,1,0
cand_turnover,23,16,1,0,2
cand_turnover,23,17,2,1,0
cand_turnover,23,18,2,0,0
cand_turnover,23,19,2,0,0
cand_turnover,23,20,2,0,0
cand_turnover,24,1,1,0,0
cand_turnover,24,2,2,1,0
cand_turnover,24,3,2,0,0
cand_turnover,24,4,2,0,0
cand_turnover,24,5,2,0,0
cand_turnover,24,6,2,0,0
cand_turnover,24,7,2,0,0
cand_turnover,24,8,2,0,0
cand_turnover,24,9,2,0,0
cand_turnover,24,10,3,1,0
cand_turnover,24,11,1,0,2
cand_turnover,24,12,1,0,0
cand_turnover,24,13,2,1,0
cand_turnover,24,14,2,0,0
cand_turnover,24,15,2,0,0
cand_turnover,24,16,2,0,0
cand_turnover,24,17,2,0,0
cand_turnover,24,18,2,0,0
cand_turnover,24,19,2,0,0
cand_turnover,24,20,2,0,0
cand_turnover,25,1,1,0,0
cand_turnover,25,2,2,1,0
cand_turnover,25,3,2,0,0
cand_turnover,25,4,2,0,0
cand_turnover,25,5,2,0,0
cand_turnover,25,6,2,0,0
cand_turnover,25,7,2,0,0
cand_turnover,25,8,2,0,0
cand_turnover,25,9,2,0,0
cand_turnover,25,10,2,0,0
cand_turnover,25,11,2,0,0
cand_turnover,25,12,2,0,0
cand_turnover,25,13,2,0,0
cand_turnover,25,14,2,0,0
cand_turnover,25,15,2,0,0
cand_turnover,25,16,2,0,0
cand_turnover,25,17,3,1,0
cand_turnover,25,18,3,0,0
cand_turnover,25,19,3,0,0
cand_turnover,25,20,4,1,0
cand_turnover,26,1,1,0,0
cand_turnover,26,2,2,1,0
cand_turnover,26,3,2,0,0
cand_turnover,26,4,2,0,0
cand_turnover,26,5,2,0,0
cand_turnover,26,6,2,0,0
cand_turnover,26,7,2,0,0
cand_turnover,26,8,2,0,0
cand_turnover,26,9,3,1,0
cand_turnover,26,10,1,0,2
cand_turnover,26,11,1,0,0
cand_turnover,26,12,1,0,0
cand_turnover,26,13,2,1,0
cand_turnover,26,14,2,0,0
cand_turnover,26,15,2,0,0
cand_turnover,26,16,2,0,0
cand_turnover,26,17,2,0,0
cand_turnover,26,18,2,0,0
cand_turnover,26,19,2,0,0
cand_turnover,26,20,1,0,1
cand_turnover,27,1,1,0,0
cand_turnover,27,2,2,1,0
cand_turnover,27,3,2,0,0
cand_turnover,27,4,2,0,0
cand_turnover,27,5,2,0,0
cand_turnover,27,6,2,0,0
cand_turnover,27,7,2,0,0
cand_turnover,27,8,2,0,0
cand_turnover,27,9,3,1,0
cand_turnover,27,10,2,0,1
cand_turnover,27,11,2,0,0
cand_turnover,27,12,3,1,0
cand_turnover,27,13,3,1,1
cand_turnover,27,14,3,0,0
cand_turnover,27,15,3,0,0
cand_turnover,27,16,3,0,0
cand_turnover,27,17,3,1,1
cand_turnover,27,18,1,0,2
cand_turnover,27,19,1,0,0
cand_turnover,27,20,3,2,0
cand_turnover,28,1,1,0,0
cand_turnover,28,2,2,1,0
cand_turnover,28,3,2,0,0
cand_turnover,28,4,2,0,0
cand_turnover,28,5,2,0,0
cand_turnover,28,6,2,0,0
cand_turnover,28,7,2,0,0
cand_turnover,28,8,2,0,0
cand_turnover,28,9,2,0,0
cand_turnover,28,10,3,1,0
cand_turnover,28,11,2,0,1
cand_turnover,28,12,1,0,1
cand_turnover,28,13,2,1,0
cand_turnover,28,14,2,0,0
cand_turnover,28,15,2,0,0
cand_turnover,28,16,3,1,0
cand_turnover,28,17,2,0,1
cand_turnover,28,18,2,0,0
cand_turnover,28,19,1,0,1
cand_turnover,28,20,2,1,0
cand_turnover,29,1,1,0,0
cand_turnover,29,2,2,1,0
cand_turnover,29,3,2,0,0
cand_turnover,29,4,2,0,0
cand_turnover,29,5,2,0,0
cand_turnover,29,6,2,0,0
cand_turnover,29,7,2,0,0
cand_turnover,29,8,2,0,0
cand_turnover,29,9,2,0,0
cand_turnover,29,10,1,0,1
cand_turnover,29,11,2,1,0
cand_turnover,29,12,2,0,0
cand_turnover,29,13,2,0,0
cand_turnover,29,14,2,0,0
cand_turnover,29,15,2,0,0
cand_turnover,29,16,1,0,1
cand_turnover,29,17,2,1,0
cand_turnover,29,18,2,0,0
cand_turnover,29,19,2,0,0
cand_turnover,29,20,2,0,0
cand_turnover,30,1,1,0,0
cand_turnover,30,2,2,1,0
cand_turnover,30,3,2,0,0
cand_turnover,30,4,2,0,0
cand_turnover,30,5,2,0,0
cand_turnover,30,6,2,0,0
cand_turnover,30,7,2,0,0
cand_turnover,30,8,3,1,0
cand_turnover,30,9,2,0,1
cand_turnover,30,10,3,1,0
cand_turnover,30,11,3,0,0
cand_turnover,30,12,3,0,0
cand_turnover,30,13,3,1,1
cand_turnover,30,14,3,0,0
cand_turnover,30,15,3,0,0
cand_turnover,30,16,4,1,0
cand_turnover,30,17,3,0,1
cand_turnover,30,18,1,0,2
cand_turnover,30,19,1,0,0
cand_turnover,30,20,4,3,0
cand_turnover,31,1,1,0,0
cand_turnover,31,2,2,1,0
cand_turnover,31,3,2,0,0
cand_turnover,31,4,2,0,0
cand_turnover,31,5,2,0,0
cand_turnover,31,6,2,0,0
cand_turnover,31,7,2,0,0
cand_turnover,31,8,2,0,0
cand_turnover,31,9,2,0,0
cand_turnover,31,10,1,0,1
cand_turnover,31,11,1,0,0
cand_turnover,31,12,1,0,0
cand_turnover,31,13,2,1,0
cand_turnover,31,14,2,0,0
cand_turnover,31,15,2,0,0
cand_turnover,31,16,1,0,1
cand_turnover,31,17,2,1,0
cand_turnover,31,18,1,0,1
cand_turnover,31,19,1,0,0
cand_turnover,31,20,2,1,0
cand_turnover,32,1,1,0,0
cand_turnover,32,2,2,1,0
cand_turnover,32,3,2,0,0
cand_turnover,32,4,2,0,0
cand_turnover,32,5,2,0,0
cand_turnover,32,6,2,0,0
cand_turnover,32,7,2,0,0
cand_turnover,32,8,2,0,0
cand_turnover,32,9,2,0,0
cand_turnover,32,10,1,0,1
cand_turnover,32,11,1,0,0
cand_turnover,32,12,1,0,0
cand_turnover,32,13,2,1,0
cand_turnover,32,14,2,0,0
cand_turnover,32,15,2,0,0
cand_turnover,32,16,2,0,0
cand_turnover,32,17,2,0,0
cand_turnover,32,18,1,0,1
cand_turnover,32,19,1,0,0
cand_turnover,32,20,1,0,0
cand_turnover,33,1,1,0,0
cand_turnover,33,2,2,1,0
cand_turnover,33,3,2,0,0
cand_turnover,33,4,2,0,0
cand_turnover,33,5,2,0,0
cand_turnover,33,6,2,0,0
cand_turnover,33,7,2,0,0
cand_turnover,33,8,3,1,0
cand_turnover,33,9,2,0,1
cand_turnover,33,10,3,1,0
cand_turnover,33,11,3,0,0
cand_turnover,33,12,4,1,0
cand_turnover,33,13,2,0,2
cand_turnover,33,14,2,0,0
cand_turnover,33,15,3,1,0
cand_turnover,33,16,2,0,1
cand_turnover,33,17,3,1,0
cand_turnover,33,18,1,0,2
cand_turnover,33,19,1,0,0
cand_turnover,33,20,2,1,0
cand_turnover,34,1,1,0,0
cand_turnover,34,2,2,1,0
cand_turnover,34,3,2,0,0
cand_turnover,34,4,2,0,0
cand_turnover,34,5,2,0,0
cand_turnover,34,6,2,0,0
cand_turnover,34,7,2,0,0
cand_turnover,34,8,2,0,0
cand_turnover,34,9,2,0,0
cand_turnover,34,10,1,0,1
cand_turnover,34,11,1,0,0
cand_turnover,34,12,1,0,0
cand_turnover,34,13,2,1,0
cand_turnover,34,14,2,0,0
cand_turnover,34,15,2,0,0
cand_turnover,34,16,2,0,0
cand_turnover,34,17,2,0,0
cand_turnover,34,18,3,1,0
cand_turnover,34,19,3,0,0
cand_turnover,34,20,4,1,0
cand_turnover,35,1,1,0,0
cand_turnover,35,2,2,1,0
cand_turnover,35,3,2,0,0
cand_turnover,35,4,2,0,0
cand_turnover,35,5,2,0,0
cand_turnover,35,6,2,0,0
cand_turnover,35,7,2,0,0
cand_turnover,35,8,2,0,0
cand_turnover,35,9,2,0,0
cand_turnover,35,10,1,0,1
cand_turnover,35,11,2,1,0
cand_turnover,35,12,1,0,1
cand_turnover,35,13,2,1,0
cand_turnover,35,14,2,0,0
cand_turnover,35,15,2,0,0
cand_turnover,35,16,2,0,0
cand_turnover,35,17,2,0,0
cand_turnover,35,18,1,0,1
cand_turnover,35,19,1,0,0
cand_turnover,35,20,1,0,0
cand_turnover,36,1,1,0,0
cand_turnover,36,2,2,1,0
cand_turnover,36,3,2,0,0
cand_turnover,36,4,2,0,0
cand_turnover,36,5,2,0,0
cand_turnover,36,6,2,0,0
cand_turnover,36,7,2,0,0
cand_turnover,36,8,2,0,0
cand_turnover,36,9,2,0,0
cand_turnover,36,10,3,1,0
cand_turnover,36,11,3,0,0
cand_turnover,36,12,4,1,0
cand_turnover,36,13,2,0,2
cand_turnover,36,14,2,0,0
cand_turnover,36,15,2,0,0
cand_turnover,36,16,2,0,0
cand_turnover,36,17,2,0,0
cand_turnover,36,18,1,0,1
cand_turnover,36,19,1,0,0
cand_turnover,36,20,3,2,0
cand_turnover,37,1,1,0,0
cand_turnover,37,2,2,1,0
cand_turnover,37,3,2,0,0
cand_turnover,37,4,2,0,0
cand_turnover,37,5,2,0,0
cand_turnover,37,6,2,0,0
cand_turnover,37,7,2,0,0
cand_turnover,37,8,2,0,0
cand_turnover,37,9,2,0,0
cand_turnover,37,10,1,0,1
cand_turnover,37,11,1,0,0
cand_turnover,37,12,1,0,0
cand_turnover,37,13,2,1,0
cand_turnover,37,14,2,0,0
cand_turnover,37,15,2,0,0
cand_turnover,37,16,2,0,0
cand_turnover,37,17,3,1,0
cand_turnover,37,18,1,0,2
cand_turnover,37,19,2,1,0
cand_turnover,37,20,2,0,0
cand_turnover,38,1,1,0,0
cand_turnover,38,2,2,1,0
cand_turnover,38,3,2,0,0
cand_turnover,38,4,2,0,0
cand_turnover,38,5,2,0,0
cand_turnover,38,6,2,0,0
cand_turnover,38,7,2,0,0
cand_turnover,38,8,2,0,0
cand_turnover,38,9,2,0,0
cand_turnover,38,10,1,0,1
cand_turnover,38,11,2,1,0
cand_turnover,38,12,1,0,1
cand_turnover,38,13,2,1,0
cand_turnover,38,14,2,0,0
cand_turnover,38,15,2,0,0
cand_turnover,38,16,2,0,0
cand_turnover,38,17,2,0,0
cand_turnover,38,18,2,0,0
cand_turnover,38,19,2,0,0
cand_turnover,38,20,2,0,0
cand_turnover,39,1,1,0,0
cand_turnover,39,2,2,1,0
cand_turnover,39,3,2,0,0
cand_turnover,39,4,2,0,0
cand_turnover,39,5,2,0,0
cand_turnover,39,6,2,0,0
cand_turnover,39,7,2,0,0
cand_turnover,39,8,3,1,0
cand_turnover,39,9,2,0,1
cand_turnover,39,10,3,1,0
cand_turnover,39,11,2,0,1
cand_turnover,39,12,3,1,0
cand_turnover,39,13,2,0,1
cand_turnover,39,14,2,0,0
cand_turnover,39,15,2,0,0
cand_turnover,39,16,3,1,0
cand_turnover,39,17,3,1,1
cand_turnover,39,18,2,0,1
cand_turnover,39,19,3,1,0
cand_turnover,39,20,4,1,0
cand_turnover,40,1,1,0,0
cand_turnover,40,2,2,1,0
cand_turnover,40,3,2,0,0
cand_turnover,40,4,2,0,0
cand_turnover,40,5,2,0,0
cand_turnover,40,6,2,0,0
cand_turnover,40,7,2,0,0
cand_turnover,40,8,2,0,0
cand_turnover,40,9,2,0,0
cand_turnover,40,10,1,0,1
cand_turnover,40,11,2,1,0
cand_turnover,40,12,1,0,1
cand_turnover,40,13,2,1,0
cand_turnover,40,14,2,0,0
cand_turnover,40,15,2,0,0
cand_turnover,40,16,2,0,0
cand_turnover,40,17,2,0,0
cand_turnover,40,18,2,0,0
cand_turnover,40,19,2,0,0
cand_turnover,40,20,1,0,1
cand_turnover,41,1,1,0,0
cand_turnover,41,2,2,1,0
cand_turnover,41,3,2,0,0
cand_turnover,41,4,2,0,0
cand_turnover,41,5,2,0,0
cand_turnover,41,6,2,0,0
cand_turnover,41,7,2,0,0
cand_turnover,41,8,2,0,0
cand_turnover,41,9,2,0,0
cand_turnover,41,10,2,0,0
cand_turnover,41,11,2,0,0
cand_turnover,41,12,2,0,0
cand_turnover,41,13,2,0,0
cand_turnover,41,14,2,0,0
cand_turnover,41,15,2,0,0
cand_turnover,41,16,1,0,1
cand_turnover,41,17,2,1,0
cand_turnover,41,18,2,0,0
cand_turnover,41,19,2,0,0
cand_turnover,41,20,2,0,0
cand_turnover,42,1,1,0,0
cand_turnover,42,2,2,1,0
cand_turnover,42,3,2,0,0
cand_turnover,42,4,2,0,0
cand_turnover,42,5,2,0,0
cand_turnover,42,6,2,0,0
cand_turnover,42,7,2,0,0
cand_turnover,42,8,3,1,0
cand_turnover,42,9,2,0,1
cand_turnover,42,10,3,1,0
cand_turnover,42,11,2,0,1
cand_turnover,42,12,2,0,0
cand_turnover,42,13,2,0,0
cand_turnover,42,14,2,0,0
cand_turnover,42,15,2,0,0
cand_turnover,42,16,3,1,0
cand_turnover,42,17,2,0,1
cand_turnover,42,18,3,1,0
cand_turnover,42,19,2,0,1
cand_turnover,42,20,2,0,0
cand_turnover,43,1,1,0,0
cand_turnover,43,2,2,1,0
cand_turnover,43,3,2,0,0
cand_turnover,43,4,2,0,0
cand_turnover,43,5,2,0,0
cand_turnover,43,6,2,0,0
cand_turnover,43,7,2,0,0
cand_turnover,43,8,2,0,0
cand_turnover,43,9,2,0,0
cand_turnover,43,10,2,0,0
cand_turnover,43,11,2,0,0
cand_turnover,43,12,2,0,0
cand_turnover,43,13,2,0,0
cand_turnover,43,14,3,1,0
cand_turnover,43,15,4,1,0
cand_turnover,43,16,1,0,3
cand_turnover,43,17,3,2,0
cand_turnover,43,18,2,0,1
cand_turnover,43,19,2,0,0
cand_turnover,43,20,3,1,0
cand_turnover,44,1,1,0,0
cand_turnover,44,2,2,1,0
cand_turnover,44,3,2,0,0
cand_turnover,44,4,2,0,0
cand_turnover,44,5,2,0,0
cand_turnover,44,6,2,0,0
cand_turnover,44,7,2,0,0
cand_turnover,44,8,3,1,0
cand_turnover,44,9,3,0,0
cand_turnover,44,10,1,0,2
cand_turnover,44,11,2,1,0
cand_turnover,44,12,2,0,0
cand_turnover,44,13,2,0,0
cand_turnover,44,14,2,0,0
cand_turnover,44,15,2,0,0
cand_turnover,44,16,2,0,0
cand_turnover,44,17,4,2,0
cand_turnover,44,18,5,1,0
cand_turnover,44,19,4,0,1
cand_turnover,44,20,2,0,2
cand_turnover,45,1,1,0,0
cand_turnover,45,2,2,1,0
cand_turnover,45,3,2,0,0
cand_turnover,45,4,2,0,0
cand_turnover,45,5,2,0,0
cand_turnover,45,6,2,0,0
cand_turnover,45,7,2,0,0
cand_turnover,45,8,2,0,0
cand_turnover,45,9,2,0,0
cand_turnover,45,10,3,1,0
cand_turnover,45,11,3,0,0
cand_turnover,45,12,3,0,0
cand_turnover,45,13,2,0,1
cand_turnover,45,14,2,0,0
cand_turnover,45,15,2,0,0
cand_turnover,45,16,3,1,0
cand_turnover,45,17,2,0,1
cand_turnover,45,18,3,1,0
cand_turnover,45,19,4,1,0
cand_turnover,45,20,4,1,1
cand_turnover,46,1,1,0,0
cand_turnover,46,2,2,1,0
cand_turnover,46,3,2,0,0
cand_turnover,46,4,2,0,0
cand_turnover,46,5,2,0,0
cand_turnover,46,6,2,0,0
cand_turnover,46,7,2,0,0
cand_turnover,46,8,2,0,0
cand_turnover,46,9,2,0,0
cand_turnover,46,10,1,0,1
cand_turnover,46,11,1,0,0
cand_turnover,46,12,1,0,0
cand_turnover,46,13,2,1,0
cand_turnover,46,14,2,0,0
cand_turnover,46,15,2,0,0
cand_turnover,46,16,2,0,0
cand_turnover,46,17,2,0,0
cand_turnover,46,18,3,1,0
cand_turnover,46,19,1,0,2
cand_turnover,46,20,2,1,0
cand_turnover,47,1,1,0,0
cand_turnover,47,2,2,1,0
cand_turnover,47,3,2,0,0
cand_turnover,47,4,2,0,0
cand_turnover,47,5,2,0,0
cand_turnover,47,6,2,0,0
cand_turnover,47,7,2,0,0
cand_turnover,47,8,2,0,0
cand_turnover,47,9,2,0,0
cand_turnover,47,10,1,0,1
cand_turnover,47,11,1,0,0
cand_turnover,47,12,1,0,0
cand_turnover,47,13,2,1,0
cand_turnover,47,14,2,0,0
cand_turnover,47,15,2,0,0
cand_turnover,47,16,1,0,1
cand_turnover,47,17,2,1,0
cand_turnover,47,18,1,0,1
cand_turnover,47,19,2,1,0
cand_turnover,47,20,1,0,1
cand_turnover,48,1,1,0,0
cand_turnover,48,2,2,1,0
cand_turnover,48,3,2,0,0
cand_turnover,48,4,2,0,0
cand_turnover,48,5,2,0,0
cand_turnover,48,6,2,0,0
cand_turnover,48,7,2,0,0
cand_turnover,48,8,3,1,0
cand_turnover,48,9,2,0,1
cand_turnover,48,10,3,1,0
cand_turnover,48,11,3,0,0
cand_turnover,48,12,3,0,0
cand_turnover,48,13,3,1,1
cand_turnover,48,14,3,0,0
cand_turnover,48,15,3,0,0
cand_turnover,48,16,4,1,0
cand_turnover,48,17,3,0,1
cand_turnover,48,18,4,1,0
cand_turnover,48,19,4,0,0
cand_turnover,48,20,3,0,1
cand_turnover,49,1,1,0,0
cand_turnover,49,2,2,1,0
cand_turnover,49,3,2,0,0
cand_turnover,49,4,2,0,0
cand_turnover,49,5,2,0,0
cand_turnover,49,6,2,0,0
cand_turnover,49,7,2,0,0
cand_turnover,49,8,2,0,0
cand_turnover,49,9,2,0,0
cand_turnover,49,10,1,0,1
cand_turnover,49,11,1,0,0
cand_turnover,49,12,1,0,0
cand_turnover,49,13,2,1,0
cand_turnover,49,14,3,1,0
cand_turnover,49,15,2,0,1
cand_turnover,49,16,1,0,1
cand_turnover,49,17,2,1,0
cand_turnover,49,18,1,0,1
cand_turnover,49,19,1,0,0
cand_turnover,49,20,2,1,0
cand_turnover,50,1,1,0,0
cand_turnover,50,2,2,1,0
cand_turnover,50,3,2,0,0
cand_turnover,50,4,2,0,0
cand_turnover,50,5,2,0,0
cand_turnover,50,6,2,0,0
cand_turnover,50,7,2,0,0
cand_turnover,50,8,2,0,0
cand_turnover,50,9,2,0,0
cand_turnover,50,10,1,0,1
cand_turnover,50,11,1,0,0
cand_turnover,50,12,1,0,0
cand_turnover,50,13,2,1,0
cand_turnover,50,14,2,0,0
cand_turnover,50,15,2,0,0
cand_turnover,50,16,1,0,1
cand_turnover,50,17,3,2,0
cand_turnover,50,18,1,0,2
cand_turnover,50,19,2,1,0
cand_turnover,50,20,2,0,0
cand_turnover,51,1,1,0,0
cand_turnover,51,2,2,1,0
cand_turnover,51,3,2,0,0
cand_turnover,51,4,2,0,0
cand_turnover,51,5,2,0,0
cand_turnover,51,6,2,0,0
cand_turnover,51,7,3,1,0
cand_turnover,51,8,4,1,0
cand_turnover,51,9,3,0,1
cand_turnover,51,10,3,0,0
cand_turnover,51,11,3,0,0
cand_turnover,51,12,3,1,1
cand_turnover,51,13,1,0,2
cand_turnover,51,14,1,0,0
cand_turnover,51,15,1,0,0
cand_turnover,51,16,1,0,0
cand_turnover,51,17,2,1,0
cand_turnover,51,18,1,0,1
cand_turnover,51,19,1,0,0
cand_turnover,51,20,1,0,0
cand_turnover,52,1,1,0,0
cand_turnover,52,2,2,1,0
cand_turnover,52,3,2,0,0
cand_turnover,52,4,2,0,0
cand_turnover,52,5,2,0,0
cand_turnover,52,6,2,0,0
cand_turnover,52,7,3,1,0
cand_turnover,52,8,1,0,2
cand_turnover,52,9,2,1,0
cand_turnover,52,10,3,1,0
cand_turnover,52,11,3,0,0
cand_turnover,52,12,1,0,2
cand_turnover,52,13,2,1,0
cand_turnover,52,14,2,0,0
cand_turnover,52,15,3,1,0
cand_turnover,52,16,4,1,0
cand_turnover,52,17,1,0,3
cand_turnover,52,18,1,0,0
cand_turnover,52,19,1,0,0
cand_turnover,52,20,2,1,0
cand_turnover,53,1,1,0,0
cand_turnover,53,2,2,1,0
cand_turnover,53,3,2,0,0
cand_turnover,53,4,2,0,0
cand_turnover,53,5,2,0,0
cand_turnover,53,6,2,0,0
cand_turnover,53,7,1,0,1
cand_turnover,53,8,2,1,0
cand_turnover,53,9,2,0,0
cand_turnover,53,10,1,0,1
cand_turnover,53,11,1,0,0
cand_turnover,53,12,1,0,0
cand_turnover,53,13,2,1,0
cand_turnover,53,14,2,0,0
cand_turnover,53,15,2,0,0
cand_turnover,53,16,1,0,1
cand_turnover,53,17,2,1,0
cand_turnover,53,18,2,0,0
cand_turnover,53,19,3,1,0
cand_turnover,53,20,2,0,1
cand_turnover,54,1,1,0,0
cand_turnover,54,2,2,1,0
cand_turnover,54,3,2,0,0
cand_turnover,54,4,2,0,0
cand_turnover,54,5,2,0,0
cand_turnover,54,6,2,0,0
cand_turnover,54,7,2,0,0
cand_turnover,54,8,1,0,1
cand_turnover,54,9,3,2,0
cand_turnover,54,10,2,0,1
cand_turnover,54,11,2,0,0
cand_turnover,54,12,2,0,0
cand_turnover,54,13,1,0,1
cand_turnover,54,14,1,0,0
cand_turnover,54,15,1,0,0
cand_turnover,54,16,1,0,0
cand_turnover,54,17,1,0,0
cand_turnover,54,18,1,0,0
cand_turnover,54,19,1,0,0
cand_turnover,54,20,1,0,0
cand_turnover,55,1,1,0,0
cand_turnover,55,2,2,1,0
cand_turnover,55,3,2,0,0
cand_turnover,55,4,2,0,0
cand_turnover,55,5,2,0,0
cand_turnover,55,6,2,0,0
cand_turnover,55,7,3,1,0
cand_turnover,55,8,1,0,2
cand_turnover,55,9,2,1,0
cand_turnover,55,10,3,1,0
cand_turnover,55,11,3,0,0
cand_turnover,55,12,3,0,0
cand_turnover,55,13,3,0,0
cand_turnover,55,14,3,0,0
cand_turnover,55,15,3,0,0
cand_turnover,55,16,3,0,0
cand_turnover,55,17,4,1,0
cand_turnover,55,18,3,0,1
cand_turnover,55,19,4,1,0
cand_turnover,55,20,3,0,1
cand_turnover,56,1,1,0,0
cand_turnover,56,2,2,1,0
cand_turnover,56,3,2,0,0
cand_turnover,56,4,2,0,0
cand_turnover,56,5,2,0,0
cand_turnover,56,6,2,0,0
cand_turnover,56,7,1,0,1
cand_turnover,56,8,1,0,0
cand_turnover,56,9,2,1,0
cand_turnover,56,10,1,0,1
cand_turnover,56,11,1,0,0
cand_turnover,56,12,1,0,0
cand_turnover,56,13,1,0,0
cand_turnover,56,14,1,0,0
cand_turnover,56,15,1,0,0
cand_turnover,56,16,1,0,0
cand_turnover,56,17,1,0,0
cand_turnover,56,18,2,1,0
cand_turnover,56,19,1,0,1
cand_turnover,56,20,2,1,0
cand_turnover,57,1,1,0,0
cand_turnover,57,2,2,1,0
cand_turnover,57,3,2,0,0
cand_turnover,57,4,2,0,0
cand_turnover,57,5,2,0,0
cand_turnover,57,6,2,0,0
cand_turnover,57,7,3,1,0
cand_turnover,57,8,1,0,2
cand_turnover,57,9,4,3,0
cand_turnover,57,10,5,1,0
cand_turnover,57,11,3,0,2
cand_turnover,57,12,3,1,1
cand_turnover,57,13,2,0,1
cand_turnover,57,14,2,0,0
cand_turnover,57,15,1,0,1
cand_turnover,57,16,2,1,0
cand_turnover,57,17,1,0,1
cand_turnover,57,18,2,1,0
cand_turnover,57,19,3,1,0
cand_turnover,57,20,1,0,2
cand_turnover,58,1,1,0,0
cand_turnover,58,2,2,1,0
cand_turnover,58,3,2,0,0
cand_turnover,58,4,2,0,0
cand_turnover,58,5,2,0,0
cand_turnover,58,6,2,0,0
cand_turnover,58,7,3,1,0
cand_turnover,58,8,2,0,1
cand_turnover,58,9,3,1,0
cand_turnover,58,10,1,0,2
cand_turnover,58,11,3,2,0
cand_turnover,58,12,1,0,2
cand_turnover,58,13,2,1,0
cand_turnover,58,14,2,0,0
cand_turnover,58,15,2,0,0
cand_turnover,58,16,2,0,0
cand_turnover,58,17,2,0,0
cand_turnover,58,18,3,1,0
cand_turnover,58,19,1,0,2
cand_turnover,58,20,1,0,0
cand_turnover,59,1,1,0,0
cand_turnover,59,2,2,1,0
cand_turnover,59,3,2,0,0
cand_turnover,59,4,2,0,0
cand_turnover,59,5,2,0,0
cand_turnover,59,6,2,0,0
cand_turnover,59,7,1,0,1
cand_turnover,59,8,2,1,0
cand_turnover,59,9,2,0,0
cand_turnover,59,10,1,0,1
cand_turnover,59,11,1,0,0
cand_turnover,59,12,1,0,0
cand_turnover,59,13,2,1,0
cand_turnover,59,14,2,0,0
cand_turnover,59,15,3,1,0
cand_turnover,59,16,3,1,1
cand_turnover,59,17,3,0,0
cand_turnover,59,18,1,0,2
cand_turnover,59,19,2,1,0
cand_turnover,59,20,1,0,1
cand_turnover,60,1,1,0,0
cand_turnover,60,2,2,1,0
cand_turnover,60,3,2,0,0
cand_turnover,60,4,2,0,0
cand_turnover,60,5,2,0,0
cand_turnover,60,6,2,0,0
cand_turnover,60,7,2,0,0
cand_turnover,60,8,2,0,0
cand_turnover,60,9,3,1,0
cand_turnover,60,10,4,1,0
cand_turnover,60,11,2,0,2
cand_turnover,60,12,2,0,0
cand_turnover,60,13,2,0,0
cand_turnover,60,14,2,0,0
cand_turnover,60,15,2,0,0
cand_turnover,60,16,3,1,0
cand_turnover,60,17,3,0,0
cand_turnover,60,18,1,0,2
cand_turnover,60,19,1,0,0
cand_turnover,60,20,1,0,0
cand_turnover,61,1,1,0,0
cand_turnover,61,2,2,1,0
cand_turnover,61,3,2,0,0
cand_turnover,61,4,2,0,0
cand_turnover,61,5,2,0,0
cand_turnover,61,6,2,0,0
cand_turnover,61,7,3,1,0
cand_turnover,61,8,3,0,0
cand_turnover,61,9,2,0,1
cand_turnover,61,10,1,0,1
cand_turnover,61,11,3,2,0
cand_turnover,61,12,2,0,1
cand_turnover,61,13,2,0,0
cand_turnover,61,14,2,0,0
cand_turnover,61,15,3,1,0
cand_turnover,61,16,1,0,2
cand_turnover,61,17,1,0,0
cand_turnover,61,18,1,0,0
cand_turnover,61,19,2,1,0
cand_turnover,61,20,3,1,0
cand_turnover,62,1,1,0,0
cand_turnover,62,2,2,1,0
cand_turnover,62,3,2,0,0
cand_turnover,62,4,2,0,0
cand_turnover,62,5,2,0,0
cand_turnover,62,6,2,0,0
cand_turnover,62,7,1,0,1
cand_turnover,62,8,1,0,0
cand_turnover,62,9,2,1,0
cand_turnover,62,10,1,0,1
cand_turnover,62,11,1,0,0
cand_turnover,62,12,2,1,0
cand_turnover,62,13,2,0,0
cand_turnover,62,14,3,1,0
cand_turnover,62,15,1,0,2
cand_turnover,62,16,1,0,0
cand_turnover,62,17,2,1,0
cand_turnover,62,18,2,0,0
cand_turnover,62,19,3,1,0
cand_turnover,62,20,3,0,0
cand_turnover,63,1,1,0,0
cand_turnover,63,2,2,1,0
cand_turnover,63,3,2,0,0
cand_turnover,63,4,2,0,0
cand_turnover,63,5,2,0,0
cand_turnover,63,6,2,0,0
cand_turnover,63,7,3,1,0
cand_turnover,63,8,1,0,2
cand_turnover,63,9,2,1,0
cand_turnover,63,10,3,1,0
cand_turnover,63,11,3,0,0
cand_turnover,63,12,4,1,0
cand_turnover,63,13,2,0,2
cand_turnover,63,14,4,2,0
cand_turnover,63,15,2,0,2
cand_turnover,63,16,2,0,0
cand_turnover,63,17,1,0,1
cand_turnover,63,18,2,1,0
cand_turnover,63,19,1,0,1
cand_turnover,63,20,1,0,0
cand_turnover,64,1,1,0,0
cand_turnover,64,2,2,1,0
cand_turnover,64,3,2,0,0
cand_turnover,64,4,2,0,0
cand_turnover,64,5,2,0,0
cand_turnover,64,6,2,0,0
cand_turnover,64,7,3,1,0
cand_turnover,64,8,1,0,2
cand_turnover,64,9,2,1,0
cand_turnover,64,10,1,0,1
cand_turnover,64,11,1,0,0
cand_turnover,64,12,1,0,0
cand_turnover,64,13,2,1,0
cand_turnover,64,14,2,0,0
cand_turnover,64,15,2,0,0
cand_turnover,64,16,2,0,0
cand_turnover,64,17,2,0,0
cand_turnover,64,18,2,0,0
cand_turnover,64,19,3,1,0
cand_turnover,64,20,3,0,0
cand_turnover,65,1,1,0,0
cand_turnover,65,2,2,1,0
cand_turnover,65,3,2,0,0
cand_turnover,65,4,2,0,0
cand_turnover,65,5,2,0,0
cand_turnover,65,6,2,0,0
cand_turnover,65,7,1,0,1
cand_turnover,65,8,1,0,0
cand_turnover,65,9,2,1,0
cand_turnover,65,10,1,0,1
cand_turnover,65,11,2,1,0
cand_turnover,65,12,1,0,1
cand_turnover,65,13,2,1,0
cand_turnover,65,14,2,0,0
cand_turnover,65,15,2,0,0
cand_turnover,65,16,2,0,0
cand_turnover,65,17,2,0,0
cand_turnover,65,18,2,0,0
cand_turnover,65,19,2,0,0
cand_turnover,65,20,2,0,0
cand_turnover,66,1,1,0,0
cand_turnover,66,2,2,1,0
cand_turnover,66,3,2,0,0
cand_turnover,66,4,2,0,0
cand_turnover,66,5,2,0,0
cand_turnover,66,6,2,0,0
cand_turnover,66,7,3,1,0
cand_turnover,66,8,1,0,2
cand_turnover,66,9,3,2,0
cand_turnover,66,10,3,0,0
cand_turnover,66,11,3,0,0
cand_turnover,66,12,2,0,1
cand_turnover,66,13,2,0,0
cand_turnover,66,14,1,0,1
cand_turnover,66,15,1,0,0
cand_turnover,66,16,1,0,0
cand_turnover,66,17,1,0,0
cand_turnover,66,18,2,1,0
cand_turnover,66,19,2,0,0
cand_turnover,66,20,1,0,1
cand_turnover,67,1,1,0,0
cand_turnover,67,2,2,1,0
cand_turnover,67,3,2,0,0
cand_turnover,67,4,2,0,0
cand_turnover,67,5,2,0,0
cand_turnover,67,6,2,0,0
cand_turnover,67,7,3,1,0
cand_turnover,67,8,1,0,2
cand_turnover,67,9,2,1,0
cand_turnover,67,10,3,1,0
cand_turnover,67,11,2,0,1
cand_turnover,67,12,2,0,0
cand_turnover,67,13,2,0,0
cand_turnover,67,14,3,1,0
cand_turnover,67,15,1,0,2
cand_turnover,67,16,1,0,0
cand_turnover,67,17,2,1,0
cand_turnover,67,18,1,0,1
cand_turnover,67,19,2,1,0
cand_turnover,67,20,3,1,0
cand_turnover,68,1,1,0,0
cand_turnover,68,2,2,1,0
cand_turnover,68,3,2,0,0
cand_turnover,68,4,2,0,0
cand_turnover,68,5,2,0,0
cand_turnover,68,6,2,0,0
cand_turnover,68,7,1,0,1
cand_turnover,68,8,2,1,0
cand_turnover,68,9,2,0,0
cand_turnover,68,10,1,0,1
cand_turnover,68,11,2,1,0
cand_turnover,68,12,2,0,0
cand_turnover,68,13,2,0,0
cand_turnover,68,14,3,1,0
cand_turnover,68,15,3,0,0
cand_turnover,68,16,3,0,0
cand_turnover,68,17,1,0,2
cand_turnover,68,18,4,3,0
cand_turnover,68,19,4,0,0
cand_turnover,68,20,1,0,3
cand_turnover,69,1,1,0,0
cand_turnover,69,2,2,1,0
cand_turnover,69,3,2,0,0
cand_turnover,69,4,2,0,0
cand_turnover,69,5,2,0,0
cand_turnover,69,6,2,0,0
cand_turnover,69,7,3,1,0
cand_turnover,69,8,3,0,0
cand_turnover,69,9,3,0,0
cand_turnover,69,10,4,1,0
cand_turnover,69,11,2,0,2
cand_turnover,69,12,3,1,0
cand_turnover,69,13,1,0,2
cand_turnover,69,14,1,0,0
cand_turnover,69,15,2,1,0
cand_turnover,69,16,2,0,0
cand_turnover,69,17,2,0,0
cand_turnover,69,18,1,0,1
cand_turnover,69,19,1,0,0
cand_turnover,69,20,1,0,0
cand_turnover,70,1,1,0,0
cand_turnover,70,2,2,1,0
cand_turnover,70,3,2,0,0
cand_turnover,70,4,2,0,0
cand_turnover,70,5,2,0,0
cand_turnover,70,6,2,0,0
cand_turnover,70,7,3,1,0
cand_turnover,70,8,2,0,1
cand_turnover,70,9,2,0,0
cand_turnover,70,10,1,0,1
cand_turnover,70,11,2,1,0
cand_turnover,70,12,1,0,1
cand_turnover,70,13,2,1,0
cand_turnover,70,14,2,0,0
cand_turnover,70,15,2,0,0
cand_turnover,70,16,2,0,0
cand_turnover,70,17,2,0,0
cand_turnover,70,18,1,0,1
cand_turnover,70,19,1,0,0
cand_turnover,70,20,2,1,0
cand_turnover,71,1,1,0,0
cand_turnover,71,2,2,1,0
cand_turnover,71,3,2,0,0
cand_turnover,71,4,2,0,0
cand_turnover,71,5,2,0,0
cand_turnover,71,6,2,0,0
cand_turnover,71,7,1,0,1
cand_turnover,71,8,3,2,0
cand_turnover,71,9,3,0,0
cand_turnover,71,10,1,0,2
cand_turnover,71,11,3,2,0
cand_turnover,71,12,2,0,1
cand_turnover,71,13,2,0,0
cand_turnover,71,14,2,0,0
cand_turnover,71,15,2,0,0
cand_turnover,71,16,2,0,0
cand_turnover,71,17,2,0,0
cand_turnover,71,18,2,0,0
cand_turnover,71,19,2,0,0
cand_turnover,71,20,2,0,0
cand_turnover,72,1,1,0,0
cand_turnover,72,2,2,1,0
cand_turnover,72,3,2,0,0
cand_turnover,72,4,2,0,0
cand_turnover,72,5,2,0,0
cand_turnover,72,6,2,0,0
cand_turnover,72,7,3,1,0
cand_turnover,72,8,1,0,2
cand_turnover,72,9,2,1,0
cand_turnover,72,10,3,1,0
cand_turnover,72,11,2,0,1
cand_turnover,72,12,2,0,0
cand_turnover,72,13,2,0,0
cand_turnover,72,14,2,0,0
cand_turnover,72,15,2,0,0
cand_turnover,72,16,3,1,0
cand_turnover,72,17,1,0,2
cand_turnover,72,18,1,0,0
cand_turnover,72,19,1,0,0
cand_turnover,72,20,1,0,0
cand_turnover,73,1,1,0,0
cand_turnover,73,2,2,1,0
cand_turnover,73,3,2,0,0
cand_turnover,73,4,2,0,0
cand_turnover,73,5,2,0,0
cand_turnover,73,6,2,0,0
cand_turnover,73,7,3,1,0
cand_turnover,73,8,1,0,2
cand_turnover,73,9,2,1,0
cand_turnover,73,10,2,0,0
cand_turnover,73,11,2,0,0
cand_turnover,73,12,2,0,0
cand_turnover,73,13,2,0,0
cand_turnover,73,14,2,0,0
cand_turnover,73,15,2,0,0
cand_turnover,73,16,1,0,1
cand_turnover,73,17,1,0,0
cand_turnover,73,18,3,2,0
cand_turnover,73,19,4,1,0
cand_turnover,73,20,3,0,1
cand_turnover,74,1,1,0,0
cand_turnover,74,2,2,1,0
cand_turnover,74,3,2,0,0
cand_turnover,74,4,2,0,0
cand_turnover,74,5,2,0,0
cand_turnover,74,6,2,0,0
cand_turnover,74,7,1,0,1
cand_turnover,74,8,1,0,0
cand_turnover,74,9,2,1,0
cand_turnover,74,10,1,0,1
cand_turnover,74,11,2,1,0
cand_turnover,74,12,2,0,0
cand_turnover,74,13,2,0,0
cand_turnover,74,14,2,0,0
cand_turnover,74,15,2,0,0
cand_turnover,74,16,1,0,1
cand_turnover,74,17,1,0,0
cand_turnover,74,18,1,0,0
cand_turnover,74,19,1,0,0
cand_turnover,74,20,2,1,0
cand_turnover,75,1,1,0,0
cand_turnover,75,2,2,1,0
cand_turnover,75,3,2,0,0
cand_turnover,75,4,2,0,0
cand_turnover,75,5,2,0,0
cand_turnover,75,6,2,0,0
cand_turnover,75,7,1,0,1
cand_turnover,75,8,1,0,0
cand_turnover,75,9,1,0,0
cand_turnover,75,10,1,0,0
cand_turnover,75,11,1,0,0
cand_turnover,75,12,3,2,0
cand_turnover,75,13,3,0,0
cand_turnover,75,14,4,1,0
cand_turnover,75,15,2,0,2
cand_turnover,75,16,2,0,0
cand_turnover,75,17,1,0,1
cand_turnover,75,18,1,0,0
cand_turnover,75,19,2,1,0
cand_turnover,75,20,2,0,0
cand_turnover,76,1,1,0,0
cand_turnover,76,2,2,1,0
cand_turnover,76,3,2,0,0
cand_turnover,76,4,2,0,0
cand_turnover,76,5,2,0,0
cand_turnover,76,6,2,0,0
cand_turnover,76,7,1,0,1
cand_turnover,76,8,3,2,0
cand_turnover,76,9,1,0,2
cand_turnover,76,10,2,1,0
cand_turnover,76,11,2,0,0
cand_turnover,76,12,2,0,0
cand_turnover,76,13,2,0,0
cand_turnover,76,14,1,0,1
cand_turnover,76,15,2,1,0
cand_turnover,76,16,2,0,0
cand_turnover,76,17,1,0,1
cand_turnover,76,18,1,0,0
cand_turnover,76,19,2,1,0
cand_turnover,76,20,2,0,0
cand_turnover,77,1,1,0,0
cand_turnover,77,2,2,1,0
cand_turnover,77,3,2,0,0
cand_turnover,77,4,2,0,0
cand_turnover,77,5,2,0,0
cand_turnover,77,6,2,0,0
cand_turnover,77,7,1,0,1
cand_turnover,77,8,1,0,0
cand_turnover,77,9,1,0,0
cand_turnover,77,10,2,1,0
cand_turnover,77,11,2,0,0
cand_turnover,77,12,2,0,0
cand_turnover,77,13,2,0,0
cand_turnover,77,14,2,0,0
cand_turnover,77,15,1,0,1
cand_turnover,77,16,1,0,0
cand_turnover,77,17,2,1,0
cand_turnover,77,18,2,0,0
cand_turnover,77,19,1,0,1
cand_turnover,77,20,2,1,0
cand_turnover,78,1,1,0,0
cand_turnover,78,2,2,1,0
cand_turnover,78,3,2,0,0
cand_turnover,78,4,2,0,0
cand_turnover,78,5,2,0,0
cand_turnover,78,6,2,0,0
cand_turnover,78,7,4,2,0
cand_turnover,78,8,1,0,3
cand_turnover,78,9,1,0,0
cand_turnover,78,10,2,1,0
cand_turnover,78,11,2,0,0
cand_turnover,78,12,3,1,0
cand_turnover,78,13,2,0,1
cand_turnover,78,14,3,1,0
cand_turnover,78,15,3,0,0
cand_turnover,78,16,4,1,0
cand_turnover,78,17,1,0,3
cand_turnover,78,18,1,0,0
cand_turnover,78,19,1,0,0
cand_turnover,78,20,1,0,0
cand_turnover,79,1,1,0,0
cand_turnover,79,2,2,1,0
cand_turnover,79,3,2,0,0
cand_turnover,79,4,2,0,0
cand_turnover,79,5,2,0,0
cand_turnover,79,6,2,0,0
cand_turnover,79,7,1,0,1
cand_turnover,79,8,3,2,0
cand_turnover,79,9,1,0,2
cand_turnover,79,10,1,0,0
cand_turnover,79,11,3,2,0
cand_turnover,79,12,1,0,2
cand_turnover,79,13,2,1,0
cand_turnover,79,14,1,0,1
cand_turnover,79,15,1,0,0
cand_turnover,79,16,1,0,0
cand_turnover,79,17,1,0,0
cand_turnover,79,18,2,1,0
cand_turnover,79,19,3,1,0
cand_turnover,79,20,2,0,1
cand_turnover,80,1,1,0,0
cand_turnover,80,2,2,1,0
cand_turnover,80,3,2,0,0
cand_turnover,80,4,2,0,0
cand_turnover,80,5,2,0,0
cand_turnover,80,6,2,0,0
cand_turnover,80,7,1,0,1
cand_turnover,80,8,1,0,0
cand_turnover,80,9,1,0,0
cand_turnover,80,10,1,0,0
cand_turnover,80,11,1,0,0
cand_turnover,80,12,2,1,0
cand_turnover,80,13,2,0,0
cand_turnover,80,14,2,0,0
cand_turnover,80,15,2,0,0
cand_turnover,80,16,1,0,1
cand_turnover,80,17,1,0,0
cand_turnover,80,18,2,1,0
cand_turnover,80,19,2,0,0
cand_turnover,80,20,2,0,0
cand_turnover,81,1,1,0,0
cand_turnover,81,2,2,1,0
cand_turnover,81,3,2,0,0
cand_turnover,81,4,2,0,0
cand_turnover,81,5,2,0,0
cand_turnover,81,6,2,0,0
cand_turnover,81,7,1,0,1
cand_turnover,81,8,1,0,0
cand_turnover,81,9,1,0,0
cand_turnover,81,10,1,0,0
cand_turnover,81,11,2,1,0
cand_turnover,81,12,2,0,0
cand_turnover,81,13,3,1,0
cand_turnover,81,14,2,0,1
cand_turnover,81,15,2,0,0
cand_turnover,81,16,2,0,0
cand_turnover,81,17,2,0,0
cand_turnover,81,18,3,1,0
cand_turnover,81,19,3,0,0
cand_turnover,81,20,3,1,1
cand_turnover,82,1,1,0,0
cand_turnover,82,2,2,1,0
cand_turnover,82,3,2,0,0
cand_turnover,82,4,2,0,0
cand_turnover,82,5,2,0,0
cand_turnover,82,6,2,0,0
cand_turnover,82,7,3,1,0
cand_turnover,82,8,3,0,0
cand_turnover,82,9,1,0,2
cand_turnover,82,10,4,3,0
cand_turnover,82,11,2,0,2
cand_turnover,82,12,2,0,0
cand_turnover,82,13,2,0,0
cand_turnover,82,14,2,0,0
cand_turnover,82,15,3,1,0
cand_turnover,82,16,2,0,1
cand_turnover,82,17,2,0,0
cand_turnover,82,18,1,0,1
cand_turnover,82,19,1,0,0
cand_turnover,82,20,2,1,0
cand_turnover,83,1,1,0,0
cand_turnover,83,2,2,1,0
cand_turnover,83,3,2,0,0
cand_turnover,83,4,2,0,0
cand_turnover,83,5,2,0,0
cand_turnover,83,6,2,0,0
cand_turnover,83,7,1,0,1
cand_turnover,83,8,1,0,0
cand_turnover,83,9,1,0,0
cand_turnover,83,10,1,0,0
cand_turnover,83,11,2,1,0
cand_turnover,83,12,2,0,0
cand_turnover,83,13,2,0,0
cand_turnover,83,14,2,0,0
cand_turnover,83,15,1,0,1
cand_turnover,83,16,2,1,0
cand_turnover,83,17,2,0,0
cand_turnover,83,18,1,0,1
cand_turnover,83,19,2,1,0
cand_turnover,83,20,1,0,1
cand_turnover,84,1,1,0,0
cand_turnover,84,2,2,1,0
cand_turnover,84,3,2,0,0
cand_turnover,84,4,2,0,0
cand_turnover,84,5,2,0,0
cand_turnover,84,6,2,0,0
cand_turnover,84,7,3,1,0
cand_turnover,84,8,3,1,1
cand_turnover,84,9,1,0,2
cand_turnover,84,10,1,0,0
cand_turnover,84,11,3,2,0
cand_turnover,84,12,3,0,0
cand_turnover,84,13,2,0,1
cand_turnover,84,14,2,0,0
cand_turnover,84,15,2,0,0
cand_turnover,84,16,2,0,0
cand_turnover,84,17,3,1,0
cand_turnover,84,18,3,0,0
cand_turnover,84,19,1,0,2
cand_turnover,84,20,1,0,0
cand_turnover,85,1,1,0,0
cand_turnover,85,2,2,1,0
cand_turnover,85,3,2,0,0
cand_turnover,85,4,2,0,0
cand_turnover,85,5,2,0,0
cand_turnover,85,6,2,0,0
cand_turnover,85,7,1,0,1
cand_turnover,85,8,2,1,0
cand_turnover,85,9,1,0,1
cand_turnover,85,10,1,0,0
cand_turnover,85,11,3,2,0
cand_turnover,85,12,3,0,0
cand_turnover,85,13,3,0,0
cand_turnover,85,14,3,0,0
cand_turnover,85,15,3,0,0
cand_turnover,85,16,2,0,1
cand_turnover,85,17,1,0,1
cand_turnover,85,18,1,0,0
cand_turnover,85,19,3,2,0
cand_turnover,85,20,1,0,2
cand_turnover,86,1,1,0,0
cand_turnover,86,2,2,1,0
cand_turnover,86,3,2,0,0
cand_turnover,86,4,2,0,0
cand_turnover,86,5,2,0,0
cand_turnover,86,6,2,0,0
cand_turnover,86,7,2,0,0
cand_turnover,86,8,2,0,0
cand_turnover,86,9,1,0,1
cand_turnover,86,10,1,0,0
cand_turnover,86,11,1,0,0
cand_turnover,86,12,1,0,0
cand_turnover,86,13,1,0,0
cand_turnover,86,14,1,0,0
cand_turnover,86,15,1,0,0
cand_turnover,86,16,2,1,0
cand_turnover,86,17,1,0,1
cand_turnover,86,18,1,0,0
cand_turnover,86,19,1,0,0
cand_turnover,86,20,1,0,0
cand_turnover,87,1,1,0,0
cand_turnover,87,2,2,1,0
cand_turnover,87,3,2,0,0
cand_turnover,87,4,2,0,0
cand_turnover,87,5,2,0,0
cand_turnover,87,6,2,0,0
cand_turnover,87,7,1,0,1
cand_turnover,87,8,4,3,0
cand_turnover,87,9,1,0,3
cand_turnover,87,10,4,3,0
cand_turnover,87,11,3,0,1
cand_turnover,87,12,4,1,0
cand_turnover,87,13,3,0,1
cand_turnover,87,14,1,0,2
cand_turnover,87,15,4,3,0
cand_turnover,87,16,3,0,1
cand_turnover,87,17,4,2,1
cand_turnover,87,18,4,1,1
cand_turnover,87,19,5,1,0
cand_turnover,87,20,3,0,2
cand_turnover,88,1,1,0,0
cand_turnover,88,2,2,1,0
cand_turnover,88,3,2,0,0
cand_turnover,88,4,2,0,0
cand_turnover,88,5,2,0,0
cand_turnover,88,6,2,0,0
cand_turnover,88,7,1,0,1
cand_turnover,88,8,1,0,0
cand_turnover,88,9,1,0,0
cand_turnover,88,10,1,0,0
cand_turnover,88,11,1,0,0
cand_turnover,88,12,1,0,0
cand_turnover,88,13,1,0,0
cand_turnover,88,14,1,0,0
cand_turnover,88,15,1,0,0
cand_turnover,88,16,1,0,0
cand_turnover,88,17,2,1,0
cand_turnover,88,18,1,0,1
cand_turnover,88,19,1,0,0
cand_turnover,88,20,1,0,0
cand_turnover,89,1,1,0,0
cand_turnover,89,2,2,1,0
cand_turnover,89,3,2,0,0
cand_turnover,89,4,2,0,0
cand_turnover,89,5,2,0,0
cand_turnover,89,6,2,0,0
cand_turnover,89,7,1,0,1
cand_turnover,89,8,1,0,0
cand_turnover,89,9,1,0,0
cand_turnover,89,10,1,0,0
cand_turnover,89,11,2,1,0
cand_turnover,89,12,1,0,1
cand_turnover,89,13,2,1,0
cand_turnover,89,14,2,0,0
cand_turnover,89,15,2,0,0
cand_turnover,89,16,2,0,0
cand_turnover,89,17,1,0,1
cand_turnover,89,18,2,1,0
cand_turnover,89,19,2,0,0
cand_turnover,89,20,2,0,0
cand_turnover,90,1,1,0,0
cand_turnover,90,2,2,1,0
cand_turnover,90,3,2,0,0
cand_turnover,90,4,2,0,0
cand_turnover,90,5,2,0,0
cand_turnover,90,6,2,0,0
cand_turnover,90,7,1,0,1
cand_turnover,90,8,1,0,0
cand_turnover,90,9,1,0,0
cand_turnover,90,10,1,0,0
cand_turnover,90,11,1,0,0
cand_turnover,90,12,2,1,0
cand_turnover,90,13,2,0,0
cand_turnover,90,14,1,0,1
cand_turnover,90,15,1,0,0
cand_turnover,90,16,1,0,0
cand_turnover,90,17,1,0,0
cand_turnover,90,18,1,0,0
cand_turnover,90,19,1,0,0
cand_turnover,90,20,1,0,0
cand_turnover,91,1,1,0,0
cand_turnover,91,2,2,1,0
cand_turnover,91,3,2,0,0
cand_turnover,91,4,2,0,0
cand_turnover,91,5,2,0,0
cand_turnover,91,6,2,0,0
cand_turnover,91,7,1,0,1
cand_turnover,91,8,1,0,0
cand_turnover,91,9,1,0,0
cand_turnover,91,10,1,0,0
cand_turnover,91,11,3,2,0
cand_turnover,91,12,3,0,0
cand_turnover,91,13,2,0,1
cand_turnover,91,14,3,1,0
cand_turnover,91,15,4,1,0
cand_turnover,91,16,4,0,0
cand_turnover,91,17,1,0,3
cand_turnover,91,18,1,0,0
cand_turnover,91,19,1,0,0
cand_turnover,91,20,1,0,0
cand_turnover,92,1,1,0,0
cand_turnover,92,2,2,1,0
cand_turnover,92,3,2,0,0
cand_turnover,92,4,2,0,0
cand_turnover,92,5,2,0,0
cand_turnover,92,6,2,0,0
cand_turnover,92,7,1,0,1
cand_turnover,92,8,1,0,0
cand_turnover,92,9,1,0,0
cand_turnover,92,10,1,0,0
cand_turnover,92,11,1,0,0
cand_turnover,92,12,1,0,0
cand_turnover,92,13,3,2,0
cand_turnover,92,14,1,0,2
cand_turnover,92,15,1,0,0
cand_turnover,92,16,1,0,0
cand_turnover,92,17,1,0,0
cand_turnover,92,18,1,0,0
cand_turnover,92,19,2,1,0
cand_turnover,92,20,3,1,0
cand_turnover,93,1,1,0,0
cand_turnover,93,2,2,1,0
cand_turnover,93,3,2,0,0
cand_turnover,93,4,2,0,0
cand_turnover,93,5,2,0,0
cand_turnover,93,6,2,0,0
cand_turnover,93,7,1,0,1
cand_turnover,93,8,1,0,0
cand_turnover,93,9,1,0,0
cand_turnover,93,10,1,0,0
cand_turnover,93,11,3,2,0
cand_turnover,93,12,4,1,0
cand_turnover,93,13,1,0,3
cand_turnover,93,14,3,2,0
cand_turnover,93,15,3,0,0
cand_turnover,93,16,2,0,1
cand_turnover,93,17,2,0,0
cand_turnover,93,18,3,1,0
cand_turnover,93,19,3,0,0
cand_turnover,93,20,5,2,0
cand_turnover,94,1,1,0,0
cand_turnover,94,2,2,1,0
cand_turnover,94,3,2,0,0
cand_turnover,94,4,2,0,0
cand_turnover,94,5,2,0,0
cand_turnover,94,6,2,0,0
cand_turnover,94,7,1,0,1
cand_turnover,94,8,2,1,0
cand_turnover,94,9,1,0,1
cand_turnover,94,10,1,0,0
cand_turnover,94,11,3,2,0
cand_turnover,94,12,1,0,2
cand_turnover,94,13,3,2,0
cand_turnover,94,14,2,0,1
cand_turnover,94,15,1,0,1
cand_turnover,94,16,4,3,0
cand_turnover,94,17,4,1,1
cand_turnover,94,18,1,0,3
cand_turnover,94,19,1,0,0
cand_turnover,94,20,1,0,0
cand_turnover,95,1,1,0,0
cand_turnover,95,2,2,1,0
cand_turnover,95,3,2,0,0
cand_turnover,95,4,2,0,0
cand_turnover,95,5,2,0,0
cand_turnover,95,6,2,0,0
cand_turnover,95,7,1,0,1
cand_turnover,95,8,2,1,0
cand_turnover,95,9,1,0,1
cand_turnover,95,10,1,0,0
cand_turnover,95,11,1,0,0
cand_turnover,95,12,1,0,0
cand_turnover,95,13,1,0,0
cand_turnover,95,14,2,1,0
cand_turnover,95,15,1,0,1
cand_turnover,95,16,1,0,0
cand_turnover,95,17,1,0,0
cand_turnover,95,18,1,0,0
cand_turnover,95,19,2,1,0
cand_turnover,95,20,1,0,1
cand_turnover,96,1,1,0,0
cand_turnover,96,2,2,1,0
cand_turnover,96,3,2,0,0
cand_turnover,96,4,2,0,0
cand_turnover,96,5,2,0,0
cand_turnover,96,6,2,0,0
cand_turnover,96,7,1,0,1
cand_turnover,96,8,2,1,0
cand_turnover,96,9,1,0,1
cand_turnover,96,10,1,0,0
cand_turnover,96,11,1,0,0
cand_turnover,96,12,1,0,0
cand_turnover,96,13,2,1,0
cand_turnover,96,14,1,0,1
cand_turnover,96,15,2,1,0
cand_turnover,96,16,2,0,0
cand_turnover,96,17,1,0,1
cand_turnover,96,18,3,2,0
cand_turnover,96,19,1,0,2
cand_turnover,96,20,1,0,0
cand_turnover,97,1,1,0,0
cand_turnover,97,2,2,1,0
cand_turnover,97,3,2,0,0
cand_turnover,97,4,2,0,0
cand_turnover,97,5,2,0,0
cand_turnover,97,6,2,0,0
cand_turnover,97,7,1,0,1
cand_turnover,97,8,4,3,0
cand_turnover,97,9,1,0,3
cand_turnover,97,10,1,0,0
cand_turnover,97,11,3,2,0
cand_turnover,97,12,4,1,0
cand_turnover,97,13,3,0,1
cand_turnover,97,14,4,1,0
cand_turnover,97,15,3,0,1
cand_turnover,97,16,4,1,0
cand_turnover,97,17,1,0,3
cand_turnover,97,18,1,0,0
cand_turnover,97,19,1,0,0
cand_turnover,97,20,1,0,0
cand_turnover,98,1,1,0,0
cand_turnover,98,2,2,1,0
cand_turnover,98,3,2,0,0
cand_turnover,98,4,2,0,0
cand_turnover,98,5,2,0,0
cand_turnover,98,6,2,0,0
cand_turnover,98,7,1,0,1
cand_turnover,98,8,1,0,0
cand_turnover,98,9,1,0,0
cand_turnover,98,10,1,0,0
cand_turnover,98,11,1,0,0
cand_turnover,98,12,1,0,0
cand_turnover,98,13,2,1,0
cand_turnover,98,14,1,0,1
cand_turnover,98,15,2,1,0
cand_turnover,98,16,1,0,1
cand_turnover,98,17,2,1,0
cand_turnover,98,18,2,0,0
cand_turnover,98,19,2,0,0
cand_turnover,98,20,2,0,0
cand_turnover,99,1,1,0,0
cand_turnover,99,2,2,1,0
cand_turnover,99,3,2,0,0
cand_turnover,99,4,2,0,0
cand_turnover,99,5,2,0,0
cand_turnover,99,6,2,0,0
cand_turnover,99,7,1,0,1
cand_turnover,99,8,1,0,0
cand_turnover,99,9,1,0,0
cand_turnover,99,10,1,0,0
cand_turnover,99,11,1,0,0
cand_turnover,99,12,1,0,0
cand_turnover,99,13,1,0,0
cand_turnover,99,14,1,0,0
cand_turnover,99,15,3,2,0
cand_turnover,99,16,3,0,0
cand_turnover,99,17,3,1,1
cand_turnover,99,18,4,2,1
cand_turnover,99,19,3,0,1
cand_turnover,99,20,4,2,1
cand_turnover,100,1,1,0,0
cand_turnover,100,2,2,1,0
cand_turnover,100,3,2,0,0
cand_turnover,100,4,2,0,0
cand_turnover,100,5,2,0,0
cand_turnover,100,6,2,0,0
cand_turnover,100,7,1,0,1
cand_turnover,100,8,1,0,0
cand_turnover,100,9,1,0,0
cand_turnover,100,10,1,0,0
cand_turnover,100,11,1,0,0
cand_turnover,100,12,1,0,0
cand_turnover,100,13,1,0,0
cand_turnover,100,14,1,0,0
cand_turnover,100,15,1,0,0
cand_turnover,100,16,1,0,0
cand_turnover,100,17,2,1,0
cand_turnover,100,18,1,0,1
cand_turnover,100,19,1,0,0
cand_turnover,100,20,2,1,0
cand_turnover,101,1,1,0,0
cand_turnover,101,2,2,1,0
cand_turnover,101,3,2,0,0
cand_turnover,101,4,2,0,0
cand_turnover,101,5,2,0,0
cand_turnover,101,6,2,0,0
cand_turnover,101,7,1,0,1
cand_turnover,101,8,1,0,0
cand_turnover,101,9,1,0,0
cand_turnover,101,10,1,0,0
cand_turnover,101,11,2,1,0
cand_turnover,101,12,2,0,0
cand_turnover,101,13,2,0,0
cand_turnover,101,14,2,0,0
cand_turnover,101,15,2,0,0
cand_turnover,101,16,2,0,0
cand_turnover,101,17,3,1,0
cand_turnover,101,18,3,0,0
cand_turnover,101,19,3,0,0
cand_turnover,101,20,1,0,2
cand_turnover,102,1,1,0,0
cand_turnover,102,2,2,1,0
cand_turnover,102,3,2,0,0
cand_turnover,102,4,2,0,0
cand_turnover,102,5,2,0,0
cand_turnover,102,6,2,0,0
cand_turnover,102,7,1,0,1
cand_turnover,102,8,4,3,0
cand_turnover,102,9,4,1,1
cand_turnover,102,10,3,0,1
cand_turnover,102,11,3,0,0
cand_turnover,102,12,3,0,0
cand_turnover,102,13,1,0,2
cand_turnover,102,14,1,0,0
cand_turnover,102,15,1,0,0
cand_turnover,102,16,2,1,0
cand_turnover,102,17,3,1,0
cand_turnover,102,18,3,0,0
cand_turnover,102,19,1,0,2
cand_turnover,102,20,2,1,0
cand_turnover,103,1,1,0,0
cand_turnover,103,2,2,1,0
cand_turnover,103,3,2,0,0
cand_turnover,103,4,2,0,0
cand_turnover,103,5,2,0,0
cand_turnover,103,6,2,0,0
cand_turnover,103,7,1,0,1
cand_turnover,103,8,1,0,0
cand_turnover,103,9,3,2,0
cand_turnover,103,10,3,0,0
cand_turnover,103,11,3,0,0
cand_turnover,103,12,3,0,0
cand_turnover,103,13,1,0,2
cand_turnover,103,14,3,2,0
cand_turnover,103,15,3,0,0
cand_turnover,103,16,3,0,0
cand_turnover,103,17,3,0,0
cand_turnover,103,18,4,1,0
cand_turnover,103,19,2,0,2
cand_turnover,103,20,3,1,0
cand_turnover,104,1,1,0,0
cand_turnover,104,2,2,1,0
cand_turnover,104,3,2,0,0
cand_turnover,104,4,2,0,0
cand_turnover,104,5,2,0,0
cand_turnover,104,6,2,0,0
cand_turnover,104,7,1,0,1
cand_turnover,104,8,1,0,0
cand_turnover,104,9,1,0,0
cand_turnover,104,10,1,0,0
cand_turnover,104,11,1,0,0
cand_turnover,104,12,1,0,0
cand_turnover,104,13,1,0,0
cand_turnover,104,14,2,1,0
cand_turnover,104,15,2,0,0
cand_turnover,104,16,2,0,0
cand_turnover,104,17,2,0,0
cand_turnover,104,18,1,0,1
cand_turnover,104,19,2,1,0
cand_turnover,104,20,2,0,0
cand_turnover,105,1,1,0,0
cand_turnover,105,2,2,1,0
cand_turnover,105,3,2,0,0
cand_turnover,105,4,2,0,0
cand_turnover,105,5,2,0,0
cand_turnover,105,6,2,0,0
cand_turnover,105,7,1,0,1
cand_turnover,105,8,4,3,0
cand_turnover,105,9,1,0,3
cand_turnover,105,10,1,0,0
cand_turnover,105,11,3,2,0
cand_turnover,105,12,3,0,0
cand_turnover,105,13,1,0,2
cand_turnover,105,14,2,1,0
cand_turnover,105,15,3,1,0
cand_turnover,105,16,4,1,0
cand_turnover,105,17,4,1,1
cand_turnover,105,18,4,1,1
cand_turnover,105,19,3,0,1
cand_turnover,105,20,4,1,0
cand_turnover,106,1,1,0,0
cand_turnover,106,2,2,1,0
cand_turnover,106,3,2,0,0
cand_turnover,106,4,2,0,0
cand_turnover,106,5,2,0,0
cand_turnover,106,6,2,0,0
cand_turnover,106,7,1,0,1
cand_turnover,106,8,1,0,0
cand_turnover,106,9,1,0,0
cand_turnover,106,10,1,0,0
cand_turnover,106,11,1,0,0
cand_turnover,106,12,1,0,0
cand_turnover,106,13,2,1,0
cand_turnover,106,14,2,0,0
cand_turnover,106,15,1,0,1
cand_turnover,106,16,1,0,0
cand_turnover,106,17,1,0,0
cand_turnover,106,18,1,0,0
cand_turnover,106,19,2,1,0
cand_turnover,106,20,1,0,1
cand_turnover,107,1,1,0,0
cand_turnover,107,2,2,1,0
cand_turnover,107,3,2,0,0
cand_turnover,107,4,2,0,0
cand_turnover,107,5,2,0,0
cand_turnover,107,6,2,0,0
cand_turnover,107,7,1,0,1
cand_turnover,107,8,1,0,0
cand_turnover,107,9,1,0,0
cand_turnover,107,10,1,0,0
cand_turnover,107,11,1,0,0
cand_turnover,107,12,2,1,0
cand_turnover,107,13,2,0,0
cand_turnover,107,14,2,0,0
cand_turnover,107,15,2,0,0
cand_turnover,107,16,2,0,0
cand_turnover,107,17,1,0,1
cand_turnover,107,18,2,1,0
cand_turnover,107,19,2,0,0
cand_turnover,107,20,2,0,0
cand_turnover,108,1,1,0,0
cand_turnover,108,2,2,1,0
cand_turnover,108,3,2,0,0
cand_turnover,108,4,2,0,0
cand_turnover,108,5,2,0,0
cand_turnover,108,6,2,0,0
cand_turnover,108,7,3,1,0
cand_turnover,108,8,1,0,2
cand_turnover,108,9,1,0,0
cand_turnover,108,10,1,0,0
cand_turnover,108,11,1,0,0
cand_turnover,108,12,1,0,0
cand_turnover,108,13,3,2,0
cand_turnover,108,14,4,1,0
cand_turnover,108,15,3,0,1
cand_turnover,108,16,2,0,1
cand_turnover,108,17,1,0,1
cand_turnover,108,18,1,0,0
cand_turnover,108,19,2,1,0
cand_turnover,108,20,2,0,0
cand_turnover,109,1,1,0,0
cand_turnover,109,2,2,1,0
cand_turnover,109,3,2,0,0
cand_turnover,109,4,2,0,0
cand_turnover,109,5,2,0,0
cand_turnover,109,6,2,0,0
cand_turnover,109,7,1,0,1
cand_turnover,109,8,1,0,0
cand_turnover,109,9,1,0,0
cand_turnover,109,10,1,0,0
cand_turnover,109,11,1,0,0
cand_turnover,109,12,2,1,0
cand_turnover,109,13,4,2,0
cand_turnover,109,14,1,0,3
cand_turnover,109,15,1,0,0
cand_turnover,109,16,5,4,0
cand_turnover,109,17,7,2,0
cand_turnover,109,18,7,0,0
cand_turnover,109,19,5,0,2
cand_turnover,109,20,5,0,0
cand_turnover,110,1,1,0,0
cand_turnover,110,2,2,1,0
cand_turnover,110,3,2,0,0
cand_turnover,110,4,2,0,0
cand_turnover,110,5,2,0,0
cand_turnover,110,6,2,0,0
cand_turnover,110,7,2,0,0
cand_turnover,110,8,1,0,1
cand_turnover,110,9,2,1,0
cand_turnover,110,10,2,0,0
cand_turnover,110,11,2,0,0
cand_turnover,110,12,2,0,0
cand_turnover,110,13,2,0,0
cand_turnover,110,14,1,0,1
cand_turnover,110,15,1,0,0
cand_turnover,110,16,1,0,0
cand_turnover,110,17,1,0,0
cand_turnover,110,18,1,0,0
cand_turnover,110,19,2,1,0
cand_turnover,110,20,2,0,0
cand_turnover,111,1,1,0,0
cand_turnover,111,2,2,1,0
cand_turnover,111,3,2,0,0
cand_turnover,111,4,2,0,0
cand_turnover,111,5,2,0,0
cand_turnover,111,6,2,0,0
cand_turnover,111,7,1,0,1
cand_turnover,111,8,3,2,0
cand_turnover,111,9,3,0,0
cand_turnover,111,10,3,0,0
cand_turnover,111,11,3,0,0
cand_turnover,111,12,3,0,0
cand_turnover,111,13,3,1,1
cand_turnover,111,14,1,0,2
cand_turnover,111,15,1,0,0
cand_turnover,111,16,4,3,0
cand_turnover,111,17,4,0,0
cand_turnover,111,18,6,2,0
cand_turnover,111,19,1,0,5
cand_turnover,111,20,3,2,0
cand_turnover,112,1,1,0,0
cand_turnover,112,2,2,1,0
cand_turnover,112,3,2,0,0
cand_turnover,112,4,2,0,0
cand_turnover,112,5,2,0,0
cand_turnover,112,6,2,0,0
cand_turnover,112,7,3,1,0
cand_turnover,112,8,3,1,1
cand_turnover,112,9,1,0,2
cand_turnover,112,10,1,0,0
cand_turnover,112,11,4,3,0
cand_turnover,112,12,3,0,1
cand_turnover,112,13,1,0,2
cand_turnover,112,14,1,0,0
cand_turnover,112,15,1,0,0
cand_turnover,112,16,1,0,0
cand_turnover,112,17,1,0,0
cand_turnover,112,18,1,0,0
cand_turnover,112,19,1,0,0
cand_turnover,112,20,1,0,0
cand_turnover,113,1,1,0,0
cand_turnover,113,2,2,1,0
cand_turnover,113,3,2,0,0
cand_turnover,113,4,2,0,0
cand_turnover,113,5,2,0,0
cand_turnover,113,6,2,0,0
cand_turnover,113,7,1,0,1
cand_turnover,113,8,2,1,0
cand_turnover,113,9,1,0,1
cand_turnover,113,10,1,0,0
cand_turnover,113,11,1,0,0
cand_turnover,113,12,1,0,0
cand_turnover,113,13,2,1,0
cand_turnover,113,14,1,0,1
cand_turnover,113,15,2,1,0
cand_turnover,113,16,2,0,0
cand_turnover,113,17,2,0,0
cand_turnover,113,18,1,0,1
cand_turnover,113,19,2,1,0
cand_turnover,113,20,3,1,0
cand_turnover,114,1,1,0,0
cand_turnover,114,2,2,1,0
cand_turnover,114,3,2,0,0
cand_turnover,114,4,2,0,0
cand_turnover,114,5,2,0,0
cand_turnover,114,6,2,0,0
cand_turnover,114,7,1,0,1
cand_turnover,114,8,1,0,0
cand_turnover,114,9,1,0,0
cand_turnover,114,10,1,0,0
cand_turnover,114,11,1,0,0
cand_turnover,114,12,2,1,0
cand_turnover,114,13,2,0,0
cand_turnover,114,14,2,0,0
cand_turnover,114,15,2,0,0
cand_turnover,114,16,2,0,0
cand_turnover,114,17,1,0,1
cand_turnover,114,18,1,0,0
cand_turnover,114,19,1,0,0
cand_turnover,114,20,1,0,0
cand_turnover,115,1,1,0,0
cand_turnover,115,2,2,1,0
cand_turnover,115,3,2,0,0
cand_turnover,115,4,2,0,0
cand_turnover,115,5,2,0,0
cand_turnover,115,6,2,0,0
cand_turnover,115,7,1,0,1
cand_turnover,115,8,1,0,0
cand_turnover,115,9,1,0,0
cand_turnover,115,10,1,0,0
cand_turnover,115,11,3,2,0
cand_turnover,115,12,2,0,1
cand_turnover,115,13,1,0,1
cand_turnover,115,14,1,0,0
cand_turnover,115,15,2,1,0
cand_turnover,115,16,3,1,0
cand_turnover,115,17,1,0,2
cand_turnover,115,18,1,0,0
cand_turnover,115,19,1,0,0
cand_turnover,115,20,1,0,0
cand_turnover,116,1,1,0,0
cand_turnover,116,2,2,1,0
cand_turnover,116,3,2,0,0
cand_turnover,116,4,2,0,0
cand_turnover,116,5,2,0,0
cand_turnover,116,6,2,0,0
cand_turnover,116,7,1,0,1
cand_turnover,116,8,1,0,0
cand_turnover,116,9,1,0,0
cand_turnover,116,10,1,0,0
cand_turnover,116,11,1,0,0
cand_turnover,116,12,2,1,0
cand_turnover,116,13,2,0,0
cand_turnover,116,14,2,0,0
cand_turnover,116,15,2,0,0
cand_turnover,116,16,1,0,1
cand_turnover,116,17,1,0,0
cand_turnover,116,18,1,0,0
cand_turnover,116,19,2,1,0
cand_turnover,116,20,1,0,1
cand_turnover,117,1,1,0,0
cand_turnover,117,2,2,1,0
cand_turnover,117,3,2,0,0
cand_turnover,117,4,2,0,0
cand_turnover,117,5,2,0,0
cand_turnover,117,6,2,0,0
cand_turnover,117,7,1,0,1
cand_turnover,117,8,1,0,0
cand_turnover,117,9,1,0,0
cand_turnover,117,10,1,0,0
cand_turnover,117,11,1,0,0
cand_turnover,117,12,1,0,0
cand_turnover,117,13,1,0,0
cand_turnover,117,14,1,0,0
cand_turnover,117,15,1,0,0
cand_turnover,117,16,2,1,0
cand_turnover,117,17,1,0,1
cand_turnover,117,18,1,0,0
cand_turnover,117,19,1,0,0
cand_turnover,117,20,2,1,0
cand_turnover,118,1,1,0,0
cand_turnover,118,2,2,1,0
cand_turnover,118,3,2,0,0
cand_turnover,118,4,2,0,0
cand_turnover,118,5,2,0,0
cand_turnover,118,6,2,0,0
cand_turnover,118,7,1,0,1
cand_turnover,118,8,1,0,0
cand_turnover,118,9,1,0,0
cand_turnover,118,10,1,0,0
cand_turnover,118,11,1,0,0
cand_turnover,118,12,3,2,0
cand_turnover,118,13,3,0,0
cand_turnover,118,14,3,0,0
cand_turnover,118,15,1,0,2
cand_turnover,118,16,1,0,0
cand_turnover,118,17,2,1,0
cand_turnover,118,18,3,1,0
cand_turnover,118,19,4,2,1
cand_turnover,118,20,1,0,3
cand_turnover,119,1,1,0,0
cand_turnover,119,2,2,1,0
cand_turnover,119,3,2,0,0
cand_turnover,119,4,2,0,0
cand_turnover,119,5,2,0,0
cand_turnover,119,6,2,0,0
cand_turnover,119,7,1,0,1
cand_turnover,119,8,1,0,0
cand_turnover,119,9,1,0,0
cand_turnover,119,10,1,0,0
cand_turnover,119,11,1,0,0
cand_turnover,119,12,1,0,0
cand_turnover,119,13,1,0,0
cand_turnover,119,14,1,0,0
cand_turnover,119,15,2,1,0
cand_turnover,119,16,2,0,0
cand_turnover,119,17,2,0,0
cand_turnover,119,18,2,0,0
cand_turnover,119,19,1,0,1
cand_turnover,119,20,1,0,0
cand_turnover,120,1,1,0,0
cand_turnover,120,2,2,1,0
cand_turnover,120,3,2,0,0
cand_turnover,120,4,2,0,0
cand_turnover,120,5,2,0,0
cand_turnover,120,6,2,0,0
cand_turnover,120,7,1,0,1
cand_turnover,120,8,3,2,0
cand_turnover,120,9,1,0,2
cand_turnover,120,10,1,0,0
cand_turnover,120,11,2,1,0
cand_turnover,120,12,1,0,1
cand_turnover,120,13,1,0,0
cand_turnover,120,14,1,0,0
cand_turnover,120,15,1,0,0
cand_turnover,120,16,1,0,0
cand_turnover,120,17,1,0,0
cand_turnover,120,18,1,0,0
cand_turnover,120,19,2,1,0
cand_turnover,120,20,3,1,0
cand_turnover,121,1,1,0,0
cand_turnover,121,2,2,1,0
cand_turnover,121,3,2,0,0
cand_turnover,121,4,2,0,0
cand_turnover,121,5,2,0,0
cand_turnover,121,6,2,0,0
cand_turnover,121,7,1,0,1
cand_turnover,121,8,2,1,0
cand_turnover,121,9,1,0,1
cand_turnover,121,10,1,0,0
cand_turnover,121,11,2,1,0
cand_turnover,121,12,2,0,0
cand_turnover,121,13,2,0,0
cand_turnover,121,14,2,0,0
cand_turnover,121,15,2,0,0
cand_turnover,121,16,3,1,0
cand_turnover,121,17,1,0,2
cand_turnover,121,18,1,0,0
cand_turnover,121,19,2,1,0
cand_turnover,121,20,1,0,1
cand_turnover,122,1,1,0,0
cand_turnover,122,2,2,1,0
cand_turnover,122,3,2,0,0
cand_turnover,122,4,2,0,0
cand_turnover,122,5,2,0,0
cand_turnover,122,6,2,0,0
cand_turnover,122,7,1,0,1
cand_turnover,122,8,2,1,0
cand_turnover,122,9,1,0,1
cand_turnover,122,10,1,0,0
cand_turnover,122,11,1,0,0
cand_turnover,122,12,1,0,0
cand_turnover,122,13,2,1,0
cand_turnover,122,14,1,0,1
cand_turnover,122,15,2,1,0
cand_turnover,122,16,1,0,1
cand_turnover,122,17,1,0,0
cand_turnover,122,18,2,1,0
cand_turnover,122,19,3,1,0
cand_turnover,122,20,3,0,0
cand_turnover,123,1,1,0,0
cand_turnover,123,2,2,1,0
cand_turnover,123,3,2,0,0
cand_turnover,123,4,2,0,0
cand_turnover,123,5,2,0,0
cand_turnover,123,6,2,0,0
cand_turnover,123,7,1,0,1
cand_turnover,123,8,1,0,0
cand_turnover,123,9,1,0,0
cand_turnover,123,10,1,0,0
cand_turnover,123,11,2,1,0
cand_turnover,123,12,2,0,0
cand_turnover,123,13,2,0,0
cand_turnover,123,14,2,0,0
cand_turnover,123,15,2,0,0
cand_turnover,123,16,3,1,0
cand_turnover,123,17,1,0,2
cand_turnover,123,18,2,1,0
cand_turnover,123,19,3,1,0
cand_turnover,123,20,1,0,2
cand_turnover,124,1,1,0,0
cand_turnover,124,2,2,1,0
cand_turnover,124,3,2,0,0
cand_turnover,124,4,2,0,0
cand_turnover,124,5,2,0,0
cand_turnover,124,6,2,0,0
cand_turnover,124,7,1,0,1
cand_turnover,124,8,1,0,0
cand_turnover,124,9,1,0,0
cand_turnover,124,10,1,0,0
cand_turnover,124,11,2,1,0
cand_turnover,124,12,2,0,0
cand_turnover,124,13,2,0,0
cand_turnover,124,14,2,0,0
cand_turnover,124,15,2,0,0
cand_turnover,124,16,1,0,1
cand_turnover,124,17,2,1,0
cand_turnover,124,18,1,0,1
cand_turnover,124,19,2,1,0
cand_turnover,124,20,1,0,1
cand_turnover,125,1,1,0,0
cand_turnover,125,2,2,1,0
cand_turnover,125,3,2,0,0
cand_turnover,125,4,2,0,0
cand_turnover,125,5,2,0,0
cand_turnover,125,6,2,0,0
cand_turnover,125,7,1,0,1
cand_turnover,125,8,1,0,0
cand_turnover,125,9,1,0,0
cand_turnover,125,10,1,0,0
cand_turnover,125,11,2,1,0
cand_turnover,125,12,2,0,0
cand_turnover,125,13,2,0,0
cand_turnover,125,14,2,0,0
cand_turnover,125,15,2,0,0
cand_turnover,125,16,2,0,0
cand_turnover,125,17,1,0,1
cand_turnover,125,18,1,0,0
cand_turnover,125,19,1,0,0
cand_turnover,125,20,1,0,0
cand_turnover,126,1,1,0,0
cand_turnover,126,2,2,1,0
cand_turnover,126,3,2,0,0
cand_turnover,126,4,2,0,0
cand_turnover,126,5,2,0,0
cand_turnover,126,6,2,0,0
cand_turnover,126,7,1,0,1
cand_turnover,126,8,1,0,0
cand_turnover,126,9,1,0,0
cand_turnover,126,10,1,0,0
cand_turnover,126,11,1,0,0
cand_turnover,126,12,1,0,0
cand_turnover,126,13,1,0,0
cand_turnover,126,14,2,1,0
cand_turnover,126,15,2,0,0
cand_turnover,126,16,3,1,0
cand_turnover,126,17,1,0,2
cand_turnover,126,18,1,0,0
cand_turnover,126,19,1,0,0
cand_turnover,126,20,3,2,0
cand_turnover,127,1,1,0,0
cand_turnover,127,2,2,1,0
cand_turnover,127,3,2,0,0
cand_turnover,127,4,2,0,0
cand_turnover,127,5,2,0,0
cand_turnover,127,6,2,0,0
cand_turnover,127,7,1,0,1
cand_turnover,127,8,1,0,0
cand_turnover,127,9,1,0,0
cand_turnover,127,10,1,0,0
cand_turnover,127,11,1,0,0
cand_turnover,127,12,1,0,0
cand_turnover,127,13,1,0,0
cand_turnover,127,14,2,1,0
cand_turnover,127,15,2,0,0
cand_turnover,127,16,2,0,0
cand_turnover,127,17,2,0,0
cand_turnover,127,18,2,0,0
cand_turnover,127,19,2,0,0
cand_turnover,127,20,1,0,1
cand_turnover,128,1,1,0,0
cand_turnover,128,2,2,1,0
cand_turnover,128,3,2,0,0
cand_turnover,128,4,2,0,0
cand_turnover,128,5,2,0,0
cand_turnover,128,6,2,0,0
cand_turnover,128,7,1,0,1
cand_turnover,128,8,2,1,0
cand_turnover,128,9,1,0,1
cand_turnover,128,10,2,1,0
cand_turnover,128,11,2,0,0
cand_turnover,128,12,2,0,0
cand_turnover,128,13,3,1,0
cand_turnover,128,14,2,0,1
cand_turnover,128,15,2,0,0
cand_turnover,128,16,1,0,1
cand_turnover,128,17,1,0,0
cand_turnover,128,18,1,0,0
cand_turnover,128,19,1,0,0
cand_turnover,128,20,1,0,0
cand_turnover,129,1,1,0,0
cand_turnover,129,2,2,1,0
cand_turnover,129,3,2,0,0
cand_turnover,129,4,2,0,0
cand_turnover,129,5,2,0,0
cand_turnover,129,6,2,0,0
cand_turnover,129,7,1,0,1
cand_turnover,129,8,1,0,0
cand_turnover,129,9,1,0,0
cand_turnover,129,10,1,0,0
cand_turnover,129,11,4,3,0
cand_turnover,129,12,3,0,1
cand_turnover,129,13,3,0,0
cand_turnover,129,14,2,0,1
cand_turnover,129,15,2,0,0
cand_turnover,129,16,1,0,1
cand_turnover,129,17,2,1,0
cand_turnover,129,18,2,0,0
cand_turnover,129,19,2,0,0
cand_turnover,129,20,3,1,0
cand_turnover,130,1,1,0,0
cand_turnover,130,2,2,1,0
cand_turnover,130,3,2,0,0
cand_turnover,130,4,2,0,0
cand_turnover,130,5,2,0,0
cand_turnover,130,6,2,0,0
cand_turnover,130,7,1,0,1
cand_turnover,130,8,1,0,0
cand_turnover,130,9,1,0,0
cand_turnover,130,10,1,0,0
cand_turnover,130,11,1,0,0
cand_turnover,130,12,2,1,0
cand_turnover,130,13,2,0,0
cand_turnover,130,14,2,0,0
cand_turnover,130,15,2,0,0
cand_turnover,130,16,2,0,0
cand_turnover,130,17,4,2,0
cand_turnover,130,18,1,0,3
cand_turnover,130,19,1,0,0
cand_turnover,130,20,1,0,0
cand_turnover,131,1,1,0,0
cand_turnover,131,2,2,1,0
cand_turnover,131,3,2,0,0
cand_turnover,131,4,2,0,0
cand_turnover,131,5,2,0,0
cand_turnover,131,6,2,0,0
cand_turnover,131,7,1,0,1
cand_turnover,131,8,2,1,0
cand_turnover,131,9,1,0,1
cand_turnover,131,10,1,0,0
cand_turnover,131,11,1,0,0
cand_turnover,131,12,2,1,0
cand_turnover,131,13,2,0,0
cand_turnover,131,14,2,0,0
cand_turnover,131,15,2,0,0
cand_turnover,131,16,2,0,0
cand_turnover,131,17,1,0,1
cand_turnover,131,18,1,0,0
cand_turnover,131,19,2,1,0
cand_turnover,131,20,2,0,0
cand_turnover,132,1,1,0,0
cand_turnover,132,2,2,1,0
cand_turnover,132,3,2,0,0
cand_turnover,132,4,2,0,0
cand_turnover,132,5,2,0,0
cand_turnover,132,6,2,0,0
cand_turnover,132,7,3,1,0
cand_turnover,132,8,1,0,2
cand_turnover,132,9,1,0,0
cand_turnover,132,10,1,0,0
cand_turnover,132,11,1,0,0
cand_turnover,132,12,1,0,0
cand_turnover,132,13,1,0,0
cand_turnover,132,14,1,0,0
cand_turnover,132,15,3,2,0
cand_turnover,132,16,3,0,0
cand_turnover,132,17,1,0,2
cand_turnover,132,18,1,0,0
cand_turnover,132,19,1,0,0
cand_turnover,132,20,1,0,0
cand_turnover,133,1,1,0,0
cand_turnover,133,2,2,1,0
cand_turnover,133,3,2,0,0
cand_turnover,133,4,2,0,0
cand_turnover,133,5,2,0,0
cand_turnover,133,6,2,0,0
cand_turnover,133,7,1,0,1
cand_turnover,133,8,1,0,0
cand_turnover,133,9,1,0,0
cand_turnover,133,10,1,0,0
cand_turnover,133,11,2,1,0
cand_turnover,133,12,2,0,0
cand_turnover,133,13,1,0,1
cand_turnover,133,14,1,0,0
cand_turnover,133,15,1,0,0
cand_turnover,133,16,1,0,0
cand_turnover,133,17,1,0,0
cand_turnover,133,18,1,0,0
cand_turnover,133,19,1,0,0
cand_turnover,133,20,1,0,0
cand_turnover,134,1,1,0,0
cand_turnover,134,2,2,1,0
cand_turnover,134,3,2,0,0
cand_turnover,134,4,2,0,0
cand_turnover,134,5,2,0,0
cand_turnover,134,6,2,0,0
cand_turnover,134,7,2,0,0
cand_turnover,134,8,1,0,1
cand_turnover,134,9,1,0,0
cand_turnover,134,10,1,0,0
cand_turnover,134,11,1,0,0
cand_turnover,134,12,1,0,0
cand_turnover,134,13,1,0,0
cand_turnover,134,14,1,0,0
cand_turnover,134,15,1,0,0
cand_turnover,134,16,1,0,0
cand_turnover,134,17,1,0,0
cand_turnover,134,18,1,0,0
cand_turnover,134,19,2,1,0
cand_turnover,134,20,3,1,0
cand_turnover,135,1,1,0,0
cand_turnover,135,2,2,1,0
cand_turnover,135,3,2,0,0
cand_turnover,135,4,2,0,0
cand_turnover,135,5,2,0,0
cand_turnover,135,6,2,0,0
cand_turnover,135,7,1,0,1
cand_turnover,135,8,1,0,0
cand_turnover,135,9,1,0,0
cand_turnover,135,10,1,0,0
cand_turnover,135,11,1,0,0
cand_turnover,135,12,1,0,0
cand_turnover,135,13,2,1,0
cand_turnover,135,14,1,0,1
cand_turnover,135,15,1,0,0
cand_turnover,135,16,1,0,0
cand_turnover,135,17,1,0,0
cand_turnover,135,18,1,0,0
cand_turnover,135,19,2,1,0
cand_turnover,135,20,1,0,1
cand_turnover,136,1,1,0,0
cand_turnover,136,2,2,1,0
cand_turnover,136,3,2,0,0
cand_turnover,136,4,2,0,0
cand_turnover,136,5,2,0,0
cand_turnover,136,6,2,0,0
cand_turnover,136,7,3,1,0
cand_turnover,136,8,1,0,2
cand_turnover,136,9,1,0,0
cand_turnover,136,10,1,0,0
cand_turnover,136,11,1,0,0
cand_turnover,136,12,3,2,0
cand_turnover,136,13,6,3,0
cand_turnover,136,14,4,0,2
cand_turnover,136,15,5,1,0
cand_turnover,136,16,4,0,1
cand_turnover,136,17,1,0,3
cand_turnover,136,18,1,0,0
cand_turnover,136,19,1,0,0
cand_turnover,136,20,2,1,0
cand_turnover,137,1,1,0,0
cand_turnover,137,2,2,1,0
cand_turnover,137,3,2,0,0
cand_turnover,137,4,2,0,0
cand_turnover,137,5,2,0,0
cand_turnover,137,6,2,0,0
cand_turnover,137,7,1,0,1
cand_turnover,137,8,1,0,0
cand_turnover,137,9,1,0,0
cand_turnover,137,10,1,0,0
cand_turnover,137,11,2,1,0
cand_turnover,137,12,2,0,0
cand_turnover,137,13,1,0,1
cand_turnover,137,14,1,0,0
cand_turnover,137,15,1,0,0
cand_turnover,137,16,1,0,0
cand_turnover,137,17,2,1,0
cand_turnover,137,18,1,0,1
cand_turnover,137,19,1,0,0
cand_turnover,137,20,3,2,0
cand_turnover,138,1,1,0,0
cand_turnover,138,2,2,1,0
cand_turnover,138,3,2,0,0
cand_turnover,138,4,2,0,0
cand_turnover,138,5,2,0,0
cand_turnover,138,6,2,0,0
cand_turnover,138,7,3,1,0
cand_turnover,138,8,1,0,2
cand_turnover,138,9,1,0,0
cand_turnover,138,10,1,0,0
cand_turnover,138,11,2,1,0
cand_turnover,138,12,2,0,0
cand_turnover,138,13,3,1,0
cand_turnover,138,14,2,0,1
cand_turnover,138,15,1,0,1
cand_turnover,138,16,1,0,0
cand_turnover,138,17,1,0,0
cand_turnover,138,18,1,0,0
cand_turnover,138,19,2,1,0
cand_turnover,138,20,1,0,1
cand_turnover,139,1,1,0,0
cand_turnover,139,2,2,1,0
cand_turnover,139,3,2,0,0
cand_turnover,139,4,2,0,0
cand_turnover,139,5,2,0,0
cand_turnover,139,6,2,0,0
cand_turnover,139,7,1,0,1
cand_turnover,139,8,1,0,0
cand_turnover,139,9,1,0,0
cand_turnover,139,10,1,0,0
cand_turnover,139,11,3,2,0
cand_turnover,139,12,3,0,0
cand_turnover,139,13,1,0,2
cand_turnover,139,14,1,0,0
cand_turnover,139,15,2,1,0
cand_turnover,139,16,2,0,0
cand_turnover,139,17,1,0,1
cand_turnover,139,18,1,0,0
cand_turnover,139,19,1,0,0
cand_turnover,139,20,2,1,0
cand_turnover,140,1,1,0,0
cand_turnover,140,2,2,1,0
cand_turnover,140,3,2,0,0
cand_turnover,140,4,2,0,0
cand_turnover,140,5,2,0,0
cand_turnover,140,6,2,0,0
cand_turnover,140,7,1,0,1
cand_turnover,140,8,1,0,0
cand_turnover,140,9,1,0,0
cand_turnover,140,10,1,0,0
cand_turnover,140,11,1,0,0
cand_turnover,140,12,1,0,0
cand_turnover,140,13,1,0,0
cand_turnover,140,14,2,1,0
cand_turnover,140,15,2,0,0
cand_turnover,140,16,2,0,0
cand_turnover,140,17,3,1,0
cand_turnover,140,18,1,0,2
cand_turnover,140,19,1,0,0
cand_turnover,140,20,2,1,0
cand_turnover,141,1,1,0,0
cand_turnover,141,2,2,1,0
cand_turnover,141,3,2,0,0
cand_turnover,141,4,2,0,0
cand_turnover,141,5,2,0,0
cand_turnover,141,6,2,0,0
cand_turnover,141,7,1,0,1
cand_turnover,141,8,1,0,0
cand_turnover,141,9,1,0,0
cand_turnover,141,10,1,0,0
cand_turnover,141,11,1,0,0
cand_turnover,141,12,1,0,0
cand_turnover,141,13,1,0,0
cand_turnover,141,14,1,0,0
cand_turnover,141,15,3,2,0
cand_turnover,141,16,3,0,0
cand_turnover,141,17,2,0,1
cand_turnover,141,18,1,0,1
cand_turnover,141,19,2,1,0
cand_turnover,141,20,1,0,1
cand_turnover,142,1,1,0,0
cand_turnover,142,2,2,1,0
cand_turnover,142,3,2,0,0
cand_turnover,142,4,2,0,0
cand_turnover,142,5,2,0,0
cand_turnover,142,6,2,0,0
cand_turnover,142,7,1,0,1
cand_turnover,142,8,1,0,0
cand_turnover,142,9,1,0,0
cand_turnover,142,10,1,0,0
cand_turnover,142,11,1,0,0
cand_turnover,142,12,1,0,0
cand_turnover,142,13,1,0,0
cand_turnover,142,14,1,0,0
cand_turnover,142,15,1,0,0
cand_turnover,142,16,1,0,0
cand_turnover,142,17,2,1,0
cand_turnover,142,18,2,0,0
cand_turnover,142,19,1,0,1
cand_turnover,142,20,1,0,0
cand_turnover,143,1,1,0,0
cand_turnover,143,2,2,1,0
cand_turnover,143,3,2,0,0
cand_turnover,143,4,2,0,0
cand_turnover,143,5,2,0,0
cand_turnover,143,6,2,0,0
cand_turnover,143,7,1,0,1
cand_turnover,143,8,1,0,0
cand_turnover,143,9,1,0,0
cand_turnover,143,10,1,0,0
cand_turnover,143,11,1,0,0
cand_turnover,143,12,2,1,0
cand_turnover,143,13,3,1,0
cand_turnover,143,14,3,0,0
cand_turnover,143,15,4,1,0
cand_turnover,143,16,3,0,1
cand_turnover,143,17,3,0,0
cand_turnover,143,18,3,0,0
cand_turnover,143,19,3,0,0
cand_turnover,143,20,2,0,1
cand_turnover,144,1,1,0,0
cand_turnover,144,2,2,1,0
cand_turnover,144,3,2,0,0
cand_turnover,144,4,2,0,0
cand_turnover,144,5,2,0,0
cand_turnover,144,6,2,0,0
cand_turnover,144,7,1,0,1
cand_turnover,144,8,1,0,0
cand_turnover,144,9,1,0,0
cand_turnover,144,10,1,0,0
cand_turnover,144,11,2,1,0
cand_turnover,144,12,2,0,0
cand_turnover,144,13,2,0,0
cand_turnover,144,14,2,0,0
cand_turnover,144,15,2,0,0
cand_turnover,144,16,2,0,0
cand_turnover,144,17,3,1,0
cand_turnover,144,18,3,0,0
cand_turnover,144,19,1,0,2
cand_turnover,144,20,1,0,0
cand_turnover,145,1,1,0,0
cand_turnover,145,2,2,1,0
cand_turnover,145,3,2,0,0
cand_turnover,145,4,2,0,0
cand_turnover,145,5,2,0,0
cand_turnover,145,6,2,0,0
cand_turnover,145,7,1,0,1
cand_turnover,145,8,1,0,0
cand_turnover,145,9,1,0,0
cand_turnover,145,10,1,0,0
cand_turnover,145,11,2,1,0
cand_turnover,145,12,2,0,0
cand_turnover,145,13,2,0,0
cand_turnover,145,14,3,1,0
cand_turnover,145,15,2,0,1
cand_turnover,145,16,3,1,0
cand_turnover,145,17,1,0,2
cand_turnover,145,18,1,0,0
cand_turnover,145,19,2,1,0
cand_turnover,145,20,4,2,0
cand_turnover,146,1,1,0,0
cand_turnover,146,2,2,1,0
cand_turnover,146,3,2,0,0
cand_turnover,146,4,2,0,0
cand_turnover,146,5,2,0,0
cand_turnover,146,6,2,0,0
cand_turnover,146,7,1,0,1
cand_turnover,146,8,1,0,0
cand_turnover,146,9,1,0,0
cand_turnover,146,10,1,0,0
cand_turnover,146,11,2,1,0
cand_turnover,146,12,2,0,0
cand_turnover,146,13,2,0,0
cand_turnover,146,14,2,0,0
cand_turnover,146,15,2,0,0
cand_turnover,146,16,1,0,1
cand_turnover,146,17,1,0,0
cand_turnover,146,18,1,0,0
cand_turnover,146,19,2,1,0
cand_turnover,146,20,1,0,1
cand_turnover,147,1,1,0,0
cand_turnover,147,2,2,1,0
cand_turnover,147,3,2,0,0
cand_turnover,147,4,2,0,0
cand_turnover,147,5,2,0,0
cand_turnover,147,6,2,0,0
cand_turnover,147,7,1,0,1
cand_turnover,147,8,1,0,0
cand_turnover,147,9,1,0,0
cand_turnover,147,10,1,0,0
cand_turnover,147,11,4,3,0
cand_turnover,147,12,3,0,1
cand_turnover,147,13,3,0,0
cand_turnover,147,14,3,1,1
cand_turnover,147,15,3,1,1
cand_turnover,147,16,2,0,1
cand_turnover,147,17,1,0,1
cand_turnover,147,18,1,0,0
cand_turnover,147,19,1,0,0
cand_turnover,147,20,1,0,0
cand_turnover,148,1,1,0,0
cand_turnover,148,2,2,1,0
cand_turnover,148,3,2,0,0
cand_turnover,148,4,2,0,0
cand_turnover,148,5,2,0,0
cand_turnover,148,6,2,0,0
cand_turnover,148,7,1,0,1
cand_turnover,148,8,1,0,0
cand_turnover,148,9,1,0,0
cand_turnover,148,10,1,0,0
cand_turnover,148,11,1,0,0
cand_turnover,148,12,2,1,0
cand_turnover,148,13,2,0,0
cand_turnover,148,14,2,0,0
cand_turnover,148,15,1,0,1
cand_turnover,148,16,2,1,0
cand_turnover,148,17,3,1,0
cand_turnover,148,18,4,1,0
cand_turnover,148,19,1,0,3
cand_turnover,148,20,1,0,0
cand_turnover,149,1,1,0,0
cand_turnover,149,2,2,1,0
cand_turnover,149,3,2,0,0
cand_turnover,149,4,2,0,0
cand_turnover,149,5,2,0,0
cand_turnover,149,6,2,0,0
cand_turnover,149,7,1,0,1
cand_turnover,149,8,1,0,0
cand_turnover,149,9,1,0,0
cand_turnover,149,10,1,0,0
cand_turnover,149,11,2,1,0
cand_turnover,149,12,2,0,0
cand_turnover,149,13,2,0,0
cand_turnover,149,14,2,0,0
cand_turnover,149,15,2,0,0
cand_turnover,149,16,2,0,0
cand_turnover,149,17,1,0,1
cand_turnover,149,18,1,0,0
cand_turnover,149,19,2,1,0
cand_turnover,149,20,4,2,0
cand_turnover,150,1,1,0,0
cand_turnover,150,2,2,1,0
cand_turnover,150,3,2,0,0
cand_turnover,150,4,2,0,0
cand_turnover,150,5,2,0,0
cand_turnover,150,6,2,0,0
cand_turnover,150,7,1,0,1
cand_turnover,150,8,1,0,0
cand_turnover,150,9,1,0,0
cand_turnover,150,10,1,0,0
cand_turnover,150,11,1,0,0
cand_turnover,150,12,4,3,0
cand_turnover,150,13,1,0,3
cand_turnover,150,14,4,3,0
cand_turnover,150,15,4,0,0
cand_turnover,150,16,5,1,0
cand_turnover,150,17,5,0,0
cand_turnover,150,18,4,0,1
cand_turnover,150,19,4,0,0
cand_turnover,150,20,4,0,0
cand_turnover,151,1,1,0,0
cand_turnover,151,2,2,1,0
cand_turnover,151,3,2,0,0
cand_turnover,151,4,2,0,0
cand_turnover,151,5,2,0,0
cand_turnover,151,6,2,0,0
cand_turnover,151,7,1,0,1
cand_turnover,151,8,1,0,0
cand_turnover,151,9,1,0,0
cand_turnover,151,10,1,0,0
cand_turnover,151,11,1,0,0
cand_turnover,151,12,1,0,0
cand_turnover,151,13,1,0,0
cand_turnover,151,14,1,0,0
cand_turnover,151,15,1,0,0
cand_turnover,151,16,1,0,0
cand_turnover,151,17,1,0,0
cand_turnover,151,18,1,0,0
cand_turnover,151,19,1,0,0
cand_turnover,151,20,1,0,0
cand_turnover,152,1,1,0,0
cand_turnover,152,2,2,1,0
cand_turnover,152,3,2,0,0
cand_turnover,152,4,2,0,0
cand_turnover,152,5,2,0,0
cand_turnover,152,6,2,0,0
cand_turnover,152,7,1,0,1
cand_turnover,152,8,1,0,0
cand_turnover,152,9,1,0,0
cand_turnover,152,10,1,0,0
cand_turnover,152,11,1,0,0
cand_turnover,152,12,2,1,0
cand_turnover,152,13,1,0,1
cand_turnover,152,14,2,1,0
cand_turnover,152,15,2,0,0
cand_turnover,152,16,1,0,1
cand_turnover,152,17,1,0,0
cand_turnover,152,18,1,0,0
cand_turnover,152,19,1,0,0
cand_turnover,152,20,1,0,0
cand_turnover,153,1,1,0,0
cand_turnover,153,2,2,1,0
cand_turnover,153,3,2,0,0
cand_turnover,153,4,2,0,0
cand_turnover,153,5,2,0,0
cand_turnover,153,6,2,0,0
cand_turnover,153,7,1,0,1
cand_turnover,153,8,1,0,0
cand_turnover,153,9,1,0,0
cand_turnover,153,10,1,0,0
cand_turnover,153,11,1,0,0
cand_turnover,153,12,1,0,0
cand_turnover,153,13,1,0,0
cand_turnover,153,14,3,2,0
cand_turnover,153,15,1,0,2
cand_turnover,153,16,4,3,0
cand_turnover,153,17,1,0,3
cand_turnover,153,18,4,3,0
cand_turnover,153,19,4,1,1
cand_turnover,153,20,3,0,1
cand_turnover,154,1,1,0,0
cand_turnover,154,2,2,1,0
cand_turnover,154,3,2,0,0
cand_turnover,154,4,2,0,0
cand_turnover,154,5,2,0,0
cand_turnover,154,6,2,0,0
cand_turnover,154,7,1,0,1
cand_turnover,154,8,3,2,0
cand_turnover,154,9,3,0,0
cand_turnover,154,10,3,0,0
cand_turnover,154,11,3,0,0
cand_turnover,154,12,3,0,0
cand_turnover,154,13,3,0,0
cand_turnover,154,14,3,0,0
cand_turnover,154,15,1,0,2
cand_turnover,154,16,1,0,0
cand_turnover,154,17,1,0,0
cand_turnover,154,18,1,0,0
cand_turnover,154,19,1,0,0
cand_turnover,154,20,1,0,0
cand_turnover,155,1,1,0,0
cand_turnover,155,2,2,1,0
cand_turnover,155,3,2,0,0
cand_turnover,155,4,2,0,0
cand_turnover,155,5,2,0,0
cand_turnover,155,6,2,0,0
cand_turnover,155,7,1,0,1
cand_turnover,155,8,1,0,0
cand_turnover,155,9,1,0,0
cand_turnover,155,10,1,0,0
cand_turnover,155,11,1,0,0
cand_turnover,155,12,1,0,0
cand_turnover,155,13,1,0,0
cand_turnover,155,14,1,0,0
cand_turnover,155,15,2,1,0
cand_turnover,155,16,2,0,0
cand_turnover,155,17,1,0,1
cand_turnover,155,18,2,1,0
cand_turnover,155,19,1,0,1
cand_turnover,155,20,2,1,0
cand_turnover,156,1,1,0,0
cand_turnover,156,2,2,1,0
cand_turnover,156,3,2,0,0
cand_turnover,156,4,2,0,0
cand_turnover,156,5,2,0,0
cand_turnover,156,6,2,0,0
cand_turnover,156,7,4,2,0
cand_turnover,156,8,1,0,3
cand_turnover,156,9,1,0,0
cand_turnover,156,10,1,0,0
cand_turnover,156,11,1,0,0
cand_turnover,156,12,2,1,0
cand_turnover,156,13,3,1,0
cand_turnover,156,14,1,0,2
cand_turnover,156,15,1,0,0
cand_turnover,156,16,3,2,0
cand_turnover,156,17,1,0,2
cand_turnover,156,18,1,0,0
cand_turnover,156,19,1,0,0
cand_turnover,156,20,1,0,0
cand_turnover,157,1,1,0,0
cand_turnover,157,2,2,1,0
cand_turnover,157,3,2,0,0
cand_turnover,157,4,2,0,0
cand_turnover,157,5,2,0,0
cand_turnover,157,6,2,0,0
cand_turnover,157,7,1,0,1
cand_turnover,157,8,3,2,0
cand_turnover,157,9,3,0,0
cand_turnover,157,10,3,0,0
cand_turnover,157,11,3,0,0
cand_turnover,157,12,3,0,0
cand_turnover,157,13,1,0,2
cand_turnover,157,14,1,0,0
cand_turnover,157,15,1,0,0
cand_turnover,157,16,1,0,0
cand_turnover,157,17,1,0,0
cand_turnover,157,18,1,0,0
cand_turnover,157,19,1,0,0
cand_turnover,157,20,2,1,0
cand_turnover,158,1,1,0,0
cand_turnover,158,2,2,1,0
cand_turnover,158,3,2,0,0
cand_turnover,158,4,2,0,0
cand_turnover,158,5,2,0,0
cand_turnover,158,6,2,0,0
cand_turnover,158,7,1,0,1
cand_turnover,158,8,1,0,0
cand_turnover,158,9,1,0,0
cand_turnover,158,10,1,0,0
cand_turnover,158,11,1,0,0
cand_turnover,158,12,1,0,0
cand_turnover,158,13,1,0,0
cand_turnover,158,14,1,0,0
cand_turnover,158,15,1,0,0
cand_turnover,158,16,1,0,0
cand_turnover,158,17,1,0,0
cand_turnover,158,18,1,0,0
cand_turnover,158,19,2,1,0
cand_turnover,158,20,2,0,0
cand_turnover,159,1,1,0,0
cand_turnover,159,2,2,1,0
cand_turnover,159,3,2,0,0
cand_turnover,159,4,2,0,0
cand_turnover,159,5,2,0,0
cand_turnover,159,6,2,0,0
cand_turnover,159,7,1,0,1
cand_turnover,159,8,1,0,0
cand_turnover,159,9,1,0,0
cand_turnover,159,10,1,0,0
cand_turnover,159,11,2,1,0
cand_turnover,159,12,2,0,0
cand_turnover,159,13,1,0,1
cand_turnover,159,14,2,1,0
cand_turnover,159,15,1,0,1
cand_turnover,159,16,1,0,0
cand_turnover,159,17,2,1,0
cand_turnover,159,18,1,0,1
cand_turnover,159,19,1,0,0
cand_turnover,159,20,1,0,0
cand_turnover,160,1,1,0,0
cand_turnover,160,2,2,1,0
cand_turnover,160,3,2,0,0
cand_turnover,160,4,2,0,0
cand_turnover,160,5,2,0,0
cand_turnover,160,6,2,0,0
cand_turnover,160,7,3,1,0
cand_turnover,160,8,1,0,2
cand_turnover,160,9,1,0,0
cand_turnover,160,10,1,0,0
cand_turnover,160,11,1,0,0
cand_turnover,160,12,1,0,0
cand_turnover,160,13,1,0,0
cand_turnover,160,14,2,1,0
cand_turnover,160,15,3,1,0
cand_turnover,160,16,2,0,1
cand_turnover,160,17,2,0,0
cand_turnover,160,18,2,0,0
cand_turnover,160,19,1,0,1
cand_turnover,160,20,1,0,0
cand_turnover,161,1,1,0,0
cand_turnover,161,2,2,1,0
cand_turnover,161,3,2,0,0
cand_turnover,161,4,2,0,0
cand_turnover,161,5,2,0,0
cand_turnover,161,6,2,0,0
cand_turnover,161,7,1,0,1
cand_turnover,161,8,1,0,0
cand_turnover,161,9,1,0,0
cand_turnover,161,10,1,0,0
cand_turnover,161,11,1,0,0
cand_turnover,161,12,2,1,0
cand_turnover,161,13,2,0,0
cand_turnover,161,14,2,0,0
cand_turnover,161,15,1,0,1
cand_turnover,161,16,2,1,0
cand_turnover,161,17,1,0,1
cand_turnover,161,18,1,0,0
cand_turnover,161,19,1,0,0
cand_turnover,161,20,2,1,0
cand_turnover,162,1,1,0,0
cand_turnover,162,2,2,1,0
cand_turnover,162,3,2,0,0
cand_turnover,162,4,2,0,0
cand_turnover,162,5,2,0,0
cand_turnover,162,6,2,0,0
cand_turnover,162,7,4,2,0
cand_turnover,162,8,1,0,3
cand_turnover,162,9,1,0,0
cand_turnover,162,10,1,0,0
cand_turnover,162,11,3,2,0
cand_turnover,162,12,3,0,0
cand_turnover,162,13,1,0,2
cand_turnover,162,14,4,3,0
cand_turnover,162,15,3,0,1
cand_turnover,162,16,3,0,0
cand_turnover,162,17,1,0,2
cand_turnover,162,18,1,0,0
cand_turnover,162,19,1,0,0
cand_turnover,162,20,3,2,0
cand_turnover,163,1,1,0,0
cand_turnover,163,2,2,1,0
cand_turnover,163,3,2,0,0
cand_turnover,163,4,2,0,0
cand_turnover,163,5,2,0,0
cand_turnover,163,6,2,0,0
cand_turnover,163,7,1,0,1
cand_turnover,163,8,1,0,0
cand_turnover,163,9,1,0,0
cand_turnover,163,10,1,0,0
cand_turnover,163,11,2,1,0
cand_turnover,163,12,2,0,0
cand_turnover,163,13,2,0,0
cand_turnover,163,14,1,0,1
cand_turnover,163,15,2,1,0
cand_turnover,163,16,2,0,0
cand_turnover,163,17,3,1,0
cand_turnover,163,18,2,0,1
cand_turnover,163,19,2,0,0
cand_turnover,163,20,1,0,1
cand_turnover,164,1,1,0,0
cand_turnover,164,2,2,1,0
cand_turnover,164,3,2,0,0
cand_turnover,164,4,2,0,0
cand_turnover,164,5,2,0,0
cand_turnover,164,6,2,0,0
cand_turnover,164,7,2,0,0
cand_turnover,164,8,1,0,1
cand_turnover,164,9,1,0,0
cand_turnover,164,10,1,0,0
cand_turnover,164,11,1,0,0
cand_turnover,164,12,1,0,0
cand_turnover,164,13,1,0,0
cand_turnover,164,14,1,0,0
cand_turnover,164,15,2,1,0
cand_turnover,164,16,2,0,0
cand_turnover,164,17,1,0,1
cand_turnover,164,18,2,1,0
cand_turnover,164,19,2,0,0
cand_turnover,164,20,2,0,0
cand_turnover,165,1,1,0,0
cand_turnover,165,2,2,1,0
cand_turnover,165,3,2,0,0
cand_turnover,165,4,2,0,0
cand_turnover,165,5,2,0,0
cand_turnover,165,6,2,0,0
cand_turnover,165,7,1,0,1
cand_turnover,165,8,1,0,0
cand_turnover,165,9,1,0,0
cand_turnover,165,10,1,0,0
cand_turnover,165,11,1,0,0
cand_turnover,165,12,1,0,0
cand_turnover,165,13,2,1,0
cand_turnover,165,14,2,0,0
cand_turnover,165,15,1,0,1
cand_turnover,165,16,1,0,0
cand_turnover,165,17,1,0,0
cand_turnover,165,18,1,0,0
cand_turnover,165,19,1,0,0
cand_turnover,165,20,2,1,0
cand_turnover,166,1,1,0,0
cand_turnover,166,2,2,1,0
cand_turnover,166,3,2,0,0
cand_turnover,166,4,2,0,0
cand_turnover,166,5,2,0,0
cand_turnover,166,6,2,0,0
cand_turnover,166,7,1,0,1
cand_turnover,166,8,1,0,0
cand_turnover,166,9,1,0,0
cand_turnover,166,10,1,0,0
cand_turnover,166,11,3,2,0
cand_turnover,166,12,3,1,1
cand_turnover,166,13,1,0,2
cand_turnover,166,14,1,0,0
cand_turnover,166,15,1,0,0
cand_turnover,166,16,2,1,0
cand_turnover,166,17,2,0,0
cand_turnover,166,18,3,1,0
cand_turnover,166,19,4,1,0
cand_turnover,166,20,4,0,0
cand_turnover,167,1,1,0,0
cand_turnover,167,2,2,1,0
cand_turnover,167,3,2,0,0
cand_turnover,167,4,2,0,0
cand_turnover,167,5,2,0,0
cand_turnover,167,6,2,0,0
cand_turnover,167,7,1,0,1
cand_turnover,167,8,1,0,0
cand_turnover,167,9,1,0,0
cand_turnover,167,10,1,0,0
cand_turnover,167,11,1,0,0
cand_turnover,167,12,2,1,0
cand_turnover,167,13,2,0,0
cand_turnover,167,14,2,0,0
cand_turnover,167,15,1,0,1
cand_turnover,167,16,2,1,0
cand_turnover,167,17,2,0,0
cand_turnover,167,18,1,0,1
cand_turnover,167,19,1,0,0
cand_turnover,167,20,1,0,0
cand_turnover,168,1,1,0,0
cand_turnover,168,2,2,1,0
cand_turnover,168,3,2,0,0
cand_turnover,168,4,2,0,0
cand_turnover,168,5,2,0,0
cand_turnover,168,6,2,0,0
cand_turnover,168,7,1,0,1
cand_turnover,168,8,1,0,0
cand_turnover,168,9,1,0,0
cand_turnover,168,10,4,3,0
cand_turnover,168,11,4,0,0
cand_turnover,168,12,3,0,1
cand_turnover,168,13,3,0,0
cand_turnover,168,14,1,0,2
cand_turnover,168,15,2,1,0
cand_turnover,168,16,3,1,0
cand_turnover,168,17,3,0,0
cand_turnover,168,18,3,0,0
cand_turnover,168,19,3,0,0
cand_turnover,168,20,1,0,2
cand_turnover,169,1,1,0,0
cand_turnover,169,2,2,1,0
cand_turnover,169,3,2,0,0
cand_turnover,169,4,2,0,0
cand_turnover,169,5,2,0,0
cand_turnover,169,6,2,0,0
cand_turnover,169,7,1,0,1
cand_turnover,169,8,1,0,0
cand_turnover,169,9,1,0,0
cand_turnover,169,10,1,0,0
cand_turnover,169,11,1,0,0
cand_turnover,169,12,1,0,0
cand_turnover,169,13,1,0,0
cand_turnover,169,14,2,1,0
cand_turnover,169,15,3,1,0
cand_turnover,169,16,1,0,2
cand_turnover,169,17,1,0,0
cand_turnover,169,18,1,0,0
cand_turnover,169,19,1,0,0
cand_turnover,169,20,1,0,0
cand_turnover,170,1,1,0,0
cand_turnover,170,2,2,1,0
cand_turnover,170,3,2,0,0
cand_turnover,170,4,2,0,0
cand_turnover,170,5,2,0,0
cand_turnover,170,6,2,0,0
cand_turnover,170,7,1,0,1
cand_turnover,170,8,1,0,0
cand_turnover,170,9,1,0,0
cand_turnover,170,10,2,1,0
cand_turnover,170,11,2,0,0
cand_turnover,170,12,2,0,0
cand_turnover,170,13,2,0,0
cand_turnover,170,14,2,0,0
cand_turnover,170,15,2,0,0
cand_turnover,170,16,1,0,1
cand_turnover,170,17,1,0,0
cand_turnover,170,18,2,1,0
cand_turnover,170,19,2,0,0
cand_turnover,170,20,2,0,0
cand_turnover,171,1,1,0,0
cand_turnover,171,2,2,1,0
cand_turnover,171,3,2,0,0
cand_turnover,171,4,2,0,0
cand_turnover,171,5,2,0,0
cand_turnover,171,6,2,0,0
cand_turnover,171,7,1,0,1
cand_turnover,171,8,1,0,0
cand_turnover,171,9,1,0,0
cand_turnover,171,10,1,0,0
cand_turnover,171,11,1,0,0
cand_turnover,171,12,1,0,0
cand_turnover,171,13,1,0,0
cand_turnover,171,14,2,1,0
cand_turnover,171,15,3,1,0
cand_turnover,171,16,4,1,0
cand_turnover,171,17,5,1,0
cand_turnover,171,18,1,0,4
cand_turnover,171,19,2,1,0
cand_turnover,171,20,1,0,1
cand_turnover,172,1,1,0,0
cand_turnover,172,2,2,1,0
cand_turnover,172,3,2,0,0
cand_turnover,172,4,2,0,0
cand_turnover,172,5,2,0,0
cand_turnover,172,6,2,0,0
cand_turnover,172,7,1,0,1
cand_turnover,172,8,1,0,0
cand_turnover,172,9,1,0,0
cand_turnover,172,10,3,2,0
cand_turnover,172,11,4,1,0
cand_turnover,172,12,2,0,2
cand_turnover,172,13,3,1,0
cand_turnover,172,14,1,0,2
cand_turnover,172,15,3,2,0
cand_turnover,172,16,2,0,1
cand_turnover,172,17,1,0,1
cand_turnover,172,18,1,0,0
cand_turnover,172,19,2,1,0
cand_turnover,172,20,3,1,0
cand_turnover,173,1,1,0,0
cand_turnover,173,2,2,1,0
cand_turnover,173,3,2,0,0
cand_turnover,173,4,2,0,0
cand_turnover,173,5,2,0,0
cand_turnover,173,6,2,0,0
cand_turnover,173,7,1,0,1
cand_turnover,173,8,1,0,0
cand_turnover,173,9,1,0,0
cand_turnover,173,10,1,0,0
cand_turnover,173,11,1,0,0
cand_turnover,173,12,2,1,0
cand_turnover,173,13,2,0,0
cand_turnover,173,14,2,0,0
cand_turnover,173,15,3,1,0
cand_turnover,173,16,3,0,0
cand_turnover,173,17,1,0,2
cand_turnover,173,18,3,2,0
cand_turnover,173,19,2,0,1
cand_turnover,173,20,1,0,1
cand_turnover,174,1,1,0,0
cand_turnover,174,2,2,1,0
cand_turnover,174,3,2,0,0
cand_turnover,174,4,2,0,0
cand_turnover,174,5,2,0,0
cand_turnover,174,6,2,0,0
cand_turnover,174,7,1,0,1
cand_turnover,174,8,1,0,0
cand_turnover,174,9,1,0,0
cand_turnover,174,10,1,0,0
cand_turnover,174,11,1,0,0
cand_turnover,174,12,1,0,0
cand_turnover,174,13,1,0,0
cand_turnover,174,14,1,0,0
cand_turnover,174,15,1,0,0
cand_turnover,174,16,1,0,0
cand_turnover,174,17,1,0,0
cand_turnover,174,18,2,1,0
cand_turnover,174,19,2,0,0
cand_turnover,174,20,4,2,0
cand_turnover,175,1,1,0,0
cand_turnover,175,2,2,1,0
cand_turnover,175,3,2,0,0
cand_turnover,175,4,2,0,0
cand_turnover,175,5,2,0,0
cand_turnover,175,6,2,0,0
cand_turnover,175,7,1,0,1
cand_turnover,175,8,1,0,0
cand_turnover,175,9,1,0,0
cand_turnover,175,10,3,2,0
cand_turnover,175,11,3,0,0
cand_turnover,175,12,3,0,0
cand_turnover,175,13,1,0,2
cand_turnover,175,14,1,0,0
cand_turnover,175,15,1,0,0
cand_turnover,175,16,1,0,0
cand_turnover,175,17,1,0,0
cand_turnover,175,18,1,0,0
cand_turnover,175,19,3,2,0
cand_turnover,175,20,1,0,2
cand_turnover,176,1,1,0,0
cand_turnover,176,2,2,1,0
cand_turnover,176,3,2,0,0
cand_turnover,176,4,2,0,0
cand_turnover,176,5,2,0,0
cand_turnover,176,6,2,0,0
cand_turnover,176,7,1,0,1
cand_turnover,176,8,1,0,0
cand_turnover,176,9,1,0,0
cand_turnover,176,10,1,0,0
cand_turnover,176,11,1,0,0
cand_turnover,176,12,1,0,0
cand_turnover,176,13,1,0,0
cand_turnover,176,14,1,0,0
cand_turnover,176,15,1,0,0
cand_turnover,176,16,1,0,0
cand_turnover,176,17,1,0,0
cand_turnover,176,18,1,0,0
cand_turnover,176,19,1,0,0
cand_turnover,176,20,2,1,0
cand_turnover,177,1,1,0,0
cand_turnover,177,2,2,1,0
cand_turnover,177,3,2,0,0
cand_turnover,177,4,2,0,0
cand_turnover,177,5,2,0,0
cand_turnover,177,6,2,0,0
cand_turnover,177,7,1,0,1
cand_turnover,177,8,1,0,0
cand_turnover,177,9,1,0,0
cand_turnover,177,10,1,0,0
cand_turnover,177,11,1,0,0
cand_turnover,177,12,1,0,0
cand_turnover,177,13,1,0,0
cand_turnover,177,14,1,0,0
cand_turnover,177,15,1,0,0
cand_turnover,177,16,1,0,0
cand_turnover,177,17,1,0,0
cand_turnover,177,18,1,0,0
cand_turnover,177,19,2,1,0
cand_turnover,177,20,1,0,1
cand_turnover,178,1,1,0,0
cand_turnover,178,2,2,1,0
cand_turnover,178,3,2,0,0
cand_turnover,178,4,2,0,0
cand_turnover,178,5,2,0,0
cand_turnover,178,6,2,0,0
cand_turnover,178,7,1,0,1
cand_turnover,178,8,1,0,0
cand_turnover,178,9,1,0,0
cand_turnover,178,10,1,0,0
cand_turnover,178,11,1,0,0
cand_turnover,178,12,1,0,0
cand_turnover,178,13,1,0,0
cand_turnover,178,14,1,0,0
cand_turnover,178,15,1,0,0
cand_turnover,178,16,1,0,0
cand_turnover,178,17,2,1,0
cand_turnover,178,18,3,1,0
cand_turnover,178,19,2,0,1
cand_turnover,178,20,3,1,0
cand_turnover,179,1,1,0,0
cand_turnover,179,2,2,1,0
cand_turnover,179,3,2,0,0
cand_turnover,179,4,2,0,0
cand_turnover,179,5,2,0,0
cand_turnover,179,6,2,0,0
cand_turnover,179,7,1,0,1
cand_turnover,179,8,1,0,0
cand_turnover,179,9,1,0,0
cand_turnover,179,10,1,0,0
cand_turnover,179,11,2,1,0
cand_turnover,179,12,2,0,0
cand_turnover,179,13,3,1,0
cand_turnover,179,14,3,0,0
cand_turnover,179,15,3,0,0
cand_turnover,179,16,1,0,2
cand_turnover,179,17,1,0,0
cand_turnover,179,18,3,2,0
cand_turnover,179,19,2,0,1
cand_turnover,179,20,1,0,1
cand_turnover,180,1,1,0,0
cand_turnover,180,2,2,1,0
cand_turnover,180,3,2,0,0
cand_turnover,180,4,2,0,0
cand_turnover,180,5,2,0,0
cand_turnover,180,6,2,0,0
cand_turnover,180,7,1,0,1
cand_turnover,180,8,4,3,0
cand_turnover,180,9,4,0,0
cand_turnover,180,10,3,0,1
cand_turnover,180,11,3,0,0
cand_turnover,180,12,4,1,0
cand_turnover,180,13,1,0,3
cand_turnover,180,14,1,0,0
cand_turnover,180,15,1,0,0
cand_turnover,180,16,1,0,0
cand_turnover,180,17,1,0,0
cand_turnover,180,18,1,0,0
cand_turnover,180,19,3,2,0
cand_turnover,180,20,1,0,2
cand_turnover,181,1,1,0,0
cand_turnover,181,2,2,1,0
cand_turnover,181,3,2,0,0
cand_turnover,181,4,2,0,0
cand_turnover,181,5,2,0,0
cand_turnover,181,6,2,0,0
cand_turnover,181,7,1,0,1
cand_turnover,181,8,1,0,0
cand_turnover,181,9,1,0,0
cand_turnover,181,10,2,1,0
cand_turnover,181,11,2,0,0
cand_turnover,181,12,1,0,1
cand_turnover,181,13,2,1,0
cand_turnover,181,14,3,1,0
cand_turnover,181,15,3,0,0
cand_turnover,181,16,2,0,1
cand_turnover,181,17,1,0,1
cand_turnover,181,18,1,0,0
cand_turnover,181,19,1,0,0
cand_turnover,181,20,1,0,0
cand_turnover,182,1,1,0,0
cand_turnover,182,2,2,1,0
cand_turnover,182,3,2,0,0
cand_turnover,182,4,2,0,0
cand_turnover,182,5,2,0,0
cand_turnover,182,6,2,0,0
cand_turnover,182,7,1,0,1
cand_turnover,182,8,1,0,0
cand_turnover,182,9,1,0,0
cand_turnover,182,10,2,1,0
cand_turnover,182,11,2,0,0
cand_turnover,182,12,2,0,0
cand_turnover,182,13,1,0,1
cand_turnover,182,14,1,0,0
cand_turnover,182,15,1,0,0
cand_turnover,182,16,1,0,0
cand_turnover,182,17,1,0,0
cand_turnover,182,18,1,0,0
cand_turnover,182,19,1,0,0
cand_turnover,182,20,1,0,0
cand_turnover,183,1,1,0,0
cand_turnover,183,2,2,1,0
cand_turnover,183,3,2,0,0
cand_turnover,183,4,2,0,0
cand_turnover,183,5,2,0,0
cand_turnover,183,6,2,0,0
cand_turnover,183,7,1,0,1
cand_turnover,183,8,1,0,0
cand_turnover,183,9,1,0,0
cand_turnover,183,10,1,0,0
cand_turnover,183,11,3,2,0
cand_turnover,183,12,3,0,0
cand_turnover,183,13,3,0,0
cand_turnover,183,14,4,1,0
cand_turnover,183,15,5,1,0
cand_turnover,183,16,5,0,0
cand_turnover,183,17,1,0,4
cand_turnover,183,18,1,0,0
cand_turnover,183,19,4,3,0
cand_turnover,183,20,4,0,0
cand_turnover,184,1,1,0,0
cand_turnover,184,2,2,1,0
cand_turnover,184,3,2,0,0
cand_turnover,184,4,2,0,0
cand_turnover,184,5,2,0,0
cand_turnover,184,6,2,0,0
cand_turnover,184,7,1,0,1
cand_turnover,184,8,1,0,0
cand_turnover,184,9,1,0,0
cand_turnover,184,10,1,0,0
cand_turnover,184,11,1,0,0
cand_turnover,184,12,1,0,0
cand_turnover,184,13,1,0,0
cand_turnover,184,14,1,0,0
cand_turnover,184,15,1,0,0
cand_turnover,184,16,1,0,0
cand_turnover,184,17,1,0,0
cand_turnover,184,18,1,0,0
cand_turnover,184,19,1,0,0
cand_turnover,184,20,1,0,0
cand_turnover,185,1,1,0,0
cand_turnover,185,2,2,1,0
cand_turnover,185,3,2,0,0
cand_turnover,185,4,2,0,0
cand_turnover,185,5,2,0,0
cand_turnover,185,6,2,0,0
cand_turnover,185,7,1,0,1
cand_turnover,185,8,1,0,0
cand_turnover,185,9,1,0,0
cand_turnover,185,10,1,0,0
cand_turnover,185,11,2,1,0
cand_turnover,185,12,2,0,0
cand_turnover,185,13,2,0,0
cand_turnover,185,14,1,0,1
cand_turnover,185,15,1,0,0
cand_turnover,185,16,1,0,0
cand_turnover,185,17,1,0,0
cand_turnover,185,18,2,1,0
cand_turnover,185,19,3,1,0
cand_turnover,185,20,4,1,0
cand_turnover,186,1,1,0,0
cand_turnover,186,2,2,1,0
cand_turnover,186,3,2,0,0
cand_turnover,186,4,2,0,0
cand_turnover,186,5,2,0,0
cand_turnover,186,6,2,0,0
cand_turnover,186,7,1,0,1
cand_turnover,186,8,1,0,0
cand_turnover,186,9,1,0,0
cand_turnover,186,10,4,3,0
cand_turnover,186,11,3,0,1
cand_turnover,186,12,4,1,0
cand_turnover,186,13,1,0,3
cand_turnover,186,14,1,0,0
cand_turnover,186,15,1,0,0
cand_turnover,186,16,1,0,0
cand_turnover,186,17,1,0,0
cand_turnover,186,18,1,0,0
cand_turnover,186,19,1,0,0
cand_turnover,186,20,1,0,0
cand_turnover,187,1,1,0,0
cand_turnover,187,2,2,1,0
cand_turnover,187,3,2,0,0
cand_turnover,187,4,2,0,0
cand_turnover,187,5,2,0,0
cand_turnover,187,6,2,0,0
cand_turnover,187,7,1,0,1
cand_turnover,187,8,1,0,0
cand_turnover,187,9,1,0,0
cand_turnover,187,10,1,0,0
cand_turnover,187,11,3,2,0
cand_turnover,187,12,1,0,2
cand_turnover,187,13,1,0,0
cand_turnover,187,14,1,0,0
cand_turnover,187,15,1,0,0
cand_turnover,187,16,1,0,0
cand_turnover,187,17,1,0,0
cand_turnover,187,18,1,0,0
cand_turnover,187,19,1,0,0
cand_turnover,187,20,1,0,0
cand_turnover,188,1,1,0,0
cand_turnover,188,2,2,1,0
cand_turnover,188,3,2,0,0
cand_turnover,188,4,2,0,0
cand_turnover,188,5,2,0,0
cand_turnover,188,6,2,0,0
cand_turnover,188,7,1,0,1
cand_turnover,188,8,1,0,0
cand_turnover,188,9,1,0,0
cand_turnover,188,10,1,0,0
cand_turnover,188,11,1,0,0
cand_turnover,188,12,1,0,0
cand_turnover,188,13,1,0,0
cand_turnover,188,14,1,0,0
cand_turnover,188,15,1,0,0
cand_turnover,188,16,1,0,0
cand_turnover,188,17,1,0,0
cand_turnover,188,18,1,0,0
cand_turnover,188,19,1,0,0
cand_turnover,188,20,1,0,0
cand_turnover,189,1,1,0,0
cand_turnover,189,2,2,1,0
cand_turnover,189,3,2,0,0
cand_turnover,189,4,2,0,0
cand_turnover,189,5,2,0,0
cand_turnover,189,6,2,0,0
cand_turnover,189,7,1,0,1
cand_turnover,189,8,1,0,0
cand_turnover,189,9,1,0,0
cand_turnover,189,10,1,0,0
cand_turnover,189,11,2,1,0
cand_turnover,189,12,1,0,1
cand_turnover,189,13,1,0,0
cand_turnover,189,14,2,1,0
cand_turnover,189,15,3,1,0
cand_turnover,189,16,3,0,0
cand_turnover,189,17,3,0,0
cand_turnover,189,18,3,0,0
cand_turnover,189,19,1,0,2
cand_turnover,189,20,1,0,0
cand_turnover,190,1,1,0,0
cand_turnover,190,2,2,1,0
cand_turnover,190,3,2,0,0
cand_turnover,190,4,2,0,0
cand_turnover,190,5,2,0,0
cand_turnover,190,6,2,0,0
cand_turnover,190,7,3,1,0
cand_turnover,190,8,1,0,2
cand_turnover,190,9,1,0,0
cand_turnover,190,10,1,0,0
cand_turnover,190,11,1,0,0
cand_turnover,190,12,2,1,0
cand_turnover,190,13,3,1,0
cand_turnover,190,14,2,0,1
cand_turnover,190,15,1,0,1
cand_turnover,190,16,1,0,0
cand_turnover,190,17,1,0,0
cand_turnover,190,18,1,0,0
cand_turnover,190,19,1,0,0
cand_turnover,190,20,1,0,0
cand_turnover,191,1,1,0,0
cand_turnover,191,2,2,1,0
cand_turnover,191,3,2,0,0
cand_turnover,191,4,2,0,0
cand_turnover,191,5,2,0,0
cand_turnover,191,6,2,0,0
cand_turnover,191,7,1,0,1
cand_turnover,191,8,1,0,0
cand_turnover,191,9,1,0,0
cand_turnover,191,10,2,1,0
cand_turnover,191,11,2,0,0
cand_turnover,191,12,2,0,0
cand_turnover,191,13,2,0,0
cand_turnover,191,14,2,0,0
cand_turnover,191,15,1,0,1
cand_turnover,191,16,1,0,0
cand_turnover,191,17,1,0,0
cand_turnover,191,18,1,0,0
cand_turnover,191,19,2,1,0
cand_turnover,191,20,3,1,0
cand_turnover,192,1,1,0,0
cand_turnover,192,2,2,1,0
cand_turnover,192,3,2,0,0
cand_turnover,192,4,2,0,0
cand_turnover,192,5,2,0,0
cand_turnover,192,6,2,0,0
cand_turnover,192,7,1,0,1
cand_turnover,192,8,1,0,0
cand_turnover,192,9,1,0,0
cand_turnover,192,10,1,0,0
cand_turnover,192,11,1,0,0
cand_turnover,192,12,3,2,0
cand_turnover,192,13,1,0,2
cand_turnover,192,14,1,0,0
cand_turnover,192,15,1,0,0
cand_turnover,192,16,1,0,0
cand_turnover,192,17,1,0,0
cand_turnover,192,18,1,0,0
cand_turnover,192,19,1,0,0
cand_turnover,192,20,1,0,0
cand_turnover,193,1,1,0,0
cand_turnover,193,2,2,1,0
cand_turnover,193,3,2,0,0
cand_turnover,193,4,2,0,0
cand_turnover,193,5,2,0,0
cand_turnover,193,6,2,0,0
cand_turnover,193,7,1,0,1
cand_turnover,193,8,1,0,0
cand_turnover,193,9,1,0,0
cand_turnover,193,10,1,0,0
cand_turnover,193,11,1,0,0
cand_turnover,193,12,1,0,0
cand_turnover,193,13,1,0,0
cand_turnover,193,14,2,1,0
cand_turnover,193,15,1,0,1
cand_turnover,193,16,1,0,0
cand_turnover,193,17,1,0,0
cand_turnover,193,18,1,0,0
cand_turnover,193,19,1,0,0
cand_turnover,193,20,1,0,0
cand_turnover,194,1,1,0,0
cand_turnover,194,2,2,1,0
cand_turnover,194,3,2,0,0
cand_turnover,194,4,2,0,0
cand_turnover,194,5,2,0,0
cand_turnover,194,6,2,0,0
cand_turnover,194,7,1,0,1
cand_turnover,194,8,1,0,0
cand_turnover,194,9,1,0,0
cand_turnover,194,10,1,0,0
cand_turnover,194,11,1,0,0
cand_turnover,194,12,2,1,0
cand_turnover,194,13,1,0,1
cand_turnover,194,14,1,0,0
cand_turnover,194,15,1,0,0
cand_turnover,194,16,1,0,0
cand_turnover,194,17,1,0,0
cand_turnover,194,18,1,0,0
cand_turnover,194,19,2,1,0
cand_turnover,194,20,3,1,0
cand_turnover,195,1,1,0,0
cand_turnover,195,2,2,1,0
cand_turnover,195,3,2,0,0
cand_turnover,195,4,2,0,0
cand_turnover,195,5,2,0,0
cand_turnover,195,6,2,0,0
cand_turnover,195,7,1,0,1
cand_turnover,195,8,1,0,0
cand_turnover,195,9,1,0,0
cand_turnover,195,10,4,3,0
cand_turnover,195,11,1,0,3
cand_turnover,195,12,4,3,0
cand_turnover,195,13,4,0,0
cand_turnover,195,14,3,0,1
cand_turnover,195,15,1,0,2
cand_turnover,195,16,1,0,0
cand_turnover,195,17,1,0,0
cand_turnover,195,18,1,0,0
cand_turnover,195,19,2,1,0
cand_turnover,195,20,1,0,1
cand_turnover,196,1,1,0,0
cand_turnover,196,2,2,1,0
cand_turnover,196,3,2,0,0
cand_turnover,196,4,2,0,0
cand_turnover,196,5,2,0,0
cand_turnover,196,6,2,0,0
cand_turnover,196,7,1,0,1
cand_turnover,196,8,1,0,0
cand_turnover,196,9,1,0,0
cand_turnover,196,10,1,0,0
cand_turnover,196,11,1,0,0
cand_turnover,196,12,1,0,0
cand_turnover,196,13,1,0,0
cand_turnover,196,14,2,1,0
cand_turnover,196,15,2,0,0
cand_turnover,196,16,1,0,1
cand_turnover,196,17,1,0,0
cand_turnover,196,18,2,1,0
cand_turnover,196,19,3,1,0
cand_turnover,196,20,1,0,2
cand_turnover,197,1,1,0,0
cand_turnover,197,2,2,1,0
cand_turnover,197,3,2,0,0
cand_turnover,197,4,2,0,0
cand_turnover,197,5,2,0,0
cand_turnover,197,6,2,0,0
cand_turnover,197,7,2,0,0
cand_turnover,197,8,2,0,0
cand_turnover,197,9,2,0,0
cand_turnover,197,10,2,0,0
cand_turnover,197,11,2,0,0
cand_turnover,197,12,2,0,0
cand_turnover,197,13,1,0,1
cand_turnover,197,14,1,0,0
cand_turnover,197,15,1,0,0
cand_turnover,197,16,2,1,0
cand_turnover,197,17,3,1,0
cand_turnover,197,18,3,0,0
cand_turnover,197,19,1,0,2
cand_turnover,197,20,1,0,0
cand_turnover,198,1,1,0,0
cand_turnover,198,2,2,1,0
cand_turnover,198,3,2,0,0
cand_turnover,198,4,2,0,0
cand_turnover,198,5,2,0,0
cand_turnover,198,6,2,0,0
cand_turnover,198,7,1,0,1
cand_turnover,198,8,1,0,0
cand_turnover,198,9,1,0,0
cand_turnover,198,10,1,0,0
cand_turnover,198,11,4,3,0
cand_turnover,198,12,4,0,0
cand_turnover,198,13,1,0,3
cand_turnover,198,14,3,2,0
cand_turnover,198,15,3,0,0
cand_turnover,198,16,4,1,0
cand_turnover,198,17,5,1,0
cand_turnover,198,18,5,0,0
cand_turnover,198,19,5,0,0
cand_turnover,198,20,1,0,4
cand_turnover,199,1,1,0,0
cand_turnover,199,2,2,1,0
cand_turnover,199,3,2,0,0
cand_turnover,199,4,2,0,0
cand_turnover,199,5,2,0,0
cand_turnover,199,6,2,0,0
cand_turnover,199,7,1,0,1
cand_turnover,199,8,1,0,0
cand_turnover,199,9,1,0,0
cand_turnover,199,10,1,0,0
cand_turnover,199,11,1,0,0
cand_turnover,199,12,1,0,0
cand_turnover,199,13,3,2,0
cand_turnover,199,14,3,0,0
cand_turnover,199,15,3,0,0
cand_turnover,199,16,1,0,2
cand_turnover,199,17,1,0,0
cand_turnover,199,18,1,0,0
cand_turnover,199,19,1,0,0
cand_turnover,199,20,1,0,0
cand_turnover,200,1,1,0,0
cand_turnover,200,2,2,1,0
cand_turnover,200,3,2,0,0
cand_turnover,200,4,2,0,0
cand_turnover,200,5,2,0,0
cand_turnover,200,6,2,0,0
cand_turnover,200,7,1,0,1
cand_turnover,200,8,1,0,0
cand_turnover,200,9,1,0,0
cand_turnover,200,10,1,0,0
cand_turnover,200,11,1,0,0
cand_turnover,200,12,1,0,0
cand_turnover,200,13,1,0,0
cand_turnover,200,14,1,0,0
cand_turnover,200,15,1,0,0
cand_turnover,200,16,1,0,0
cand_turnover,200,17,1,0,0
cand_turnover,200,18,1,0,0
cand_turnover,200,19,1,0,0
cand_turnover,200,20,1,0,0
cand_turnover,201,1,1,0,0
cand_turnover,201,2,2,1,0
cand_turnover,201,3,2,0,0
cand_turnover,201,4,2,0,0
cand_turnover,201,5,2,0,0
cand_turnover,201,6,2,0,0
cand_turnover,201,7,1,0,1
cand_turnover,201,8,1,0,0
cand_turnover,201,9,1,0,0
cand_turnover,201,10,1,0,0
cand_turnover,201,11,1,0,0
cand_turnover,201,12,4,3,0
cand_turnover,201,13,1,0,3
cand_turnover,201,14,1,0,0
cand_turnover,201,15,1,0,0
cand_turnover,201,16,1,0,0
cand_turnover,201,17,1,0,0
cand_turnover,201,18,1,0,0
cand_turnover,201,19,2,1,0
cand_turnover,201,20,4,2,0
cand_turnover,202,1,1,0,0
cand_turnover,202,2,2,1,0
cand_turnover,202,3,2,0,0
cand_turnover,202,4,2,0,0
cand_turnover,202,5,2,0,0
cand_turnover,202,6,2,0,0
cand_turnover,202,7,1,0,1
cand_turnover,202,8,1,0,0
cand_turnover,202,9,1,0,0
cand_turnover,202,10,1,0,0
cand_turnover,202,11,1,0,0
cand_turnover,202,12,1,0,0
cand_turnover,202,13,1,0,0
cand_turnover,202,14,1,0,0
cand_turnover,202,15,1,0,0
cand_turnover,202,16,1,0,0
cand_turnover,202,17,1,0,0
cand_turnover,202,18,1,0,0
cand_turnover,202,19,2,1,0
cand_turnover,202,20,1,0,1
cand_turnover,203,1,1,0,0
cand_turnover,203,2,2,1,0
cand_turnover,203,3,2,0,0
cand_turnover,203,4,2,0,0
cand_turnover,203,5,2,0,0
cand_turnover,203,6,2,0,0
cand_turnover,203,7,1,0,1
cand_turnover,203,8,1,0,0
cand_turnover,203,9,1,0,0
cand_turnover,203,10,1,0,0
cand_turnover,203,11,1,0,0
cand_turnover,203,12,1,0,0
cand_turnover,203,13,1,0,0
cand_turnover,203,14,1,0,0
cand_turnover,203,15,1,0,0
cand_turnover,203,16,1,0,0
cand_turnover,203,17,2,1,0
cand_turnover,203,18,1,0,1
cand_turnover,203,19,2,1,0
cand_turnover,203,20,1,0,1
cand_turnover,204,1,1,0,0
cand_turnover,204,2,2,1,0
cand_turnover,204,3,2,0,0
cand_turnover,204,4,2,0,0
cand_turnover,204,5,2,0,0
cand_turnover,204,6,2,0,0
cand_turnover,204,7,1,0,1
cand_turnover,204,8,1,0,0
cand_turnover,204,9,1,0,0
cand_turnover,204,10,1,0,0
cand_turnover,204,11,1,0,0
cand_turnover,204,12,1,0,0
cand_turnover,204,13,1,0,0
cand_turnover,204,14,1,0,0
cand_turnover,204,15,1,0,0
cand_turnover,204,16,1,0,0
cand_turnover,204,17,3,2,0
cand_turnover,204,18,4,1,0
cand_turnover,204,19,3,0,1
cand_turnover,204,20,1,0,2
cand_turnover,205,1,1,0,0
cand_turnover,205,2,2,1,0
cand_turnover,205,3,2,0,0
cand_turnover,205,4,2,0,0
cand_turnover,205,5,2,0,0
cand_turnover,205,6,2,0,0
cand_turnover,205,7,1,0,1
cand_turnover,205,8,1,0,0
cand_turnover,205,9,1,0,0
cand_turnover,205,10,3,2,0
cand_turnover,205,11,3,0,0
cand_turnover,205,12,2,0,1
cand_turnover,205,13,3,1,0
cand_turnover,205,14,1,0,2
cand_turnover,205,15,1,0,0
cand_turnover,205,16,3,2,0
cand_turnover,205,17,1,0,2
cand_turnover,205,18,1,0,0
cand_turnover,205,19,2,1,0
cand_turnover,205,20,3,1,0
cand_turnover,206,1,1,0,0
cand_turnover,206,2,2,1,0
cand_turnover,206,3,2,0,0
cand_turnover,206,4,2,0,0
cand_turnover,206,5,2,0,0
cand_turnover,206,6,2,0,0
cand_turnover,206,7,1,0,1
cand_turnover,206,8,1,0,0
cand_turnover,206,9,1,0,0
cand_turnover,206,10,1,0,0
cand_turnover,206,11,1,0,0
cand_turnover,206,12,2,1,0
cand_turnover,206,13,1,0,1
cand_turnover,206,14,1,0,0
cand_turnover,206,15,1,0,0
cand_turnover,206,16,1,0,0
cand_turnover,206,17,2,1,0
cand_turnover,206,18,1,0,1
cand_turnover,206,19,2,1,0
cand_turnover,206,20,1,0,1
cand_turnover,207,1,1,0,0
cand_turnover,207,2,2,1,0
cand_turnover,207,3,2,0,0
cand_turnover,207,4,2,0,0
cand_turnover,207,5,2,0,0
cand_turnover,207,6,2,0,0
cand_turnover,207,7,1,0,1
cand_turnover,207,8,1,0,0
cand_turnover,207,9,1,0,0
cand_turnover,207,10,3,2,0
cand_turnover,207,11,3,0,0
cand_turnover,207,12,3,0,0
cand_turnover,207,13,1,0,2
cand_turnover,207,14,1,0,0
cand_turnover,207,15,1,0,0
cand_turnover,207,16,2,1,0
cand_turnover,207,17,2,0,0
cand_turnover,207,18,2,0,0
cand_turnover,207,19,1,0,1
cand_turnover,207,20,1,0,0
cand_turnover,208,1,1,0,0
cand_turnover,208,2,2,1,0
cand_turnover,208,3,2,0,0
cand_turnover,208,4,2,0,0
cand_turnover,208,5,2,0,0
cand_turnover,208,6,2,0,0
cand_turnover,208,7,3,1,0
cand_turnover,208,8,1,0,2
cand_turnover,208,9,1,0,0
cand_turnover,208,10,3,2,0
cand_turnover,208,11,3,0,0
cand_turnover,208,12,3,0,0
cand_turnover,208,13,1,0,2
cand_turnover,208,14,3,2,0
cand_turnover,208,15,1,0,2
cand_turnover,208,16,1,0,0
cand_turnover,208,17,1,0,0
cand_turnover,208,18,1,0,0
cand_turnover,208,19,1,0,0
cand_turnover,208,20,1,0,0
cand_turnover,209,1,1,0,0
cand_turnover,209,2,2,1,0
cand_turnover,209,3,2,0,0
cand_turnover,209,4,2,0,0
cand_turnover,209,5,2,0,0
cand_turnover,209,6,2,0,0
cand_turnover,209,7,1,0,1
cand_turnover,209,8,1,0,0
cand_turnover,209,9,1,0,0
cand_turnover,209,10,1,0,0
cand_turnover,209,11,1,0,0
cand_turnover,209,12,1,0,0
cand_turnover,209,13,1,0,0
cand_turnover,209,14,1,0,0
cand_turnover,209,15,1,0,0
cand_turnover,209,16,1,0,0
cand_turnover,209,17,1,0,0
cand_turnover,209,18,1,0,0
cand_turnover,209,19,2,1,0
cand_turnover,209,20,1,0,1
cand_turnover,210,1,1,0,0
cand_turnover,210,2,2,1,0
cand_turnover,210,3,2,0,0
cand_turnover,210,4,2,0,0
cand_turnover,210,5,2,0,0
cand_turnover,210,6,2,0,0
cand_turnover,210,7,1,0,1
cand_turnover,210,8,1,0,0
cand_turnover,210,9,1,0,0
cand_turnover,210,10,1,0,0
cand_turnover,210,11,1,0,0
cand_turnover,210,12,1,0,0
cand_turnover,210,13,1,0,0
cand_turnover,210,14,1,0,0
cand_turnover,210,15,2,1,0
cand_turnover,210,16,2,0,0
cand_turnover,210,17,1,0,1
cand_turnover,210,18,1,0,0
cand_turnover,210,19,2,1,0
cand_turnover,210,20,3,1,0
cand_turnover,211,1,1,0,0
cand_turnover,211,2,2,1,0
cand_turnover,211,3,2,0,0
cand_turnover,211,4,2,0,0
cand_turnover,211,5,2,0,0
cand_turnover,211,6,2,0,0
cand_turnover,211,7,1,0,1
cand_turnover,211,8,1,0,0
cand_turnover,211,9,1,0,0
cand_turnover,211,10,1,0,0
cand_turnover,211,11,1,0,0
cand_turnover,211,12,2,1,0
cand_turnover,211,13,1,0,1
cand_turnover,211,14,1,0,0
cand_turnover,211,15,4,3,0
cand_turnover,211,16,4,0,0
cand_turnover,211,17,1,0,3
cand_turnover,211,18,4,3,0
cand_turnover,211,19,4,0,0
cand_turnover,211,20,1,0,3
cand_turnover,212,1,1,0,0
cand_turnover,212,2,2,1,0
cand_turnover,212,3,2,0,0
cand_turnover,212,4,2,0,0
cand_turnover,212,5,2,0,0
cand_turnover,212,6,2,0,0
cand_turnover,212,7,1,0,1
cand_turnover,212,8,1,0,0
cand_turnover,212,9,1,0,0
cand_turnover,212,10,1,0,0
cand_turnover,212,11,2,1,0
cand_turnover,212,12,2,0,0
cand_turnover,212,13,1,0,1
cand_turnover,212,14,1,0,0
cand_turnover,212,15,1,0,0
cand_turnover,212,16,1,0,0
cand_turnover,212,17,1,0,0
cand_turnover,212,18,1,0,0
cand_turnover,212,19,1,0,0
cand_turnover,212,20,1,0,0
cand_turnover,213,1,1,0,0
cand_turnover,213,2,2,1,0
cand_turnover,213,3,2,0,0
cand_turnover,213,4,2,0,0
cand_turnover,213,5,2,0,0
cand_turnover,213,6,2,0,0
cand_turnover,213,7,1,0,1
cand_turnover,213,8,1,0,0
cand_turnover,213,9,1,0,0
cand_turnover,213,10,1,0,0
cand_turnover,213,11,4,3,0
cand_turnover,213,12,4,0,0
cand_turnover,213,13,1,0,3
cand_turnover,213,14,3,2,0
cand_turnover,213,15,4,1,0
cand_turnover,213,16,4,1,1
cand_turnover,213,17,5,1,0
cand_turnover,213,18,2,0,3
cand_turnover,213,19,2,0,0
cand_turnover,213,20,1,0,1
cand_turnover,214,1,1,0,0
cand_turnover,214,2,2,1,0
cand_turnover,214,3,2,0,0
cand_turnover,214,4,2,0,0
cand_turnover,214,5,2,0,0
cand_turnover,214,6,2,0,0
cand_turnover,214,7,1,0,1
cand_turnover,214,8,1,0,0
cand_turnover,214,9,1,0,0
cand_turnover,214,10,1,0,0
cand_turnover,214,11,1,0,0
cand_turnover,214,12,1,0,0
cand_turnover,214,13,1,0,0
cand_turnover,214,14,1,0,0
cand_turnover,214,15,1,0,0
cand_turnover,214,16,1,0,0
cand_turnover,214,17,1,0,0
cand_turnover,214,18,2,1,0
cand_turnover,214,19,2,0,0
cand_turnover,214,20,2,0,0
cand_turnover,215,1,1,0,0
cand_turnover,215,2,2,1,0
cand_turnover,215,3,2,0,0
cand_turnover,215,4,2,0,0
cand_turnover,215,5,2,0,0
cand_turnover,215,6,2,0,0
cand_turnover,215,7,1,0,1
cand_turnover,215,8,1,0,0
cand_turnover,215,9,1,0,0
cand_turnover,215,10,1,0,0
cand_turnover,215,11,1,0,0
cand_turnover,215,12,2,1,0
cand_turnover,215,13,2,0,0
cand_turnover,215,14,2,0,0
cand_turnover,215,15,2,0,0
cand_turnover,215,16,1,0,1
cand_turnover,215,17,1,0,0
cand_turnover,215,18,2,1,0
cand_turnover,215,19,2,0,0
cand_turnover,215,20,2,0,0
cand_turnover,216,1,1,0,0
cand_turnover,216,2,2,1,0
cand_turnover,216,3,2,0,0
cand_turnover,216,4,2,0,0
cand_turnover,216,5,2,0,0
cand_turnover,216,6,2,0,0
cand_turnover,216,7,4,2,0
cand_turnover,216,8,1,0,3
cand_turnover,216,9,1,0,0
cand_turnover,216,10,1,0,0
cand_turnover,216,11,4,3,0
cand_turnover,216,12,4,0,0
cand_turnover,216,13,4,0,0
cand_turnover,216,14,4,1,1
cand_turnover,216,15,4,1,1
cand_turnover,216,16,5,1,0
cand_turnover,216,17,6,1,0
cand_turnover,216,18,5,0,1
cand_turnover,216,19,4,0,1
cand_turnover,216,20,1,0,3
cand_turnover,217,1,1,0,0
cand_turnover,217,2,2,1,0
cand_turnover,217,3,2,0,0
cand_turnover,217,4,2,0,0
cand_turnover,217,5,2,0,0
cand_turnover,217,6,2,0,0
cand_turnover,217,7,1,0,1
cand_turnover,217,8,1,0,0
cand_turnover,217,9,1,0,0
cand_turnover,217,10,1,0,0
cand_turnover,217,11,1,0,0
cand_turnover,217,12,1,0,0
cand_turnover,217,13,1,0,0
cand_turnover,217,14,2,1,0
cand_turnover,217,15,1,0,1
cand_turnover,217,16,1,0,0
cand_turnover,217,17,1,0,0
cand_turnover,217,18,2,1,0
cand_turnover,217,19,2,0,0
cand_turnover,217,20,1,0,1
cand_turnover,218,1,1,0,0
cand_turnover,218,2,2,1,0
cand_turnover,218,3,2,0,0
cand_turnover,218,4,2,0,0
cand_turnover,218,5,2,0,0
cand_turnover,218,6,2,0,0
cand_turnover,218,7,1,0,1
cand_turnover,218,8,1,0,0
cand_turnover,218,9,1,0,0
cand_turnover,218,10,1,0,0
cand_turnover,218,11,1,0,0
cand_turnover,218,12,2,1,0
cand_turnover,218,13,2,0,0
cand_turnover,218,14,2,0,0
cand_turnover,218,15,2,0,0
cand_turnover,218,16,1,0,1
cand_turnover,218,17,1,0,0
cand_turnover,218,18,1,0,0
cand_turnover,218,19,1,0,0
cand_turnover,218,20,1,0,0
cand_turnover,219,1,1,0,0
cand_turnover,219,2,2,1,0
cand_turnover,219,3,2,0,0
cand_turnover,219,4,2,0,0
cand_turnover,219,5,2,0,0
cand_turnover,219,6,2,0,0
cand_turnover,219,7,1,0,1
cand_turnover,219,8,1,0,0
cand_turnover,219,9,1,0,0
cand_turnover,219,10,1,0,0
cand_turnover,219,11,1,0,0
cand_turnover,219,12,1,0,0
cand_turnover,219,13,1,0,0
cand_turnover,219,14,1,0,0
cand_turnover,219,15,2,1,0
cand_turnover,219,16,2,0,0
cand_turnover,219,17,1,0,1
cand_turnover,219,18,1,0,0
cand_turnover,219,19,2,1,0
cand_turnover,219,20,1,0,1
cand_turnover,220,1,1,0,0
cand_turnover,220,2,3,2,0
cand_turnover,220,3,3,0,0
cand_turnover,220,4,3,0,0
cand_turnover,220,5,3,0,0
cand_turnover,220,6,3,0,0
cand_turnover,220,7,1,0,2
cand_turnover,220,8,1,0,0
cand_turnover,220,9,1,0,0
cand_turnover,220,10,1,0,0
cand_turnover,220,11,1,0,0
cand_turnover,220,12,1,0,0
cand_turnover,220,13,3,2,0
cand_turnover,220,14,3,0,0
cand_turnover,220,15,1,0,2
cand_turnover,220,16,1,0,0
cand_turnover,220,17,1,0,0
cand_turnover,220,18,1,0,0
cand_turnover,220,19,3,2,0
cand_turnover,220,20,1,0,2
cand_turnover,221,1,1,0,0
cand_turnover,221,2,1,0,0
cand_turnover,221,3,1,0,0
cand_turnover,221,4,1,0,0
cand_turnover,221,5,1,0,0
cand_turnover,221,6,1,0,0
cand_turnover,221,7,1,0,0
cand_turnover,221,8,1,0,0
cand_turnover,221,9,1,0,0
cand_turnover,221,10,1,0,0
cand_turnover,221,11,1,0,0
cand_turnover,221,12,1,0,0
cand_turnover,221,13,1,0,0
cand_turnover,221,14,1,0,0
cand_turnover,221,15,1,0,0
cand_turnover,221,16,1,0,0
cand_turnover,221,17,1,0,0
cand_turnover,221,18,1,0,0
cand_turnover,221,19,1,0,0
cand_turnover,221,20,1,0,0
cand_turnover,222,1,1,0,0
cand_turnover,222,2,2,1,0
cand_turnover,222,3,2,0,0
cand_turnover,222,4,2,0,0
cand_turnover,222,5,2,0,0
cand_turnover,222,6,2,0,0
cand_turnover,222,7,1,0,1
cand_turnover,222,8,1,0,0
cand_turnover,222,9,1,0,0
cand_turnover,222,10,1,0,0
cand_turnover,222,11,1,0,0
cand_turnover,222,12,1,0,0
cand_turnover,222,13,1,0,0
cand_turnover,222,14,1,0,0
cand_turnover,222,15,1,0,0
cand_turnover,222,16,1,0,0
cand_turnover,222,17,1,0,0
cand_turnover,222,18,1,0,0
cand_turnover,222,19,1,0,0
cand_turnover,222,20,1,0,0
cand_turnover,223,1,1,0,0
cand_turnover,223,2,3,2,0
cand_turnover,223,3,3,0,0
cand_turnover,223,4,3,0,0
cand_turnover,223,5,3,0,0
cand_turnover,223,6,3,0,0
cand_turnover,223,7,1,0,2
cand_turnover,223,8,1,0,0
cand_turnover,223,9,1,0,0
cand_turnover,223,10,1,0,0
cand_turnover,223,11,1,0,0
cand_turnover,223,12,3,2,0
cand_turnover,223,13,3,0,0
cand_turnover,223,14,3,0,0
cand_turnover,223,15,3,0,0
cand_turnover,223,16,3,0,0
cand_turnover,223,17,1,0,2
cand_turnover,223,18,1,0,0
cand_turnover,223,19,1,0,0
cand_turnover,223,20,1,0,0
cand_turnover,224,1,1,0,0
cand_turnover,224,2,1,0,0
cand_turnover,224,3,1,0,0
cand_turnover,224,4,1,0,0
cand_turnover,224,5,1,0,0
cand_turnover,224,6,1,0,0
cand_turnover,224,7,1,0,0
cand_turnover,224,8,1,0,0
cand_turnover,224,9,1,0,0
cand_turnover,224,10,1,0,0
cand_turnover,224,11,1,0,0
cand_turnover,224,12,1,0,0
cand_turnover,224,13,1,0,0
cand_turnover,224,14,1,0,0
cand_turnover,224,15,1,0,0
cand_turnover,224,16,1,0,0
cand_turnover,224,17,1,0,0
cand_turnover,224,18,1,0,0
cand_turnover,224,19,1,0,0
cand_turnover,224,20,1,0,0
cand_turnover,225,1,1,0,0
cand_turnover,225,2,2,1,0
cand_turnover,225,3,2,0,0
cand_turnover,225,4,2,0,0
cand_turnover,225,5,2,0,0
cand_turnover,225,6,2,0,0
cand_turnover,225,7,1,0,1
cand_turnover,225,8,1,0,0
cand_turnover,225,9,1,0,0
cand_turnover,225,10,1,0,0
cand_turnover,225,11,1,0,0
cand_turnover,225,12,1,0,0
cand_turnover,225,13,1,0,0
cand_turnover,225,14,1,0,0
cand_turnover,225,15,1,0,0
cand_turnover,225,16,1,0,0
cand_turnover,225,17,1,0,0
cand_turnover,225,18,1,0,0
cand_turnover,225,19,3,2,0
cand_turnover,225,20,1,0,2
cand_turnover,226,1,1,0,0
cand_turnover,226,2,3,2,0
cand_turnover,226,3,3,0,0
cand_turnover,226,4,3,0,0
cand_turnover,226,5,3,0,0
cand_turnover,226,6,3,0,0
cand_turnover,226,7,1,0,2
cand_turnover,226,8,1,0,0
cand_turnover,226,9,1,0,0
cand_turnover,226,10,1,0,0
cand_turnover,226,11,1,0,0
cand_turnover,226,12,1,0,0
cand_turnover,226,13,1,0,0
cand_turnover,226,14,1,0,0
cand_turnover,226,15,1,0,0
cand_turnover,226,16,1,0,0
cand_turnover,226,17,1,0,0
cand_turnover,226,18,1,0,0
cand_turnover,226,19,1,0,0
cand_turnover,226,20,1,0,0
cand_turnover,227,1,1,0,0
cand_turnover,227,2,1,0,0
cand_turnover,227,3,1,0,0
cand_turnover,227,4,1,0,0
cand_turnover,227,5,1,0,0
cand_turnover,227,6,1,0,0
cand_turnover,227,7,1,0,0
cand_turnover,227,8,1,0,0
cand_turnover,227,9,1,0,0
cand_turnover,227,10,1,0,0
cand_turnover,227,11,1,0,0
cand_turnover,227,12,1,0,0
cand_turnover,227,13,1,0,0
cand_turnover,227,14,1,0,0
cand_turnover,227,15,1,0,0
cand_turnover,227,16,1,0,0
cand_turnover,227,17,1,0,0
cand_turnover,227,18,1,0,0
cand_turnover,227,19,1,0,0
cand_turnover,227,20,1,0,0
cand_turnover,228,1,1,0,0
cand_turnover,228,2,2,1,0
cand_turnover,228,3,2,0,0
cand_turnover,228,4,2,0,0
cand_turnover,228,5,2,0,0
cand_turnover,228,6,2,0,0
cand_turnover,228,7,1,0,1
cand_turnover,228,8,1,0,0
cand_turnover,228,9,1,0,0
cand_turnover,228,10,1,0,0
cand_turnover,228,11,1,0,0
cand_turnover,228,12,1,0,0
cand_turnover,228,13,1,0,0
cand_turnover,228,14,1,0,0
cand_turnover,228,15,1,0,0
cand_turnover,228,16,1,0,0
cand_turnover,228,17,1,0,0
cand_turnover,228,18,1,0,0
cand_turnover,228,19,1,0,0
cand_turnover,228,20,1,0,0
cand_turnover,229,1,1,0,0
cand_turnover,229,2,3,2,0
cand_turnover,229,3,3,0,0
cand_turnover,229,4,3,0,0
cand_turnover,229,5,3,0,0
cand_turnover,229,6,3,0,0
cand_turnover,229,7,1,0,2
cand_turnover,229,8,1,0,0
cand_turnover,229,9,1,0,0
cand_turnover,229,10,1,0,0
cand_turnover,229,11,1,0,0
cand_turnover,229,12,1,0,0
cand_turnover,229,13,1,0,0
cand_turnover,229,14,1,0,0
cand_turnover,229,15,1,0,0
cand_turnover,229,16,1,0,0
cand_turnover,229,17,1,0,0
cand_turnover,229,18,1,0,0
cand_turnover,229,19,1,0,0
cand_turnover,229,20,1,0,0
cand_turnover,230,1,1,0,0
cand_turnover,230,2,1,0,0
cand_turnover,230,3,1,0,0
cand_turnover,230,4,1,0,0
cand_turnover,230,5,1,0,0
cand_turnover,230,6,1,0,0
cand_turnover,230,7,1,0,0
cand_turnover,230,8,1,0,0
cand_turnover,230,9,1,0,0
cand_turnover,230,10,1,0,0
cand_turnover,230,11,1,0,0
cand_turnover,230,12,1,0,0
cand_turnover,230,13,1,0,0
cand_turnover,230,14,1,0,0
cand_turnover,230,15,1,0,0
cand_turnover,230,16,1,0,0
cand_turnover,230,17,1,0,0
cand_turnover,230,18,1,0,0
cand_turnover,230,19,1,0,0
cand_turnover,230,20,1,0,0
cand_turnover,231,1,1,0,0
cand_turnover,231,2,2,1,0
cand_turnover,231,3,2,0,0
cand_turnover,231,4,2,0,0
cand_turnover,231,5,2,0,0
cand_turnover,231,6,2,0,0
cand_turnover,231,7,1,0,1
cand_turnover,231,8,1,0,0
cand_turnover,231,9,1,0,0
cand_turnover,231,10,1,0,0
cand_turnover,231,11,1,0,0
cand_turnover,231,12,1,0,0
cand_turnover,231,13,2,1,0
cand_turnover,231,14,3,1,0
cand_turnover,231,15,1,0,2
cand_turnover,231,16,1,0,0
cand_turnover,231,17,1,0,0
cand_turnover,231,18,1,0,0
cand_turnover,231,19,1,0,0
cand_turnover,231,20,1,0,0
cand_turnover,232,1,1,0,0
cand_turnover,232,2,3,2,0
cand_turnover,232,3,3,0,0
cand_turnover,232,4,3,0,0
cand_turnover,232,5,3,0,0
cand_turnover,232,6,3,0,0
cand_turnover,232,7,1,0,2
cand_turnover,232,8,1,0,0
cand_turnover,232,9,1,0,0
cand_turnover,232,10,1,0,0
cand_turnover,232,11,3,2,0
cand_turnover,232,12,3,0,0
cand_turnover,232,13,3,0,0
cand_turnover,232,14,1,0,2
cand_turnover,232,15,1,0,0
cand_turnover,232,16,1,0,0
cand_turnover,232,17,1,0,0
cand_turnover,232,18,1,0,0
cand_turnover,232,19,1,0,0
cand_turnover,232,20,3,2,0
cand_turnover,233,1,1,0,0
cand_turnover,233,2,1,0,0
cand_turnover,233,3,1,0,0
cand_turnover,233,4,1,0,0
cand_turnover,233,5,1,0,0
cand_turnover,233,6,1,0,0
cand_turnover,233,7,1,0,0
cand_turnover,233,8,1,0,0
cand_turnover,233,9,1,0,0
cand_turnover,233,10,1,0,0
cand_turnover,233,11,1,0,0
cand_turnover,233,12,1,0,0
cand_turnover,233,13,1,0,0
cand_turnover,233,14,1,0,0
cand_turnover,233,15,1,0,0
cand_turnover,233,16,1,0,0
cand_turnover,233,17,1,0,0
cand_turnover,233,18,1,0,0
cand_turnover,233,19,1,0,0
cand_turnover,233,20,1,0,0
cand_turnover,234,1,1,0,0
cand_turnover,234,2,2,1,0
cand_turnover,234,3,2,0,0
cand_turnover,234,4,2,0,0
cand_turnover,234,5,2,0,0
cand_turnover,234,6,2,0,0
cand_turnover,234,7,1,0,1
cand_turnover,234,8,1,0,0
cand_turnover,234,9,1,0,0
cand_turnover,234,10,1,0,0
cand_turnover,234,11,1,0,0
cand_turnover,234,12,3,2,0
cand_turnover,234,13,1,0,2
cand_turnover,234,14,1,0,0
cand_turnover,234,15,1,0,0
cand_turnover,234,16,1,0,0
cand_turnover,234,17,1,0,0
cand_turnover,234,18,1,0,0
cand_turnover,234,19,1,0,0
cand_turnover,234,20,1,0,0
cand_turnover,235,1,1,0,0
cand_turnover,235,2,3,2,0
cand_turnover,235,3,3,0,0
cand_turnover,235,4,3,0,0
cand_turnover,235,5,3,0,0
cand_turnover,235,6,3,0,0
cand_turnover,235,7,1,0,2
cand_turnover,235,8,1,0,0
cand_turnover,235,9,1,0,0
cand_turnover,235,10,1,0,0
cand_turnover,235,11,1,0,0
cand_turnover,235,12,1,0,0
cand_turnover,235,13,1,0,0
cand_turnover,235,14,1,0,0
cand_turnover,235,15,1,0,0
cand_turnover,235,16,1,0,0
cand_turnover,235,17,1,0,0
cand_turnover,235,18,1,0,0
cand_turnover,235,19,1,0,0
cand_turnover,235,20,1,0,0
cand_turnover,236,1,1,0,0
cand_turnover,236,2,1,0,0
cand_turnover,236,3,1,0,0
cand_turnover,236,4,1,0,0
cand_turnover,236,5,1,0,0
cand_turnover,236,6,1,0,0
cand_turnover,236,7,1,0,0
cand_turnover,236,8,1,0,0
cand_turnover,236,9,1,0,0
cand_turnover,236,10,1,0,0
cand_turnover,236,11,1,0,0
cand_turnover,236,12,1,0,0
cand_turnover,236,13,1,0,0
cand_turnover,236,14,1,0,0
cand_turnover,236,15,1,0,0
cand_turnover,236,16,1,0,0
cand_turnover,236,17,1,0,0
cand_turnover,236,18,1,0,0
cand_turnover,236,19,1,0,0
cand_turnover,236,20,1,0,0
cand_turnover,237,1,1,0,0
cand_turnover,237,2,2,1,0
cand_turnover,237,3,2,0,0
cand_turnover,237,4,2,0,0
cand_turnover,237,5,2,0,0
cand_turnover,237,6,2,0,0
cand_turnover,237,7,1,0,1
cand_turnover,237,8,1,0,0
cand_turnover,237,9,1,0,0
cand_turnover,237,10,1,0,0
cand_turnover,237,11,1,0,0
cand_turnover,237,12,1,0,0
cand_turnover,237,13,2,1,0
cand_turnover,237,14,3,1,0
cand_turnover,237,15,1,0,2
cand_turnover,237,16,3,2,0
cand_turnover,237,17,1,0,2
cand_turnover,237,18,2,1,0
cand_turnover,237,19,2,0,0
cand_turnover,237,20,2,0,0
cand_turnover,238,1,1,0,0
cand_turnover,238,2,3,2,0
cand_turnover,238,3,3,0,0
cand_turnover,238,4,3,0,0
cand_turnover,238,5,3,0,0
cand_turnover,238,6,3,0,0
cand_turnover,238,7,1,0,2
cand_turnover,238,8,1,0,0
cand_turnover,238,9,1,0,0
cand_turnover,238,10,1,0,0
cand_turnover,238,11,1,0,0
cand_turnover,238,12,3,2,0
cand_turnover,238,13,3,0,0
cand_turnover,238,14,1,0,2
cand_turnover,238,15,1,0,0
cand_turnover,238,16,1,0,0
cand_turnover,238,17,3,2,0
cand_turnover,238,18,3,0,0
cand_turnover,238,19,3,0,0
cand_turnover,238,20,3,0,0
cand_turnover,239,1,1,0,0
cand_turnover,239,2,1,0,0
cand_turnover,239,3,1,0,0
cand_turnover,239,4,1,0,0
cand_turnover,239,5,1,0,0
cand_turnover,239,6,1,0,0
cand_turnover,239,7,1,0,0
cand_turnover,239,8,1,0,0
cand_turnover,239,9,1,0,0
cand_turnover,239,10,1,0,0
cand_turnover,239,11,1,0,0
cand_turnover,239,12,1,0,0
cand_turnover,239,13,1,0,0
cand_turnover,239,14,1,0,0
cand_turnover,239,15,1,0,0
cand_turnover,239,16,1,0,0
cand_turnover,239,17,1,0,0
cand_turnover,239,18,1,0,0
cand_turnover,239,19,1,0,0
cand_turnover,239,20,1,0,0
cand_turnover,240,1,1,0,0
cand_turnover,240,2,2,1,0
cand_turnover,240,3,2,0,0
cand_turnover,240,4,2,0,0
cand_turnover,240,5,2,0,0
cand_turnover,240,6,2,0,0
cand_turnover,240,7,1,0,1
cand_turnover,240,8,1,0,0
cand_turnover,240,9,1,0,0
cand_turnover,240,10,1,0,0
cand_turnover,240,11,1,0,0
cand_turnover,240,12,1,0,0
cand_turnover,240,13,1,0,0
cand_turnover,240,14,1,0,0
cand_turnover,240,15,1,0,0
cand_turnover,240,16,1,0,0
cand_turnover,240,17,1,0,0
cand_turnover,240,18,1,0,0
cand_turnover,240,19,2,1,0
cand_turnover,240,20,2,0,0
cand_turnover,241,1,1,0,0
cand_turnover,241,2,3,2,0
cand_turnover,241,3,3,0,0
cand_turnover,241,4,3,0,0
cand_turnover,241,5,3,0,0
cand_turnover,241,6,3,0,0
cand_turnover,241,7,1,0,2
cand_turnover,241,8,1,0,0
cand_turnover,241,9,1,0,0
cand_turnover,241,10,1,0,0
cand_turnover,241,11,1,0,0
cand_turnover,241,12,1,0,0
cand_turnover,241,13,3,2,0
cand_turnover,241,14,1,0,2
cand_turnover,241,15,3,2,0
cand_turnover,241,16,3,0,0
cand_turnover,241,17,1,0,2
cand_turnover,241,18,1,0,0
cand_turnover,241,19,1,0,0
cand_turnover,241,20,1,0,0
cand_turnover,242,1,1,0,0
cand_turnover,242,2,1,0,0
cand_turnover,242,3,1,0,0
cand_turnover,242,4,1,0,0
cand_turnover,242,5,1,0,0
cand_turnover,242,6,1,0,0
cand_turnover,242,7,1,0,0
cand_turnover,242,8,1,0,0
cand_turnover,242,9,1,0,0
cand_turnover,242,10,1,0,0
cand_turnover,242,11,1,0,0
cand_turnover,242,12,1,0,0
cand_turnover,242,13,1,0,0
cand_turnover,242,14,1,0,0
cand_turnover,242,15,1,0,0
cand_turnover,242,16,1,0,0
cand_turnover,242,17,1,0,0
cand_turnover,242,18,1,0,0
cand_turnover,242,19,1,0,0
cand_turnover,242,20,1,0,0
